Date,AAPL,MSFT,OLS_Spread,Ratio_Spread,OLS_Signals,Ratio_Signals
2021-01-14,128.91000366210938,213.0200042724609,2.960983214528099,0.6051544506459987,0.0,0.0
2021-01-15,127.13999938964844,212.6499938964844,1.3404380173475943,0.5978838609867948,0.0,0.0
2021-01-19,127.83000183105467,216.44000244140625,0.49953427555816177,0.5906024782348646,0.0,0.0
2021-01-20,132.02999877929688,224.33999633789065,1.5084699478196626,0.5885263481079821,0.0,0.0
2021-01-21,136.8699951171875,224.97000122070312,6.093987078312864,0.6083922050696592,0.0,0.0
2021-01-22,139.07000732421875,225.9499969482422,7.898147534348709,0.6154901934168876,0.0,0.0
2021-01-25,142.9199981689453,229.52999877929688,10.3020606528504,0.6226636994250548,0.0,0.0
2021-01-26,143.16000366210938,232.3300018310547,9.411054979655432,0.6161924957337719,0.0,0.0
2021-01-27,142.05999755859375,232.8999938964844,8.080810773244764,0.6099613623078679,0.0,0.0
2021-01-28,137.08999633789062,238.92999267578125,0.6750993670707146,0.5737663773501908,0.0,0.0
2021-01-29,131.9600067138672,231.9600067138672,-1.6394890568213043,0.5688912006139301,0.0,0.0
2021-02-01,134.13999938964844,239.6499938964844,-2.5657292000499297,0.5597329555851753,0.0,0.0
2021-02-02,134.99000549316406,239.50999450683597,-1.6591728463921243,0.5636090709747449,0.0,0.0
2021-02-03,133.94000244140625,243.0,-4.118901212893746,0.5511934256847993,0.0,0.0
2021-02-04,137.38999938964844,242.00999450683597,-0.2690092478149211,0.567703824255769,0.0,0.0
2021-02-05,136.75999450683594,242.1999969482422,-0.9757622194307487,0.5646572924443982,0.0,0.0
2021-02-08,136.91000366210938,242.47000122070312,-0.9348164621155206,0.5646471851067876,0.0,0.0
2021-02-09,136.00999450683594,243.7700042724609,-2.359938605003663,0.5579439312591472,0.0,0.0
2021-02-10,135.38999938964844,242.82000732421875,-2.596199441689464,0.5575734919111203,0.0,0.0
2021-02-11,135.1300048828125,244.4900054931641,-3.5307598479055855,0.5527015495387632,0.0,0.0
2021-02-12,135.3699951171875,244.9900054931641,-3.4927356731120085,0.552553133115321,0.0,0.0
2021-02-16,133.19000244140625,243.6999969482422,-5.151652463604762,0.5465326389384141,0.0,0.0
2021-02-17,130.83999633789062,244.1999969482422,-7.70362462670181,0.5357903274897335,0.0,0.0
2021-02-18,129.7100067138672,243.7899932861328,-8.668000602624886,0.5320563201362757,0.0,0.0
2021-02-19,129.8699951171875,240.97000122070312,-7.36892682829307,0.5389467338643547,0.0,0.0
2021-02-22,126.0,234.50999450683597,-8.629517743741815,0.5372905332455974,0.0,0.0
2021-02-23,125.86000061035156,233.2700042724609,-8.26864525027787,0.5395464410561173,0.0,0.0
2021-02-24,125.3499984741211,234.5500030517578,-9.295680005955631,0.5344276139125025,0.0,0.0
2021-02-25,120.98999786376952,228.9900054931641,-11.409819019924058,0.5283636620000053,0.0,0.0
2021-02-26,121.26000213623048,232.3800048828125,-12.509144384884607,0.521817710595974,0.0,0.0
2021-03-01,127.79000091552734,236.94000244140625,-7.821075082808051,0.5393348510120363,0.0,0.0
2021-03-02,125.12000274658205,233.8699951171875,-9.250998687436137,0.5349980987680226,0.0,0.0
2021-03-03,122.05999755859376,227.55999755859372,-9.762193189669077,0.5363860031118383,0.0,0.0
2021-03-04,120.12999725341795,226.72999572753903,-11.356929096317899,0.5298372492265113,0.0,0.0
2021-03-05,121.41999816894533,231.6000061035156,-12.034081792303922,0.524265954097927,0.0,0.0
2021-03-08,116.36000061035156,227.38999938964844,-15.393522417275392,0.5117199565622087,0.0,1.0
2021-03-09,121.08999633789062,233.77999877929688,-13.244652684646496,0.5179655957317685,0.0,0.0
2021-03-10,119.9800033569336,232.4199981689453,-13.80529773700141,0.516220653567515,0.0,0.0
2021-03-11,121.95999908447266,237.1300048828125,-13.727825002666066,0.5143170268340532,0.0,0.0
2021-03-12,121.02999877929688,235.75,-14.100397011072289,0.5133828156067736,0.0,0.0
2021-03-15,123.98999786376952,234.80999755859372,-10.760700748424156,0.5280439468205754,0.0,0.0
2021-03-16,125.56999969482422,237.7100067138672,-10.35210576105078,0.5282486902033262,0.0,0.0
2021-03-17,124.76000213623048,237.0399932861328,-10.89146337591221,0.5263246948612242,0.0,0.0
2021-03-18,120.52999877929688,230.72000122070312,-12.56861894476424,0.5224081056761082,0.0,0.0
2021-03-19,119.98999786376952,230.3500061035156,-12.959166948526118,0.5209029506595626,0.0,0.0
2021-03-22,123.38999938964844,235.9900054931641,-11.83734232818523,0.5228611234267829,0.0,0.0
2021-03-23,122.54000091552734,237.5800018310547,-13.329591392531682,0.5157841567939151,0.0,0.0
2021-03-24,120.08999633789062,235.4600067138672,-14.923261849867913,0.5100229037359406,0.0,0.0
2021-03-25,120.58999633789062,232.33999633789065,-13.162989446889583,0.5190238367849388,0.0,0.0
2021-03-26,121.20999908447266,236.47999572753903,-14.215265427101201,0.512559207012694,0.0,0.0
2021-03-29,121.38999938964844,235.2400054931641,-13.534393238813095,0.516026171378303,0.0,0.0
2021-03-30,119.9000015258789,231.8500061035156,-13.655061465161054,0.5171446985959809,0.0,0.0
2021-03-31,122.1500015258789,235.7700042724609,-12.988474632657699,0.5180896607386906,0.0,0.0
2021-04-01,123.0,242.3500061035156,-14.796350242250128,0.5075304184125445,0.0,0.0
2021-04-05,125.9000015258789,249.07000732421875,-14.610773050226925,0.5054803783018029,0.0,0.0
2021-04-06,126.20999908447266,247.8600006103516,-13.812014915499503,0.509198736277263,0.0,0.0
2021-04-07,127.9000015258789,249.8999938964844,-12.946031285238917,0.5118047404949465,0.0,0.0
2021-04-08,130.36000061035156,253.25,-11.839207265367861,0.5147482748681207,0.0,0.0
2021-04-09,133.0,255.8500061035156,-10.24943385094889,0.5198358289121513,0.0,0.0
2021-04-12,131.24000549316406,255.91000366210935,-12.033663298772183,0.512836558223987,0.0,0.0
2021-04-13,134.42999267578125,258.489990234375,-9.885815559702053,0.5200587943614082,0.0,0.0
2021-04-14,132.02999877929688,255.58999633789065,-11.114408776020099,0.5165695084746309,0.0,0.0
2021-04-15,134.5,259.5,-10.223783620487382,0.5183044315992292,0.0,0.0
2021-04-16,134.16000366210938,260.739990234375,-11.064651841490388,0.5145355859740391,0.0,0.0
2021-04-19,134.83999633789062,258.739990234375,-9.57679492738339,0.5211409191742963,0.0,0.0
2021-04-20,133.11000061035156,258.260009765625,-11.112911127023466,0.5154108091730926,0.0,0.0
2021-04-21,133.5,260.5799865722656,-11.660024885290085,0.5123187001277129,0.0,0.0
2021-04-22,131.94000244140625,257.1700134277344,-11.842624765324842,0.5130458278662486,0.0,0.0
2021-04-23,134.32000732421875,261.1499938964844,-11.070261827481374,0.5143404574516706,0.0,0.0
2021-04-26,134.72000122070312,261.54998779296875,-10.831838313256128,0.5150831868030574,0.0,0.0
2021-04-27,134.38999938964844,261.9700012207031,-11.331497058252438,0.5129976667688307,0.0,0.0
2021-04-28,133.5800018310547,254.55999755859372,-9.148356134605706,0.5247485980208171,0.0,-1.0
2021-04-29,133.47999572753906,252.50999450683597,-8.420300161134463,0.5286127227883864,0.0,-1.0
2021-04-30,131.4600067138672,252.17999267578125,-10.306990835860773,0.5212943553491199,0.0,0.0
2021-05-03,132.5399932861328,251.8600006103516,-9.097749190490845,0.5262447112083638,0.0,0.0
2021-05-04,127.8499984741211,247.7899932861328,-12.143737319022478,0.5159611039114388,0.0,0.0
2021-05-05,128.10000610351562,246.47000122070312,-11.36054249736074,0.5197387327831742,0.0,0.0
2021-05-06,129.74000549316406,249.72999572753903,-11.037359597317845,0.5195211136539373,0.0,0.0
2021-05-07,130.2100067138672,252.4600067138672,-11.670097499660187,0.5157648865209944,0.0,0.0
2021-05-10,126.8499984741211,247.17999267578125,-12.897338479792495,0.5131887783511124,0.0,0.0
2021-05-11,125.91000366210938,246.22999572753903,-13.453599011302487,0.5113511994754393,0.0,0.0
2021-05-12,122.7699966430664,239.0,-13.67317853458212,0.5136819943224535,0.0,0.0
2021-05-13,124.97000122070312,243.02999877929688,-13.101019904090549,0.514216359496394,0.0,0.0
2021-05-14,127.4499969482422,248.1499938964844,-12.689154654340584,0.5136006451058301,0.0,0.0
2021-05-17,126.2699966430664,245.17999267578125,-12.669476072521434,0.515009382556113,0.0,0.0
2021-05-18,124.8499984741211,243.0800018310547,-13.241220489333728,0.5136169060953614,0.0,0.0
2021-05-19,124.69000244140624,243.1199951171875,-13.4173710948685,0.5128743210993558,0.0,0.0
2021-05-20,127.30999755859376,246.47999572753903,-12.154588144608837,0.5165124949909657,0.0,0.0
2021-05-21,125.43000030517578,245.1699981689453,-13.50543530808585,0.5116041980746056,0.0,0.0
2021-05-24,127.0999984741211,250.77999877929688,-14.101496574184864,0.5068187219586741,0.0,0.0
2021-05-25,126.9000015258789,251.72000122070312,-14.681190700602542,0.504131578382663,0.0,0.0
2021-05-26,126.8499984741211,251.4900054931641,-14.638291090737084,0.5043937957907002,0.0,0.0
2021-05-27,125.27999877929688,249.30999755859372,-15.327715560758435,0.5025069191212563,0.0,0.0
2021-05-28,124.61000061035156,249.67999267578125,-16.147166641469227,0.49907883797546515,0.0,1.0
2021-06-01,124.27999877929688,247.3999938964844,-15.556203733913776,0.5023443890273391,0.0,0.0
2021-06-02,125.05999755859376,247.3000030517578,-14.735815440809588,0.5057015609191875,0.0,0.0
2021-06-03,123.54000091552734,245.7100067138672,-15.61356149365065,0.5027878293104743,0.0,0.0
2021-06-04,125.88999938964844,250.7899932861328,-15.315532760983729,0.5019737739137673,0.0,0.0
2021-06-07,125.9000015258789,253.80999755859372,-16.525407350409324,0.49604035592338735,0.0,0.0
2021-06-08,126.73999786376952,252.57000732421875,-15.18453912940636,0.5018014577680083,0.0,0.0
2021-06-09,127.12999725341795,253.58999633789065,-15.20654606357327,0.5013210264178807,0.0,0.0
2021-06-10,126.11000061035156,257.239990234375,-17.700892476178126,0.49024259601102826,1.0,1.0
2021-06-11,127.3499984741211,257.8900146484375,-16.723460351488484,0.49381515855791464,0.0,0.0
2021-06-14,130.47999572753906,259.8900146484375,-14.401327336396264,0.5020585185007743,0.0,0.0
2021-06-15,129.63999938964844,258.3599853515625,-14.623295698018865,0.5017804874591599,0.0,0.0
2021-06-16,130.14999389648438,257.3800048828125,-13.717455603702518,0.5056725131221552,0.0,0.0
2021-06-17,131.7899932861328,260.8999938964844,-13.4992928357766,0.5051360535425014,0.0,0.0
2021-06-18,130.4600067138672,259.42999267578125,-14.235498699791606,0.5028717202983837,0.0,0.0
2021-06-21,132.3000030517578,262.6300048828125,-13.688090074034164,0.50375052580451,0.0,0.0
2021-06-22,133.97999572753906,265.510009765625,-13.171423873766798,0.5046137275419782,0.0,0.0
2021-06-23,133.6999969482422,265.2699890136719,-13.354470562084174,0.5040147867663664,0.0,0.0
2021-06-24,133.41000366210938,266.69000244140625,-14.218052881321455,0.5002437378259822,0.0,0.0
2021-06-25,133.11000061035156,265.0199890136719,-13.843483870184059,0.5022640032012252,0.0,0.0
2021-06-28,134.77999877929688,268.7200012207031,-13.66803947295341,0.5015629583471175,0.0,0.0
2021-06-29,136.3300018310547,271.3999938964844,-13.200571542064893,0.5023213150220364,0.0,0.0
2021-06-30,136.9600067138672,270.8999938964844,-12.368600599670941,0.5055740487251617,0.0,0.0
2021-07-01,137.27000427246094,271.6000061035156,-12.341360455303203,0.50541237550688,0.0,0.0
2021-07-02,139.9600067138672,277.6499938964844,-12.095142404020322,0.5040879156872885,0.0,0.0
2021-07-06,142.02000427246094,277.6600036621094,-10.039188111267805,0.511488879922685,-1.0,-1.0
2021-07-07,144.57000732421875,279.92999267578125,-8.406106532278898,0.5164505808838488,-1.0,-1.0
2021-07-08,143.24000549316406,277.4200134277344,-8.722247126615201,0.51632902660239,-1.0,-1.0
2021-07-09,145.11000061035156,277.94000244140625,-7.062292273661569,0.5220910964082719,-1.0,-1.0
2021-07-12,144.5,277.32000732421875,-7.421856942456969,0.5210586909838892,0.0,-1.0
2021-07-13,145.63999938964844,280.9800109863281,-7.760250588188228,0.5183286842306194,0.0,0.0
2021-07-14,149.14999389648438,282.510009765625,-4.868271730590294,0.5279458735646985,-1.0,-1.0
2021-07-15,148.47999572753906,281.0299987792969,-4.940445925443754,0.5283421569671849,0.0,0.0
2021-07-16,146.38999938964844,280.75,-6.91734176304999,0.5214247529462099,0.0,0.0
2021-07-19,142.4499969482422,277.010009765625,-9.346642023436686,0.5142413339820012,0.0,0.0
2021-07-20,146.14999389648438,279.32000732421875,-6.579727284298343,0.5232349637125772,0.0,0.0
2021-07-21,145.39999389648438,281.3999938964844,-8.169900668263892,0.5167021927867246,0.0,0.0
2021-07-22,146.8000030517578,286.1400146484375,-8.684538140202903,0.5130355613915861,0.0,0.0
2021-07-23,148.55999755859375,289.6700134277344,-8.35042352093069,0.5128594285637228,0.0,0.0
2021-07-26,148.99000549316406,289.04998779296875,-7.669967317774194,0.5154471952438819,0.0,0.0
2021-07-27,146.77000427246094,286.5400085449219,-8.876107301758907,0.5122146991541368,0.0,0.0
2021-07-28,144.97999572753906,286.2200012207031,-10.536854610061482,0.5065334187310885,0.0,0.0
2021-07-29,145.63999938964844,286.5,-9.989951448236496,0.5083420572064518,0.0,0.0
2021-07-30,145.86000061035156,284.9100036621094,-9.127699637308012,0.5119511380279053,0.0,0.0
2021-08-02,145.52000427246094,284.82000732421875,-9.431343563717576,0.5109191788862338,0.0,0.0
2021-08-03,147.36000061035156,287.1199951171875,-8.520386169089534,0.5132348952228383,0.0,0.0
2021-08-04,146.9499969482422,286.510009765625,-8.68399715548398,0.5128965548828549,0.0,0.0
2021-08-05,147.05999755859375,289.5199890136719,-9.789823841432252,0.5079441943183038,0.0,0.0
2021-08-06,146.13999938964844,289.4599914550781,-10.68558706939018,0.5048711521582705,0.0,0.0
2021-08-09,146.08999633789062,288.3299865722656,-10.279144854169147,0.5066763886567703,0.0,0.0
2021-08-10,145.60000610351562,286.44000244140625,-10.005709793381925,0.508308912381396,0.0,0.0
2021-08-11,145.86000061035156,286.95001220703125,-9.951724611968672,0.5083115330384276,0.0,0.0
2021-08-12,148.88999938964844,289.8099975585937,-8.076965776503187,0.5137503904072388,0.0,0.0
2021-08-13,149.10000610351562,292.8500061035156,-9.094916156459533,0.5091343793614683,0.0,0.0
2021-08-16,151.1199951171875,294.6000061035156,-7.781808351322695,0.512966707353317,0.0,0.0
2021-08-17,150.19000244140625,293.0799865722656,-8.097816316677182,0.512453969300198,0.0,0.0
2021-08-18,146.36000061035156,290.7300109863281,-10.978587529323136,0.5034224025026239,0.0,1.0
2021-08-19,146.6999969482422,296.7699890136719,-13.078332315714647,0.49432221039535057,1.0,1.0
2021-08-20,148.19000244140625,304.3599853515625,-14.654170127753162,0.48689055583385504,1.0,1.0
2021-08-23,149.7100067138672,304.6499938964844,-13.251309621417874,0.49141641133508923,0.0,1.0
2021-08-24,149.6199951171875,302.6199951171875,-12.521339509278135,0.4944154303460622,0.0,0.0
2021-08-25,148.36000061035156,302.010009765625,-13.534941340399115,0.49124199799035273,0.0,0.0
2021-08-26,147.5399932861328,299.0899963378906,-13.17546145276907,0.49329631580005306,0.0,0.0
2021-08-27,148.60000610351562,299.7200012207031,-12.369927842783682,0.4957960946826898,0.0,0.0
2021-08-30,153.1199951171875,303.5899963378906,-9.413154157947304,0.5043644288817984,0.0,0.0
2021-08-31,151.8300018310547,301.8800048828125,-10.012426971880018,0.5029481892647839,0.0,0.0
2021-09-01,152.50999450683594,301.8299865722656,-9.312230293922624,0.5052844359131337,0.0,0.0
2021-09-02,153.64999389648438,301.1499938964844,-7.897560021730641,0.5102108484494912,0.0,0.0
2021-09-03,154.3000030517578,301.1400146484375,-7.243519927645991,0.5123862507342095,0.0,0.0
2021-09-07,156.69000244140625,300.17999267578125,-4.465736828139569,0.5219868287845691,-1.0,0.0
2021-09-08,155.11000061035156,300.2099914550781,-6.057856129687934,0.5166716799082999,0.0,0.0
2021-09-09,154.07000732421875,297.25,-5.9022137946670625,0.5183179388535534,0.0,0.0
2021-09-10,148.97000122070312,295.7099914550781,-10.380160983103451,0.5037706047322836,0.0,0.0
2021-09-13,149.5500030517578,296.989990234375,-10.317191771496027,0.5035523349919563,0.0,0.0
2021-09-14,148.1199951171875,299.7900085449219,-12.878217035940395,0.49407915839527566,0.0,0.0
2021-09-15,149.02999877929688,304.82000732421875,-13.99999144013907,0.4889114729952178,0.0,0.0
2021-09-16,148.7899932861328,305.2200012207031,-14.40156731556229,0.4874844135084826,0.0,0.0
2021-09-17,146.05999755859375,299.8699951171875,-14.970523740173974,0.48707773347418215,0.0,0.0
2021-09-20,142.94000244140625,294.29998779296875,-15.84061399513709,0.4856948976224908,0.0,0.0
2021-09-21,143.42999267578125,294.79998779296875,-15.552589820343542,0.48653323817811295,0.0,0.0
2021-09-22,145.85000610351562,298.5799865722656,-14.659439309963602,0.4884788420613563,0.0,0.0
2021-09-23,146.8300018310547,299.5599975585937,-14.075301496934912,0.4901522333679912,0.0,0.0
2021-09-24,146.9199981689453,299.3500061035156,-13.900482865588515,0.49079671011645204,0.0,0.0
2021-09-27,145.3699951171875,294.1700134277344,-13.35812049856986,0.4941699985777068,0.0,0.0
2021-09-28,141.91000366210938,283.5199890136719,-12.516225022939409,0.5005290955173753,0.0,0.0
2021-09-29,142.8300018310547,284.0,-11.790118708923046,0.5029225416586433,0.0,0.0
2021-09-30,141.5,281.9200134277344,-12.279947156012184,0.5019154130973792,0.0,0.0
2021-10-01,142.64999389648438,289.1000061035156,-14.030182916630025,0.49342784809699,0.0,0.0
2021-10-04,139.13999938964844,283.1099853515625,-15.120615647299957,0.4914697700148799,0.0,0.0
2021-10-05,141.11000061035156,288.760009765625,-15.432840761491065,0.48867570244537994,0.0,0.0
2021-10-06,142.0,293.1099853515625,-16.29993622857711,0.4844597833461119,0.0,0.0
2021-10-07,143.2899932861328,294.8500061035156,-15.712793212168094,0.4859758871289516,0.0,0.0
2021-10-08,142.89999389648438,294.8500061035156,-16.10279260181653,0.48465318276546077,0.0,0.0
2021-10-11,142.80999755859375,294.2300109863281,-15.942352998150966,0.4853685627780154,0.0,0.0
2021-10-12,141.50999450683594,292.8800048828125,-16.697045223632927,0.4831671406296824,0.0,0.0
2021-10-13,140.91000366210938,296.3099975585937,-18.68252027860092,0.47554927212418874,1.0,1.0
2021-10-14,143.75999450683594,302.75,-18.43385326744567,0.47484721554693954,0.0,0.0
2021-10-15,144.83999633789062,304.2099914550781,-17.94358887880037,0.47611847212874586,0.0,0.0
2021-10-18,146.5500030517578,307.2900085449219,-17.477699995091626,0.4769110578820986,0.0,0.0
2021-10-19,148.75999450683594,308.2300109863281,-15.64740571818902,0.4826265749749928,0.0,0.0
2021-10-20,149.25999450683594,307.4100036621094,-14.81617842198824,0.48554045974019605,0.0,0.0
2021-10-21,149.47999572753906,310.760009765625,-15.949352265886745,0.4810142586888087,0.0,0.0
2021-10-22,148.69000244140625,309.1600036621094,-16.093051695952965,0.4809483784452086,0.0,0.0
2021-10-25,148.63999938964844,308.1300048828125,-15.727005158054226,0.48239378520173315,0.0,0.0
2021-10-26,149.32000732421875,310.1099853515625,-15.846774930127197,0.4815066085503151,0.0,0.0
2021-10-27,148.85000610351562,323.1700134277344,-21.592140967965037,0.46059349543208994,1.0,1.0
2021-10-28,152.57000732421875,324.3500061035156,-18.34877668938688,0.47038694143118454,0.0,0.0
2021-10-29,149.8000030517578,331.6199951171875,-24.055363030431096,0.45172186616437787,1.0,1.0
2021-11-01,148.9600067138672,329.3699951171875,-23.98651210020526,0.45225736685841184,1.0,1.0
2021-11-02,150.02000427246094,333.1300048828125,-24.44530325431353,0.4503347103940233,1.0,1.0
2021-11-03,151.49000549316406,334.0,-23.326721004957307,0.453562890698096,0.0,0.0
2021-11-04,150.9600067138672,336.44000244140625,-24.84231514117397,0.4486981500963403,0.0,0.0
2021-11-05,151.27999877929688,336.0599975585937,-24.36882689813757,0.45015770957065626,0.0,0.0
2021-11-08,150.44000244140625,336.989990234375,-25.58447714836248,0.44642276269623293,0.0,0.0
2021-11-09,150.80999755859375,335.95001220703125,-24.794401502707217,0.4489060636368013,0.0,0.0
2021-11-10,147.9199981689453,330.79998779296875,-25.604140617042844,0.4471584148350123,0.0,0.0
2021-11-11,147.8699951171875,332.42999267578125,-26.312554995360955,0.44481544498123854,0.0,0.0
2021-11-12,149.99000549316406,336.7200012207031,-25.925416862161512,0.44544430075258024,0.0,0.0
2021-11-15,150.0,336.07000732421875,-25.652868943275706,0.4463355751210778,0.0,0.0
2021-11-16,151.0,339.510009765625,-26.042396419358397,0.4447586099279968,0.0,0.0
2021-11-17,153.49000549316406,339.1199951171875,-23.39485148274639,0.4526126672068497,0.0,0.0
2021-11-18,157.8699951171875,341.2699890136719,-19.883313449517146,0.46259559937707545,0.0,0.0
2021-11-19,160.5500030517578,343.1099853515625,-17.946539134962904,0.46792576697309657,0.0,0.0
2021-11-22,161.02000427246094,339.8299865722656,-16.151641056486767,0.4738251791626978,0.0,0.0
2021-11-23,161.41000366210938,337.67999267578125,-14.893190076044164,0.4779969413736779,-1.0,-1.0
2021-11-24,161.94000244140625,337.9100036621094,-14.456100121885527,0.4792400363599089,-1.0,-1.0
2021-11-26,156.80999755859375,329.67999267578125,-16.261739226256793,0.4756430509655044,0.0,0.0
2021-11-29,160.24000549316406,336.6300048828125,-15.63906445068045,0.4760122483702745,0.0,0.0
2021-11-30,165.3000030517578,330.5899963378906,-8.139313440774544,0.5000151392445867,-1.0,-1.0
2021-12-01,164.77000427246094,330.0799865722656,-8.463302894648763,0.49918204973141334,-1.0,-1.0
2021-12-02,163.75999450683594,329.489990234375,-9.234994189211278,0.49701052948634067,0.0,0.0
2021-12-03,161.83999633789062,323.010009765625,-8.537520115280358,0.5010370931084185,0.0,0.0
2021-12-06,165.32000732421875,326.19000244140625,-6.34201030940298,0.5068211965016166,0.0,0.0
2021-12-07,171.17999267578125,334.9200134277344,-4.008356795863165,0.511107087700857,0.0,0.0
2021-12-08,175.0800018310547,334.9700012207031,-0.12853931573584987,0.522673675830747,0.0,0.0
2021-12-09,174.55999755859375,333.1000061035156,0.1068075023129893,0.5240468158512934,0.0,0.0
2021-12-10,179.4499969482422,342.5400085449219,1.1836867009014895,0.5238804007465554,0.0,0.0
2021-12-13,175.74000549316406,339.3999938964844,-1.2579519830308072,0.5177961362803207,0.0,0.0
2021-12-14,174.3300018310547,328.3399963378906,1.7995326066387918,0.5309435456399708,0.0,0.0
2021-12-15,179.3000030517578,334.6499938964844,4.220723141586575,0.5357836734556158,0.0,0.0
2021-12-16,172.25999450683594,324.8999938964844,1.1190527585027041,0.5301938988700606,0.0,0.0
2021-12-17,171.13999938964844,323.79998779296875,0.443385437800373,0.5285361514561635,0.0,0.0
2021-12-20,169.75,319.9100036621094,0.6246755816399059,0.5306179802345001,0.0,0.0
2021-12-21,172.99000549316406,327.2900085449219,0.8836600630571638,0.5285526627050104,0.0,0.0
2021-12-22,175.63999938964844,333.20001220703125,1.1464136560453824,0.5271308311973166,0.0,0.0
2021-12-23,176.27999877929688,334.69000244140625,1.1845581327907269,0.5266963383830325,0.0,0.0
2021-12-27,180.3300018310547,342.45001220703125,2.100043995195051,0.5265878096159464,0.0,0.0
2021-12-28,179.2899932861328,341.25,1.5447589240806394,0.5253919217176053,0.0,0.0
2021-12-29,179.3800048828125,341.95001220703125,1.352013106534315,0.5245796124557766,0.0,0.0
2021-12-30,178.1999969482422,339.32000732421875,1.2343486176871465,0.5251679626953824,0.0,0.0
2021-12-31,177.57000732421875,336.32000732421875,1.8161553511523323,0.5279793157028507,0.0,0.0
2022-01-03,182.00999450683597,334.75,6.890318919342462,0.5437191770181806,-1.0,-1.0
2022-01-04,179.6999969482422,329.010009765625,6.898887780093958,0.5461839810778221,-1.0,-1.0
2022-01-05,174.9199981689453,316.3800048828125,7.220553638148942,0.5528794344438293,-1.0,-1.0
2022-01-06,172.0,313.8800048828125,5.31038576711083,0.5479801112664581,0.0,0.0
2022-01-07,172.1699981689453,314.0400085449219,5.415753317746464,0.5482422413840854,0.0,0.0
2022-01-10,172.19000244140625,314.2699890136719,5.342861092099156,0.5479046948829573,0.0,0.0
2022-01-11,175.0800018310547,314.9800109863281,7.946059801680349,0.555844801969526,0.0,0.0
2022-01-12,175.52999877929688,318.2699890136719,7.067128953338283,0.5515128816363414,0.0,0.0
2022-01-13,172.19000244140625,304.79998779296875,9.168098753652771,0.5649278521571464,0.0,-1.0
2022-01-14,173.07000732421875,310.20001220703125,7.86686033136175,0.5579303691603652,0.0,0.0
2022-01-18,169.8000030517578,302.6499938964844,7.646550954798499,0.5610441317564825,0.0,0.0
2022-01-19,166.22999572753906,303.3299865722656,3.801872748036203,0.5480170213502326,0.0,0.0
2022-01-20,164.50999450683594,301.6000061035156,2.78066620418565,0.5454575304297989,0.0,0.0
2022-01-21,162.41000366210938,296.0299987792969,2.9305802216834707,0.5486268429950338,0.0,0.0
2022-01-24,161.6199951171875,296.3699951171875,2.0032362354898225,0.5453318412117982,0.0,0.0
2022-01-25,159.77999877929688,288.489990234375,3.346226968927425,0.5538493680473573,0.0,0.0
2022-01-26,159.69000244140625,296.7099914550781,-0.06409188156320056,0.5382023087873781,0.0,0.0
2022-01-27,159.22000122070312,299.8399963378906,-1.798402607570921,0.5310165527125927,1.0,0.0
2022-01-28,170.3300018310547,308.260009765625,5.910484135536052,0.5525530280770422,0.0,0.0
2022-01-31,174.77999877929688,310.9800109863281,9.261785226574034,0.5620296887409296,0.0,0.0
2022-02-01,174.61000061035156,308.760009765625,9.988516855251476,0.5655201291867277,0.0,0.0
2022-02-02,175.83999633789062,313.4599914550781,9.320039018943078,0.5609647200002882,0.0,0.0
2022-02-03,172.89999389648438,301.25,11.312044300947093,0.5739418884530602,0.0,-1.0
2022-02-04,172.38999938964844,305.94000244140625,8.907607169074879,0.5634764921683121,0.0,0.0
2022-02-07,171.66000366210938,300.95001220703125,10.193228771508927,0.5703937421475167,0.0,0.0
2022-02-08,174.8300018310547,304.5599975585937,11.905037907250687,0.5740412504351281,0.0,0.0
2022-02-09,176.27999877929688,311.2099914550781,10.668888728465788,0.5664342521751656,0.0,0.0
2022-02-10,172.1199951171875,302.3800048828125,10.075600254671372,0.5692175155030264,0.0,0.0
2022-02-11,168.63999938964844,295.0400085449219,9.560464802544175,0.5715834954769256,0.0,0.0
2022-02-14,168.8800048828125,295.0,9.816631032043148,0.5724745928230932,0.0,0.0
2022-02-15,172.7899932861328,300.4700012207031,11.517110250461371,0.575065705674937,0.0,0.0
2022-02-16,172.5500030517578,299.5,11.66893466475554,0.5761268883197256,0.0,0.0
2022-02-17,168.8800048828125,290.7300109863281,11.541416743137802,0.5808826006983994,0.0,0.0
2022-02-18,167.3000030517578,287.92999267578125,11.09243224195717,0.5810440291301754,0.0,0.0
2022-02-22,164.32000732421875,287.7200012207031,8.197258807873908,0.5711108252018003,0.0,0.0
2022-02-23,160.07000732421875,280.2699890136719,6.956558026449329,0.5711278895308708,0.0,0.0
2022-02-24,162.74000549316406,294.5899963378906,3.8422452904951,0.5524288248624151,0.0,0.0
2022-02-25,164.85000610351562,297.3099975585937,4.853550043642485,0.5544717885614562,0.0,0.0
2022-02-28,165.1199951171875,298.7900085449219,4.525715083222451,0.552628904565135,0.0,0.0
2022-03-01,163.1999969482422,294.95001220703125,4.156814772618986,0.5533140877908792,0.0,0.0
2022-03-02,166.55999755859375,300.19000244140625,5.400215023206698,0.5548485832438887,0.0,0.0
2022-03-03,166.22999572753906,295.9200134277344,6.794998903246665,0.5617396194398779,0.0,0.0
2022-03-04,163.1699981689453,289.8599853515625,6.182841327647537,0.562926952373372,0.0,0.0
2022-03-07,159.3000030517578,278.9100036621094,6.735895519075484,0.5711519879535935,0.0,0.0
2022-03-08,157.44000244140625,275.8500061035156,6.1119262071999,0.5707449663145022,0.0,0.0
2022-03-09,162.9499969482422,288.5,6.512181872031505,0.5648180136854148,0.0,0.0
2022-03-10,158.52000427246094,285.5899963378906,3.2576331422578164,0.5550614738091556,0.0,0.0
2022-03-11,154.72999572753906,280.07000732421875,1.6973254573841814,0.5524689958979373,0.0,0.0
2022-03-14,150.6199951171875,276.44000244140625,-0.9463995880813343,0.5448560041490835,1.0,0.0
2022-03-15,155.08999633789062,287.1499938964844,-0.8025079120441774,0.5401009912394409,0.0,0.0
2022-03-16,159.58999633789062,294.3900146484375,0.7730151628362307,0.5421039722711861,0.0,0.0
2022-03-17,160.6199951171875,295.2200012207031,1.467755707121114,0.5440688112358275,0.0,0.0
2022-03-18,163.97999572753906,300.42999267578125,2.7232734282025035,0.5458176604374629,0.0,0.0
2022-03-21,165.3800048828125,299.1600036621094,4.636271937082,0.5528145569539549,0.0,0.0
2022-03-22,168.82000732421875,304.0599975585937,6.097009459996201,0.5552193931452176,0.0,0.0
2022-03-23,170.2100067138672,299.489990234375,9.332981592706147,0.5683328734314765,0.0,0.0
2022-03-24,174.07000732421875,304.1000061035156,11.330848723661262,0.5724104039148402,-1.0,0.0
2022-03-25,174.72000122070312,303.67999267578125,12.15049953408726,0.5753424836493589,-1.0,0.0
2022-03-28,175.60000610351562,310.70001220703125,10.194893051077202,0.5651754078030311,0.0,0.0
2022-03-29,178.9600067138672,315.4100036621094,11.652376831740014,0.5673884931867362,0.0,0.0
2022-03-30,177.77000427246094,313.8599853515625,11.088476571254205,0.5663990714628253,0.0,0.0
2022-03-31,174.61000061035156,308.3099975585937,10.170291239686833,0.5663455677500931,0.0,0.0
2022-04-01,174.30999755859375,309.4200134277344,9.42191712560259,0.5633442892966074,0.0,0.0
2022-04-04,178.44000244140625,314.9700012207031,11.310103677873144,0.5665301512837448,0.0,0.0
2022-04-05,175.05999755859375,310.8800048828125,9.582179683193203,0.5631111515987763,0.0,0.0
2022-04-06,171.8300018310547,299.5,10.948933444052415,0.5737228775661258,0.0,0.0
2022-04-07,172.13999938964844,301.3699951171875,10.503579912136388,0.5711915657785106,0.0,0.0
2022-04-08,170.08999633789062,296.9700012207031,10.230875719289202,0.5727514416901746,0.0,0.0
2022-04-11,165.75,285.260009765625,10.62092104522742,0.5810488478079466,0.0,0.0
2022-04-12,167.66000366210938,282.0599975585937,13.823512419470035,0.5944125544682406,0.0,-1.0
2022-04-13,170.39999389648438,287.6199951171875,14.317641057461827,0.5924483582132627,0.0,0.0
2022-04-14,165.2899932861328,279.8299865722656,12.35427510695743,0.5906800600994452,0.0,0.0
2022-04-18,165.07000732421875,280.5199890136719,11.85557499665859,0.588442940927727,0.0,0.0
2022-04-19,167.39999389648438,285.29998779296875,12.254766532406904,0.5867507923553089,0.0,0.0
2022-04-20,167.22999572753906,286.3599853515625,11.656601303311334,0.5839852084160144,0.0,0.0
2022-04-21,166.4199981689453,280.8099975585937,13.08842207525953,0.5926427107860367,0.0,0.0
2022-04-22,161.7899932861328,274.0299987792969,11.197076467290088,0.5904097872745607,0.0,0.0
2022-04-25,162.8800048828125,280.7200012207031,9.584781200607779,0.5802223004222475,0.0,0.0
2022-04-26,156.8000030517578,270.2200012207031,7.74606662076323,0.5802679385072271,1.0,0.0
2022-04-27,156.57000732421875,283.2200012207031,2.264953344106857,0.5528211519292008,1.0,1.0
2022-04-28,163.63999938964844,289.6300048828125,6.745739046458908,0.5649967083205312,0.0,0.0
2022-04-29,157.64999389648438,277.5199890136719,5.6473579264128375,0.5680671668256582,0.0,0.0
2022-05-02,157.9600067138672,284.4700012207031,3.15003758480168,0.5552782579394568,1.0,0.0
2022-05-03,159.47999572753906,281.7799987792969,5.756604985184083,0.5659734417574868,0.0,0.0
2022-05-04,166.02000427246094,289.9800109863281,8.984365222158402,0.572522235956079,0.0,0.0
2022-05-05,156.77000427246094,277.3500061035156,4.83602985951029,0.5652424763745976,0.0,0.0
2022-05-06,157.27999877929688,274.7300109863281,6.404324546228139,0.5724893258462538,0.0,0.0
2022-05-09,152.05999755859375,264.5799865722656,5.284244196652168,0.5747222211649069,0.0,0.0
2022-05-10,154.50999450683594,269.5,5.746889694719812,0.5733209443667382,0.0,0.0
2022-05-11,146.5,260.54998779296875,1.352092585203593,0.5622721430192809,0.0,0.0
2022-05-12,142.55999755859375,255.3500061035156,-0.4874702327737168,0.558292516745826,0.0,0.0
2022-05-13,147.11000061035156,261.1199951171875,1.7318489291451158,0.5633808339508063,0.0,0.0
2022-05-16,145.5399932861328,261.5,0.00834542731968213,0.5565582917251732,0.0,0.0
2022-05-17,149.24000549316406,266.82000732421875,1.5594358019172319,0.5593283914118903,0.0,0.0
2022-05-18,140.82000732421875,254.0800018310547,-1.7144649500276614,0.5542349114821487,0.0,0.0
2022-05-19,137.35000610351562,253.13999938964844,-4.804768992555296,0.5425851561771483,1.0,1.0
2022-05-20,137.58999633789062,252.55999755859372,-4.3304973894440195,0.5447814288403683,0.0,0.0
2022-05-23,143.11000061035156,260.6499938964844,-2.078302481767139,0.5490504659945892,0.0,0.0
2022-05-24,140.36000061035156,259.6199951171875,-4.412252892110587,0.5406363271326453,0.0,0.0
2022-05-25,140.52000427246094,262.5199890136719,-5.423649910167512,0.5352735416469286,0.0,1.0
2022-05-26,143.77999877929688,265.8999938964844,-3.5289479384268816,0.5407296054142477,0.0,0.0
2022-05-27,149.63999938964844,273.239990234375,-0.6338076034872131,0.5476504345549598,0.0,0.0
2022-05-31,148.83999633789062,271.8699951171875,-0.8804256243166719,0.5474675359954094,0.0,0.0
2022-06-01,148.7100067138672,272.4200134277344,-1.2325853100977042,0.5458850282059615,0.0,0.0
2022-06-02,151.2100067138672,274.5799865722656,0.3949321602968894,0.5506956592193977,0.0,0.0
2022-06-03,145.3800048828125,270.0199890136719,-3.5931401935374936,0.5384046026142587,0.0,0.0
2022-06-06,146.13999938964844,268.75,-2.320156333095497,0.5437767419149709,0.0,0.0
2022-06-07,148.7100067138672,272.5,-1.264894455737533,0.5457247952802465,0.0,0.0
2022-06-08,147.9600067138672,270.4100036621094,-1.1706778059307226,0.5471691309865537,0.0,0.0
2022-06-09,142.63999938964844,264.7900085449219,-4.220588592778938,0.5386910184922987,0.0,0.0
2022-06-10,137.1300048828125,252.9900054931641,-4.964182860790004,0.5420372422044862,0.0,0.0
2022-06-13,131.8800048828125,242.25999450683597,-5.8799867844415985,0.5443738457572332,0.0,0.0
2022-06-14,132.75999450683594,244.4900054931641,-5.900770223882148,0.5430078593153285,0.0,0.0
2022-06-15,135.42999267578125,251.75999450683597,-6.167354123520113,0.5379329346629135,0.0,0.0
2022-06-16,130.05999755859375,244.97000122070312,-8.794652863538317,0.5309221411213432,1.0,1.0
2022-06-17,131.55999755859375,247.6499938964844,-8.377187984407612,0.531233599034873,0.0,0.0
2022-06-21,135.8699951171875,253.7400054931641,-6.527141715787138,0.5354693472679377,0.0,0.0
2022-06-22,135.35000610351562,253.1300048828125,-6.800731890229088,0.534705501096863,0.0,0.0
2022-06-23,138.27000427246094,258.8599853515625,-6.195256874787816,0.5341497801781682,0.0,0.0
2022-06-24,141.66000366210938,267.70001220703125,-6.376028266325562,0.5291744385598075,0.0,0.0
2022-06-27,141.66000366210938,264.8900146484375,-5.240979997640295,0.534788009469216,0.0,0.0
2022-06-28,137.44000244140625,256.4800109863281,-6.063910616940063,0.5358702298587027,0.0,0.0
2022-06-29,139.22999572753906,260.260009765625,-5.800780248161715,0.5349649984756455,0.0,0.0
2022-06-30,136.72000122070312,256.8299865722656,-6.925278217726202,0.5323365976279155,0.0,0.0
2022-07-01,138.92999267578125,259.5799865722656,-5.82610009034596,0.5352107244874362,0.0,0.0
2022-07-05,141.55999755859375,262.8500061035156,-4.516961126495261,0.538558091198387,0.0,0.0
2022-07-06,142.9199981689453,266.2099914550781,-4.5141665195565395,0.536869399182797,0.0,0.0
2022-07-07,146.35000610351562,268.3999938964844,-1.9687709121153034,0.5452682914738046,-1.0,0.0
2022-07-08,147.0399932861328,267.6600036621094,-0.9798779059672142,0.5493536250255538,-1.0,-1.0
2022-07-11,144.8699951171875,264.510009765625,-1.877492364955458,0.5476919200356644,0.0,0.0
2022-07-12,145.86000061035156,253.6699981689453,3.4911419842055125,0.5749990210241898,-1.0,-1.0
2022-07-13,145.49000549316406,252.72000122070312,3.504881147519768,0.5756964418740488,-1.0,-1.0
2022-07-14,148.47000122070312,254.0800018310547,5.935528946456714,0.5843435144471749,-1.0,-1.0
2022-07-15,150.1699981689453,256.7200012207031,6.56914534664952,0.5849563627878126,-1.0,-1.0
2022-07-18,147.07000732421875,254.25,4.466867329336424,0.578446439819936,0.0,0.0
2022-07-19,151.0,259.5299987792969,6.264098909018912,0.5818209868232216,0.0,0.0
2022-07-20,153.0399932861328,262.2699890136719,7.197322133295074,0.5835207980206801,0.0,0.0
2022-07-21,155.35000610351562,264.8399963378906,8.469226445942098,0.5865806081091903,0.0,0.0
2022-07-22,154.08999633789062,260.3599853515625,9.018837011897574,0.5918344023941461,0.0,0.0
2022-07-25,152.9499969482422,258.8299865722656,8.496853271487112,0.5909284274739101,0.0,0.0
2022-07-26,151.60000610351562,251.8999938964844,9.946109054072053,0.6018261602888884,0.0,0.0
2022-07-27,156.7899932861328,268.739990234375,8.333880829230083,0.5834263562687201,0.0,0.0
2022-07-28,157.35000610351562,276.4100036621094,5.795728868740468,0.5692630658037409,0.0,0.0
2022-07-29,162.50999450683594,280.739990234375,9.206696619978743,0.5788630054847723,0.0,0.0
2022-08-01,161.50999450683594,278.010009765625,9.309423415994189,0.5809502853620132,0.0,0.0
2022-08-02,160.00999450683594,274.82000732421875,9.097967862286168,0.5822356096441852,0.0,0.0
2022-08-03,166.1300048828125,282.4700012207031,12.127899992072741,0.5881332678333147,0.0,0.0
2022-08-04,165.80999755859375,283.6499938964844,11.331255725729022,0.584558438661926,0.0,0.0
2022-08-05,165.35000610351562,282.9100036621094,11.170170094181799,0.5844615035281668,0.0,0.0
2022-08-08,164.8699951171875,280.32000732421875,11.736341817241907,0.5881492252049583,0.0,0.0
2022-08-09,164.9199981689453,282.29998779296875,10.986567162356437,0.5842012231679344,0.0,0.0
2022-08-10,169.24000549316406,289.1600036621094,12.535593739062278,0.5852815166336947,0.0,0.0
2022-08-11,168.49000549316406,287.0199890136719,12.650014391045232,0.5870323041686767,0.0,0.0
2022-08-12,172.10000610351562,291.9100036621094,14.284781021715958,0.5895652904815287,0.0,0.0
2022-08-15,173.19000244140625,293.4700012207031,14.744644239874901,0.5901455062562231,0.0,0.0
2022-08-16,173.02999877929688,292.7099914550781,14.891632932978894,0.5911311667878327,0.0,0.0
2022-08-17,174.5500030517578,291.32000732421875,16.97309644102063,0.59916929377767,-1.0,0.0
2022-08-18,174.14999389648438,290.1700134277344,17.037606757378512,0.6001653714637046,0.0,0.0
2022-08-19,171.52000427246094,286.1499938964844,16.03143214168901,0.5994059337093987,0.0,0.0
2022-08-22,167.57000732421875,277.75,15.474462529008946,0.6033123576029478,0.0,0.0
2022-08-23,167.22999572753906,276.44000244140625,15.663601022270228,0.6049413769737788,0.0,0.0
2022-08-24,167.52999877929688,275.7900085449219,16.22615748607791,0.6074549243578158,0.0,0.0
2022-08-25,170.02999877929688,278.8500061035156,17.490126187601902,0.6097543304918479,0.0,0.0
2022-08-26,163.6199951171875,268.0899963378906,15.426436072334639,0.610317420837169,0.0,0.0
2022-08-29,161.3800048828125,265.2300109863281,14.341685781791057,0.6084530339635329,0.0,0.0
2022-08-30,158.91000366210938,262.9700012207031,12.784575095045625,0.6042894737972062,0.0,0.0
2022-08-31,157.22000122070312,261.4700012207031,11.700470832383672,0.6012926931835517,0.0,0.0
2022-09-01,157.9600067138672,260.3999938964844,12.872686651539198,0.606605262735376,0.0,0.0
2022-09-02,155.80999755859375,256.0599975585937,12.47574141418906,0.6084901938770817,0.0,0.0
2022-09-06,154.52999877929688,253.25,12.330790903577451,0.6101875568777764,0.0,0.0
2022-09-07,155.9600067138672,258.0899963378906,11.80576886064307,0.6042853614120124,0.0,0.0
2022-09-08,154.4600067138672,258.5199890136719,10.132081007890235,0.59747800277718,1.0,0.0
2022-09-09,157.3699951171875,264.4599914550781,10.642711637220657,0.5950616357934762,0.0,0.0
2022-09-12,163.42999267578125,266.6499938964844,15.81809686868533,0.6129007928619195,0.0,0.0
2022-09-13,153.83999633789062,251.9900054931641,12.149740713450996,0.6105003888420644,0.0,0.0
2022-09-14,155.30999755859375,252.22000122070312,13.526839272530879,0.615771932467366,0.0,0.0
2022-09-15,152.3699951171875,245.3800048828125,13.349731046955071,0.6209552208214997,0.0,-1.0
2022-09-16,150.6999969482422,244.7400054931641,11.93824918773339,0.6157554693380581,0.0,0.0
2022-09-19,154.47999572753906,244.5200042724609,15.807113526327328,0.6317683339944935,0.0,-1.0
2022-09-20,156.89999389648438,242.4499969482422,19.063254140426977,0.6471437239488979,-1.0,-1.0
2022-09-21,153.72000122070312,238.9499969482422,17.297023881715745,0.6433145142663453,0.0,-1.0
2022-09-22,152.74000549316406,240.97999572753903,15.497046445357284,0.6338285675208394,0.0,0.0
2022-09-23,150.42999267578125,237.9199981689453,14.423064926450422,0.6322713257965057,0.0,0.0
2022-09-26,150.77000427246094,237.4499969482422,14.952925112217883,0.6349547534646833,0.0,0.0
2022-09-27,151.75999450683594,236.41000366210935,16.363002038575672,0.6419355871409739,0.0,0.0
2022-09-28,149.83999633789062,241.07000732421875,12.56067871508776,0.6215621677746437,0.0,0.0
2022-09-29,142.47999572753906,237.5,6.642718728634861,0.599915771484375,1.0,0.0
2022-09-30,138.1999969482422,232.8999938964844,4.220810162893201,0.5933877224988983,1.0,0.0
2022-10-03,142.4499969482422,240.7400054931641,5.303977664384888,0.5917171791054359,0.0,0.0
2022-10-04,146.10000610351562,248.8800048828125,5.6659796162131215,0.5870299069316885,0.0,0.0
2022-10-05,146.39999389648438,249.1999969482422,5.836712336077568,0.587479918496512,0.0,0.0
2022-10-06,145.42999267578125,246.7899932861328,5.8401890018005815,0.5892864242156167,0.0,0.0
2022-10-07,140.08999633789062,234.2400054931641,5.569535828591995,0.5980617872807338,0.0,0.0
2022-10-10,140.4199981689453,229.25,7.915161153134818,0.6125190759823133,0.0,0.0
2022-10-11,138.97999572753906,225.41000366210935,8.026256570070416,0.6165653407994737,0.0,0.0
2022-10-12,138.33999633789062,225.75,7.248921739150177,0.6128017556495708,0.0,0.0
2022-10-13,142.99000549316406,234.2400054931641,8.469544983865433,0.6104422905562858,0.0,0.0
2022-10-14,138.3800048828125,228.55999755859372,6.153882015386785,0.60544279996913,0.0,0.0
2022-10-17,142.41000366210938,237.52999877929688,6.560609192711468,0.5995453390896992,0.0,0.0
2022-10-18,143.75,238.5,7.508790881932924,0.6027253668763103,0.0,0.0
2022-10-19,143.86000061035156,236.47999572753903,8.434736098777705,0.6083389851550073,0.0,0.0
2022-10-20,143.38999938964844,236.1499938964844,8.098033217020088,0.6071988274219604,0.0,0.0
2022-10-21,147.27000427246094,242.1199951171875,9.566562855349048,0.6082521363061377,0.0,0.0
2022-10-24,149.4499969482422,247.25,9.674381787499982,0.6044489259787348,0.0,0.0
2022-10-25,152.33999633789062,250.66000366210935,11.186971171559435,0.6077555019238152,0.0,0.0
2022-10-26,149.35000610351562,231.32000732421875,16.009026642550765,0.6456424060811404,-1.0,-1.0
2022-10-27,144.8000030517578,226.75,13.30499633385449,0.6385887675931987,0.0,-1.0
2022-10-28,155.74000549316406,235.8699951171875,20.56113982082013,0.6602790041852827,-1.0,-1.0
2022-10-31,153.33999633789062,232.1300048828125,19.671832846566247,0.6605780946556311,-1.0,-1.0
2022-11-01,150.64999389648438,228.1699981689453,18.58140430899158,0.660253298441707,0.0,0.0
2022-11-02,145.02999877929688,220.1000061035156,16.22113818842064,0.6589277362904187,0.0,0.0
2022-11-03,138.8800048828125,214.25,12.43414965444508,0.6482147252406651,0.0,0.0
2022-11-04,138.3800048828125,221.38999938964844,9.050074570162764,0.6250508390817708,0.0,0.0
2022-11-07,138.9199981689453,227.8699951171875,6.972589449904376,0.609645855732355,0.0,0.0
2022-11-08,139.5,228.8699951171875,7.148659161796189,0.6095163323115916,0.0,0.0
2022-11-09,134.8699951171875,224.50999450683597,4.279798565074401,0.6007304726608994,0.0,0.0
2022-11-10,146.8699951171875,242.97999572753903,8.819171831054973,0.6044530319355069,0.0,0.0
2022-11-11,149.6999969482422,247.1100006103516,9.980932037642162,0.6058030698008552,0.0,0.0
2022-11-14,148.27999877929688,241.5500030517578,10.806795465080029,0.6138687514217268,0.0,0.0
2022-11-15,150.0399932861328,241.97000122070312,12.397139221489368,0.6200768381584622,0.0,0.0
2022-11-16,148.7899932861328,241.72999572753903,11.244085148953872,0.6155214326559554,0.0,0.0
2022-11-17,150.72000122070312,241.67999267578125,13.194290922185303,0.6236345820437736,0.0,0.0
2022-11-18,151.2899932861328,241.22000122070312,13.950088310861531,0.6271867694242764,0.0,0.0
2022-11-21,148.00999450683594,242.0500030517578,10.334825133037668,0.6114851999203933,0.0,0.0
2022-11-22,150.17999267578125,245.02999877929688,11.301107312661827,0.6129045154632319,0.0,0.0
2022-11-23,151.07000732421875,247.5800018310547,11.161093824531008,0.610186631419879,0.0,0.0
2022-11-25,148.11000061035156,247.4900054931641,8.237439522144854,0.5984484113417764,0.0,0.0
2022-11-28,144.22000122070312,241.75999450683597,6.661975613030478,0.5965420437525084,0.0,0.0
2022-11-29,141.1699981689453,240.3300018310547,4.1895925331883745,0.5874006453350917,0.0,0.0
2022-11-30,148.02999877929688,255.13999938964844,5.067359444900205,0.5801912641428922,0.0,0.0
2022-12-01,148.30999755859375,254.69000244140625,5.529126445117356,0.5823157412419979,0.0,0.0
2022-12-02,147.80999755859375,255.0200042724609,4.895828106171848,0.5796015805908111,0.0,0.0
2022-12-05,146.6300048828125,250.1999969482422,5.6627912032428185,0.5860511857366059,0.0,0.0
2022-12-06,142.91000366210938,245.1199951171875,3.9947658875088905,0.5830205879115926,0.0,0.0
2022-12-07,140.94000244140625,244.3699951171875,2.3277137561779,0.5767483948830074,0.0,0.0
2022-12-08,142.64999389648438,247.3999938964844,2.813791383273724,0.5765965942431313,0.0,0.0
2022-12-09,142.16000366210938,245.4199981689453,3.123585019057032,0.5792519139546545,0.0,0.0
2022-12-12,144.49000549316406,252.50999450683597,2.5897096044905368,0.5722149959860398,0.0,0.0
2022-12-13,145.47000122070312,256.9200134277344,1.788357043762744,0.5662073548879852,0.0,0.0
2022-12-14,143.2100067138672,257.2200012207031,-0.592812168010056,0.5567607730123146,0.0,0.0
2022-12-15,136.5,249.00999450683597,-3.9865334716034795,0.548170768287185,1.0,0.0
2022-12-16,134.50999450683594,244.69000244140625,-4.231555415011712,0.5497159392077976,0.0,0.0
2022-12-19,132.3699951171875,240.4499969482422,-4.658880400544177,0.5505094481065045,0.0,0.0
2022-12-20,132.3000030517578,241.8000030517578,-5.274183292249745,0.5471464077005769,0.0,0.0
2022-12-21,135.4499969482422,244.42999267578125,-3.186526677973518,0.5541463854965901,0.0,0.0
2022-12-22,132.22999572753906,238.19000244140625,-3.885995419749918,0.5551450286418596,0.0,0.0
2022-12-23,131.86000061035156,238.72999572753903,-4.474111169338755,0.5523394754333365,0.0,0.0
2022-12-27,130.02999877929688,236.9600067138672,-5.589157587205989,0.5487423830820113,0.0,0.0
2022-12-28,126.04000091552734,234.52999877929688,-8.597597196381912,0.5374152627448592,0.0,0.0
2022-12-29,129.61000061035156,241.00999450683597,-7.645075907948922,0.5377785302039635,0.0,0.0
2022-12-30,129.92999267578125,239.82000732421875,-6.844409798068,0.5417812889152555,0.0,0.0
2023-01-03,125.06999969482422,239.5800018310547,-11.607456851560556,0.5220385622294977,0.0,1.0
2023-01-04,126.36000061035156,229.1000061035156,-6.084249052990515,0.5515495296549996,0.0,0.0
2023-01-05,125.0199966430664,222.30999755859372,-4.681550479591351,0.5623678557691278,0.0,0.0
2023-01-06,129.6199951171875,224.92999267578125,-1.139852185352197,0.5762681693767022,0.0,0.0
2023-01-09,130.14999389648438,227.1199951171875,-1.4944657331844269,0.5730450717442586,0.0,0.0
2023-01-10,130.72999572753906,228.8500061035156,-1.6132709060123034,0.5712475081534673,0.0,0.0
2023-01-11,133.49000549316406,235.7700042724609,-1.6484706653725425,0.56618739905056,0.0,0.0
2023-01-12,133.41000366210938,238.50999450683597,-2.8352425582839373,0.5593476446886828,0.0,0.0
2023-01-13,134.75999450683594,239.22999572753903,-1.7760833324358032,0.5633072646137367,0.0,0.0
2023-01-17,135.94000244140625,240.3500061035156,-1.048483562518129,0.5655918410206267,0.0,0.0
2023-01-18,135.2100067138672,235.80999755859372,0.05537598251066811,0.5733853870223226,0.0,0.0
2023-01-19,135.27000427246094,231.92999267578125,1.682632135781148,0.5832363581434554,0.0,0.0
2023-01-20,137.8699951171875,240.22000122070312,0.9340222610790647,0.5739322055473594,0.0,0.0
2023-01-23,141.11000061035156,242.5800018310547,3.220747706478164,0.5817050026598148,0.0,0.0
2023-01-24,142.52999877929688,242.0399932861328,4.858872671339839,0.5888696196202664,0.0,0.0
2023-01-25,141.86000061035156,240.6100006103516,4.766494474310207,0.589584806327657,0.0,0.0
2023-01-26,143.9600067138672,248.0,3.881442463752819,0.5804838980397871,0.0,0.0
2023-01-27,145.92999267578125,248.16000366210935,5.786797807357232,0.5880479953348049,0.0,0.0
2023-01-30,143.0,242.7100067138672,5.05823394831063,0.5891804871835543,0.0,0.0
2023-01-31,144.2899932861328,247.80999755859372,4.2881771248218,0.5822605815248273,0.0,0.0
2023-02-01,145.42999267578125,252.75,3.4327508596432494,0.5753906732968596,0.0,0.0
2023-02-02,150.82000732421875,264.6000061035156,4.03616743059473,0.5699924559533669,0.0,0.0
2023-02-03,154.5,258.3500061035156,10.24073585114391,0.5980259196823667,-1.0,-1.0
2023-02-06,151.72999572753906,256.7699890136719,8.10895123009712,0.5909179507713423,0.0,0.0
2023-02-07,154.64999389648438,267.5599975585937,6.670518381706643,0.5780011784557486,0.0,0.0
2023-02-08,151.9199981689453,266.7300109863281,4.2757808891795435,0.5695646980524149,0.0,0.0
2023-02-09,150.8699951171875,263.6199951171875,4.4820131380738815,0.572301031452948,0.0,0.0
2023-02-10,151.00999450683594,263.1000061035156,4.832052791956215,0.5739642379461659,0.0,0.0
2023-02-13,153.85000610351562,271.32000732421875,4.351741876035874,0.5670426137047453,0.0,0.0
2023-02-14,153.1999969482422,272.1700134277344,3.3583879540680073,0.5628834529521721,0.0,0.0
2023-02-15,155.3300018310547,269.32000732421875,6.639601841900685,0.5767488400669093,0.0,0.0
2023-02-16,153.7100067138672,262.1499938964844,7.915805443004189,0.5863437356193986,0.0,0.0
2023-02-17,152.5500030517578,258.0599975585937,8.407882669027401,0.5911416123962437,0.0,0.0
2023-02-21,148.47999572753906,252.6699981689453,6.515069220555887,0.5876439498300047,0.0,0.0
2023-02-22,148.91000366210938,251.50999450683597,7.413639892598724,0.5920639613312147,0.0,0.0
2023-02-23,149.39999389648438,254.7700042724609,6.5868074738531845,0.5864112391218168,0.0,0.0
2023-02-24,146.7100067138672,249.22000122070312,6.138644785292911,0.5886766952703142,0.0,0.0
2023-02-27,147.9199981689453,250.16000366210935,6.968939062195545,0.5913015510214837,0.0,0.0
2023-02-28,147.41000366210938,249.4199981689453,6.757856542405534,0.5910111648796533,0.0,0.0
2023-03-01,145.30999755859375,246.2700042724609,5.930234148846978,0.5900434280978449,0.0,0.0
2023-03-02,145.91000366210938,251.1100006103516,4.575210274857852,0.5810601063576059,0.0,0.0
2023-03-03,151.02999877929688,255.2899932861328,8.006772092431788,0.5916017186385375,0.0,0.0
2023-03-06,153.8300018310547,256.8699951171875,10.16856165629045,0.598863256725938,-1.0,0.0
2023-03-07,151.60000610351562,254.1499938964844,9.037261785955593,0.5964981693655381,0.0,0.0
2023-03-08,152.8699951171875,253.6999969482422,10.489019020547772,0.6025620692000828,0.0,0.0
2023-03-09,150.58999633789062,252.32000732421875,8.76644237450546,0.5968214646743804,0.0,0.0
2023-03-10,148.5,248.58999633789065,8.183117278823147,0.5973691708742557,0.0,0.0
2023-03-13,150.47000122070312,253.9199981689453,8.000159564766363,0.592588225841858,0.0,0.0
2023-03-14,152.58999633789062,260.7900085449219,7.345136832114747,0.5851067576908588,0.0,0.0
2023-03-15,152.99000549316406,265.44000244140625,5.866864098686818,0.576363788750851,0.0,0.0
2023-03-16,155.85000610351562,276.20001220703125,4.380551162196269,0.5642650225036744,0.0,1.0
2023-03-17,155.0,279.42999267578125,2.2258522030837753,0.5547006551291878,1.0,1.0
2023-03-20,157.39999389648438,272.2300109863281,7.534149961322839,0.5781875162337972,0.0,0.0
2023-03-21,159.27999877929688,273.7799987792969,8.78806499024489,0.5817809901726888,0.0,0.0
2023-03-22,157.8300018310547,272.2900085449219,7.939922954905768,0.5796393436339262,0.0,0.0
2023-03-23,158.92999267578125,277.6600036621094,6.8708002920525075,0.5723906597263706,0.0,0.0
2023-03-24,160.25,280.57000732421875,7.015363670263696,0.5711586977107629,0.0,0.0
2023-03-27,158.27999877929688,276.3800048828125,6.737839015015425,0.5726897604130551,0.0,0.0
2023-03-28,157.64999389648438,275.2300109863281,6.572353603834188,0.5727936184412518,0.0,0.0
2023-03-29,160.77000427246094,280.510009765625,7.559602883711989,0.5731346428841857,0.0,0.0
2023-03-30,162.36000061035156,284.04998779296875,7.719688395227649,0.5715895356020521,0.0,0.0
2023-03-31,164.89999389648438,288.29998779296875,8.542970174918253,0.5719736416183993,0.0,0.0
2023-04-03,166.1699981689453,287.2300109863281,10.245172446340689,0.5785258914913833,0.0,0.0
2023-04-04,165.6300048828125,287.17999267578125,9.72538316238402,0.5767463232363979,0.0,0.0
2023-04-05,163.75999450683594,284.3399963378906,9.002538525586402,0.5759302124778624,0.0,0.0
2023-04-06,164.66000366210938,291.6000061035156,6.969996551087775,0.5646776413429032,0.0,0.0
2023-04-10,162.02999877929688,289.3900146484375,5.232678200056853,0.5599018299789554,0.0,0.0
2023-04-11,160.8000030517578,282.8299865722656,6.652488515093808,0.5685394430787202,0.0,0.0
2023-04-12,160.10000610351562,283.489990234375,5.685894888960547,0.5647465928908217,0.0,0.0
2023-04-13,165.55999755859375,289.8399963378906,8.58091492194842,0.5712117018024893,0.0,0.0
2023-04-14,165.2100067138672,286.1400146484375,9.725465521906472,0.5773747055854823,0.0,0.0
2023-04-17,165.22999572753906,288.79998779296875,8.671005946391517,0.5721260481700126,0.0,0.0
2023-04-18,166.47000122070312,288.3699951171875,10.084699292308414,0.5772792039374736,0.0,0.0
2023-04-19,167.6300048828125,288.45001220703125,11.212381481747968,0.581140571290731,0.0,0.0
2023-04-20,166.64999389648438,286.1099853515625,11.177582502047358,0.5824682899190337,0.0,0.0
2023-04-21,165.02000427246094,285.760009765625,9.688959258106934,0.5774775987998014,0.0,0.0
2023-04-24,165.3300018310547,281.7699890136719,11.61065435454094,0.5867551842898097,0.0,-1.0
2023-04-25,163.77000427246094,275.4200134277344,12.615615891007423,0.5946191136739286,0.0,-1.0
2023-04-26,163.75999450683594,295.3699951171875,4.5471677443011345,0.5544232563021998,0.0,1.0
2023-04-27,168.41000366210938,304.8299865722656,5.37598250386219,0.5524719059165941,0.0,0.0
2023-04-28,169.67999267578125,307.260009765625,5.664407099425489,0.5522358500385766,0.0,0.0
2023-05-01,169.58999633789062,305.5599975585937,6.261100294923779,0.5550137377042305,0.0,0.0
2023-05-02,168.5399932861328,305.4100036621094,5.271684595634383,0.551848306424819,0.0,0.0
2023-05-03,167.4499969482422,304.3999938964844,4.589663642747837,0.5500985555380332,0.0,0.0
2023-05-04,165.7899932861328,305.4100036621094,2.521684595634383,0.5428440172167861,0.0,0.0
2023-05-05,173.57000732421875,310.6499938964844,8.185098273956442,0.5587317261691503,0.0,0.0
2023-05-08,173.5,308.6499938964844,8.92295518806344,0.562125395855957,0.0,0.0
2023-05-09,171.77000427246094,307.0,7.859444991737121,0.5595114145682767,0.0,0.0
2023-05-10,173.55999755859375,312.3099975585937,7.504559711277523,0.55572988029636,0.0,0.0
2023-05-11,173.75,310.1099853515625,8.583217745654053,0.560285086605724,0.0,0.0
2023-05-12,172.57000732421875,308.9700012207031,7.863701275662891,0.5585332124232628,0.0,0.0
2023-05-15,172.07000732421875,309.4599914550781,7.165778481922672,0.5560331289196613,0.0,0.0
2023-05-16,172.07000732421875,311.739990234375,6.244813743312534,0.551966423027253,0.0,0.0
2023-05-17,172.69000244140625,314.0,5.951918326542341,0.5499681606414212,0.0,0.0
2023-05-18,175.0500030517578,318.5199890136719,6.486150196008509,0.5495730537785625,0.0,0.0
2023-05-19,175.16000366210938,318.3399963378906,6.668855629322195,0.5502293324028064,0.0,0.0
2023-05-22,174.1999969482422,321.17999267578125,4.561683176276063,0.5423749950828672,0.0,0.0
2023-05-23,171.55999755859375,315.260009765625,4.312955028934994,0.5441857268422255,0.0,0.0
2023-05-24,171.83999633789062,313.8500061035156,5.162499575495133,0.5475226796115259,0.0,0.0
2023-05-25,172.99000549316406,325.9200134277344,1.4370450939855175,0.5307744181580332,1.0,1.0
2023-05-26,175.42999267578125,332.8900146484375,1.0616249129562902,0.5269908527026606,1.0,1.0
2023-05-30,177.3000030517578,331.2099914550781,3.6102506176692657,0.5353099472417484,0.0,0.0
2023-05-31,177.25,328.3900146484375,4.699326773407961,0.5397545360499388,0.0,0.0
2023-06-01,180.08999633789062,332.5799865722656,5.846858872873753,0.54149378678491,0.0,0.0
2023-06-02,180.9499969482422,335.3999938964844,5.567767948698815,0.5395050692937382,0.0,0.0
2023-06-05,179.5800018310547,335.94000244140625,3.9796460355949534,0.5345597443769041,0.0,0.0
2023-06-06,179.2100067138672,333.67999267578125,4.522541452365147,0.5370714776057786,0.0,0.0
2023-06-07,177.82000732421875,323.3800048828125,7.293037959282287,0.5498794131958089,0.0,0.0
2023-06-08,180.57000732421875,325.260009765625,9.283643602931306,0.5551558811497712,0.0,0.0
2023-06-09,180.9600067138672,326.7900085449219,9.05562734334174,0.5537501208180045,0.0,0.0
2023-06-12,183.7899932861328,331.8500061035156,9.841718378805638,0.5538345333909751,0.0,0.0
2023-06-13,183.30999755859372,334.2900085449219,8.37612729434673,0.5483561963353162,0.0,0.0
2023-06-14,183.9499969482422,337.3399963378906,7.7841386513604505,0.5452955443919313,0.0,0.0
2023-06-15,186.00999450683597,348.1000061035156,5.497822663112117,0.5343579179700491,0.0,0.0
2023-06-16,184.9199981689453,342.3299865722656,6.738522542090436,0.5401805434006548,0.0,0.0
2023-06-20,185.00999450683597,338.04998779296875,8.557347856916977,0.5472859079650115,0.0,0.0
2023-06-21,183.9600067138672,333.5599975585937,9.321011334339914,0.5515050007804142,0.0,0.0
2023-06-22,187.0,339.7099914550781,9.876824553027035,0.5504695319646732,0.0,0.0
2023-06-23,186.67999267578125,335.0199890136719,11.451259853844562,0.5572204608608086,0.0,0.0
2023-06-26,185.2700042724609,328.6000061035156,12.634508752413069,0.5638161924260499,0.0,0.0
2023-06-27,188.05999755859372,334.57000732421875,13.013026794062313,0.5620946093244757,0.0,0.0
2023-06-28,189.25,335.8500061035156,13.685996616021328,0.563495597917808,0.0,0.0
2023-06-29,189.58999633789065,335.04998779296875,14.349146045460287,0.5658558520976293,0.0,0.0
2023-06-30,193.97000122070312,340.5400085449219,16.511555211688176,0.569595337856215,-1.0,0.0
2023-07-03,192.4600067138672,337.989990234375,16.031595004935582,0.5694251672376692,0.0,0.0
2023-07-05,191.3300018310547,338.1499938964844,14.836959503813404,0.5658140035029109,0.0,0.0
2023-07-06,191.80999755859372,341.2699890136719,14.056688991889075,0.5620476564990585,0.0,0.0
2023-07-07,190.67999267578125,337.2200012207031,14.562604260874252,0.5654468655048291,0.0,0.0
2023-07-10,188.6100006103516,331.8299865722656,14.669812234706853,0.5683934793194957,0.0,0.0
2023-07-11,188.0800018310547,332.4700012207031,13.881290982171322,0.5657051798372683,0.0,0.0
2023-07-12,189.7700042724609,337.20001220703125,13.660690062206356,0.5627817242069004,0.0,0.0
2023-07-13,190.5399932861328,342.6600036621094,12.225213156817375,0.5560613764366288,0.0,0.0
2023-07-14,190.69000244140625,345.239990234375,11.333082868543812,0.5523404235759347,0.0,0.0
2023-07-17,193.9900054931641,345.7300109863281,14.435150799531442,0.5611025925684983,0.0,0.0
2023-07-18,193.72999572753903,359.489990234375,8.617043456605671,0.5389023366164766,0.0,1.0
2023-07-19,195.1000061035156,355.0799865722656,11.768395957334093,0.5494536822164968,0.0,0.0
2023-07-20,193.1300048828125,346.8699951171875,13.114673983389793,0.5567792187316892,0.0,0.0
2023-07-21,191.94000244140625,343.7699890136719,13.176863576794432,0.5583384488916882,0.0,0.0
2023-07-24,192.75,345.1099853515625,13.445593574953534,0.5585175978134801,0.0,0.0
2023-07-25,193.6199951171875,350.9800109863281,11.944496797949768,0.5516553337982819,0.0,0.0
2023-07-26,194.5,337.7699890136719,18.16045385036543,0.5758356465237273,-1.0,0.0
2023-07-27,193.22000122070312,330.7200012207031,19.728171580354797,0.5842404466240898,-1.0,-1.0
2023-07-28,195.8300018310547,338.3699951171875,19.24809394451637,0.5787451743859056,0.0,0.0
2023-07-31,196.4499969482422,335.9200134277344,20.857715357434927,0.5848118275051927,-1.0,0.0
2023-08-01,195.6100006103516,336.3399963378906,19.8480744326327,0.5815841194629727,0.0,0.0
2023-08-02,192.5800018310547,327.5,20.388834107491988,0.5880305399421517,0.0,0.0
2023-08-03,191.1699981689453,326.6600036621094,19.318131946235837,0.5852262169404975,0.0,0.0
2023-08-04,181.9900054931641,327.7799987792969,9.685737269317002,0.5552199834368261,0.0,0.0
2023-08-07,178.85000610351562,330.1099853515625,5.604581465912247,0.5417891431337434,1.0,0.0
2023-08-08,179.8000030517578,326.04998779296875,8.194541831793288,0.5514491942441815,0.0,0.0
2023-08-09,178.19000244140625,322.2300109863281,8.127552548101107,0.5529900889615358,0.0,0.0
2023-08-10,177.97000122070312,322.92999267578125,7.624806240201963,0.5511101639895783,0.0,0.0
2023-08-11,177.7899932861328,321.010009765625,8.22034107128755,0.5538456368259058,0.0,0.0
2023-08-14,179.4600067138672,324.0400085449219,8.666440671039624,0.5538205221007101,0.0,0.0
2023-08-15,177.4499969482422,321.8599853515625,7.537012293732488,0.5513266793771099,0.0,0.0
2023-08-16,176.57000732421875,320.3999938964844,7.246760112118466,0.551092417877091,0.0,0.0
2023-08-17,174.0,316.8800048828125,6.098589409622207,0.5491037532151898,0.0,0.0
2023-08-18,174.49000549316406,316.4800109863281,6.750165285045426,0.5513460548404177,0.0,0.0
2023-08-21,175.83999633789062,321.8800048828125,5.918925151698488,0.5462905233952293,0.0,0.0
2023-08-22,177.22999572753906,322.4599914550781,7.0746493361256455,0.5496185586552959,0.0,0.0
2023-08-23,181.1199951171875,327.0,9.130793453206252,0.5538837771167814,0.0,0.0
2023-08-24,176.3800048828125,319.9700012207031,7.23044552346505,0.5512391918302125,0.0,0.0
2023-08-25,178.61000061035156,322.9800109863281,8.244601627674257,0.5530063611828665,0.0,0.0
2023-08-28,180.19000244140625,323.70001220703125,9.53377183985046,0.5566573853761883,0.0,0.0
2023-08-29,184.1199951171875,328.4100036621094,11.561247685942988,0.5606406414666427,0.0,0.0
2023-08-30,187.6499938964844,328.7900085449219,14.937750287633207,0.5707290033749496,0.0,0.0
2023-08-31,187.8699951171875,327.760009765625,15.573801097992856,0.5731937683658533,-1.0,-1.0
2023-09-01,189.4600067138672,328.6600036621094,16.800276252831964,0.5764620112055019,-1.0,-1.0
2023-09-05,189.6999969482422,333.54998779296875,15.065044834556119,0.5687303369532339,0.0,0.0
2023-09-06,182.91000366210935,332.8800048828125,8.545679165125591,0.5494772920545384,0.0,0.0
2023-09-07,177.55999755859375,329.9100036621094,4.39535194860494,0.5382073765197158,0.0,0.0
2023-09-08,178.17999267578125,334.2699890136719,3.2542089432167245,0.5330421471623453,0.0,0.0
2023-09-11,179.36000061035156,337.94000244140625,2.9517805765660796,0.5307451006527406,0.0,0.0
2023-09-12,176.3000030517578,331.7699890136719,2.384049617100459,0.5313922563517121,0.0,0.0
2023-09-13,174.2100067138672,336.0599975585937,-1.4388189635672575,0.5183895970346569,0.0,1.0
2023-09-14,175.74000549316406,338.70001220703125,-0.9752068958347877,0.5188662508395262,0.0,0.0
2023-09-15,175.00999450683594,330.2200012207031,1.7201309260690323,0.5299799947304454,0.0,0.0
2023-09-18,177.97000122070312,329.0599975585937,5.1487003774087725,0.5408436228685412,0.0,0.0
2023-09-19,179.07000732421875,328.6499938964844,6.414320129024759,0.5448653906886146,0.0,0.0
2023-09-20,175.49000549316406,320.7699890136719,6.017305369298299,0.5470898509950204,0.0,0.0
2023-09-21,173.92999267578125,319.5299987792969,4.9581644350278395,0.5443307149258206,0.0,0.0
2023-09-22,174.7899932861328,317.010009765625,6.836069547939047,0.5513705810594445,0.0,0.0
2023-09-25,176.0800018310547,317.5400085449219,7.911994562785793,0.5545128081274361,0.0,0.0
2023-09-26,171.9600067138672,312.1400146484375,5.973230423671794,0.550906640110033,0.0,0.0
2023-09-27,170.42999267578125,312.7900085449219,4.180662973536016,0.5448703220048816,0.0,0.0
2023-09-28,170.69000244140625,313.6400146484375,4.097327972466587,0.5442226580455128,0.0,0.0
2023-09-29,171.2100067138672,315.75,3.765041390468241,0.5422328003606245,0.0,0.0
2023-10-02,173.75,321.79998779296875,3.8612502864776843,0.539931655037174,0.0,0.0
2023-10-03,172.39999389648438,313.3900146484375,5.908302457335424,0.5501132321968955,0.0,0.0
2023-10-04,173.66000366210938,318.9599914550781,4.918419687766004,0.5444570112692877,0.0,0.0
2023-10-05,174.91000366210938,319.3599853515625,6.006849305506876,0.5476891648450021,0.0,0.0
2023-10-06,177.49000549316406,327.260009765625,5.39577753355087,0.5423516476097331,0.0,0.0
2023-10-09,178.99000549316406,329.82000732421875,5.861712294656314,0.5426899566987572,0.0,0.0
2023-10-10,178.38999938964844,328.3900146484375,5.839326163056398,0.5432260161157042,0.0,0.0
2023-10-11,179.8000030517578,332.4200134277344,5.621483878020598,0.5408820040579325,0.0,0.0
2023-10-12,180.7100067138672,331.1600036621094,7.040445954924792,0.5456878992496027,0.0,0.0
2023-10-13,178.85000610351562,327.7300109863281,6.565929554814687,0.5457236142800993,0.0,0.0
2023-10-16,178.72000122070312,332.6400146484375,4.452616487668877,0.5372775172872384,0.0,0.0
2023-10-17,177.14999389648438,332.0599975585937,3.1168966957013993,0.5334879094107846,0.0,1.0
2023-10-18,175.83999633789062,330.1099853515625,2.594571700287247,0.5326709404158844,0.0,1.0
2023-10-19,175.4600067138672,331.32000732421875,1.7258153366151134,0.5295786636336992,1.0,1.0
2023-10-20,172.8800048828125,326.6700134277344,1.024095394261792,0.5292190827948671,1.0,0.0
2023-10-23,173.0,329.32000732421875,0.07367286107367477,0.5253249002563024,1.0,1.0
2023-10-24,173.44000244140625,330.5299987792969,0.024920889861249407,0.5247330138926859,0.0,0.0
2023-10-25,171.10000610351562,340.6700134277344,-6.410953053315296,0.5022455730163956,1.0,1.0
2023-10-26,166.88999938964844,327.8900146484375,-5.458707777362179,0.5089816460821086,1.0,1.0
2023-10-27,168.22000122070312,329.8099975585937,-4.904248711963362,0.5100512491008322,0.0,0.0
2023-10-30,170.2899932861328,337.3099975585937,-5.863747540255218,0.5048471569733178,0.0,0.0
2023-10-31,170.77000427246094,338.1099853515625,-5.706877318445436,0.5050723482623456,0.0,0.0
2023-11-01,173.97000122070312,346.07000732421875,-5.722188914201297,0.5027017584269237,0.0,0.0
2023-11-02,177.57000732421875,348.32000732421875,-3.0310300788021323,0.5097898587230314,0.0,0.0
2023-11-03,176.64999389648438,352.79998779296875,-5.760651511086962,0.5007086168045638,0.0,0.0
2023-11-06,179.22999572753906,356.5299987792969,-4.687320922240616,0.5027066343398722,0.0,0.0
2023-11-07,181.82000732421875,360.5299987792969,-3.7130378022123978,0.504313116633388,0.0,0.0
2023-11-08,182.88999938964844,363.2000122070313,-3.7215499188408216,0.5035517435098473,0.0,0.0
2023-11-09,182.41000366210935,360.6900024414063,-3.1876720826314795,0.5057251446600372,0.0,0.0
2023-11-10,186.3999938964844,369.6700134277344,-2.8249967160697906,0.504233470732738,0.0,0.0
2023-11-13,184.8000030517578,366.6799926757813,-3.2172221421190272,0.5039816917831077,0.0,0.0
2023-11-14,187.44000244140625,370.2699890136719,-2.027337581021669,0.50622520863954,0.0,0.0
2023-11-15,188.00999450683597,369.6700134277344,-1.2149961057182281,0.5085887079764165,0.0,0.0
2023-11-16,189.7100067138672,376.1700134277344,-2.140542673245676,0.5043198552303324,0.0,0.0
2023-11-17,189.69000244140625,369.8500061035156,0.3923070058899327,0.5128835995971697,0.0,0.0
2023-11-20,191.4499969482422,377.4400024414063,-0.9135417924767637,0.5072329263190984,0.0,0.0
2023-11-21,190.63999938964844,373.0700073242188,0.04164203734643479,0.5110032853002079,0.0,0.0
2023-11-22,191.30999755859372,377.8500061035156,-1.219154830225591,0.5063120139428621,0.0,0.0
2023-11-24,189.97000122070312,377.4299926757813,-2.3894942541745934,0.5033251328913082,0.0,0.0
2023-11-27,189.7899932861328,378.6099853515625,-3.046139130869875,0.501281003219979,0.0,0.0
2023-11-28,190.3999938964844,382.7000122070313,-4.088231735680836,0.49751760601847766,0.0,1.0
2023-11-29,189.3699951171875,378.8500061035156,-3.5630893907946586,0.49985480286740375,0.0,0.0
2023-11-30,189.9499969482422,378.9100036621094,-3.007322500727355,0.5013063659243711,0.0,0.0
2023-12-01,191.2400054931641,374.510009765625,0.05998490310517468,0.5106405716975241,0.0,0.0
2023-12-04,189.42999267578125,369.1400146484375,0.41908559330215667,0.5131656963718525,0.0,0.0
2023-12-05,193.4199981689453,372.5199890136719,3.043810878400933,0.5192204549373768,-1.0,-1.0
2023-12-06,192.32000732421875,368.7999877929688,3.446448010041422,0.5214750913500039,-1.0,-1.0
2023-12-07,194.2700042724609,370.9500122070313,4.5279810404593945,0.5237093890808033,-1.0,-1.0
2023-12-08,195.7100067138672,374.2300109863281,4.643086624092689,0.522967161821282,0.0,0.0
2023-12-11,193.17999267578125,371.2999877929688,3.2966030636967503,0.5202800943357301,0.0,0.0
2023-12-12,194.7100067138672,374.3800048828125,3.5824992716242434,0.5200865542346869,0.0,0.0
2023-12-13,197.9600067138672,374.3699951171875,6.836542537465476,0.5287817113973051,-1.0,0.0
2023-12-14,198.1100006103516,365.9299926757813,10.395724505846914,0.5413877096045516,-1.0,-1.0
2023-12-15,197.57000732421875,370.7300109863281,7.916849651514298,0.532921537154716,0.0,0.0
2023-12-18,195.88999938964844,372.6499938964844,5.461298951288086,0.5256675234082071,0.0,0.0
2023-12-19,196.94000244140625,373.260009765625,6.26489700030092,0.5276214898163549,0.0,0.0
2023-12-20,194.8300018310547,370.6199951171875,5.221283101513762,0.5256866990391351,0.0,0.0
2023-12-21,194.67999267578125,373.5400085449219,3.8917867343915304,0.5211757461647353,0.0,0.0
2023-12-22,193.6000061035156,374.5799865722656,2.3917196336580844,0.5168455684862528,0.0,0.0
2023-12-26,193.0500030517578,374.6600036621094,1.8093951092304792,0.5152671786814527,0.0,0.0
2023-12-27,193.1499938964844,374.0700073242188,2.1477044250195263,0.5163471813153813,0.0,0.0
2023-12-28,193.5800018310547,375.2799987792969,2.0889579469711634,0.515828188181432,0.0,0.0
2023-12-29,192.52999877929688,376.0400085449219,0.7319625399999836,0.5119933900764636,0.0,0.0
2024-01-02,185.63999938964844,370.8699951171875,-4.0697023696832275,0.5005527592788678,1.0,1.0
2024-01-03,184.25,370.6000061035156,-5.35064452488848,0.49716674842292224,1.0,1.0
2024-01-04,181.91000366210935,367.9400024414063,-6.616179946562312,0.4944012677476626,1.0,1.0
2024-01-05,181.17999267578125,367.75,-7.269442844087052,0.4926716320211591,1.0,0.0
2024-01-08,185.55999755859372,374.6900024414063,-5.692727854427318,0.49523605206843335,0.0,0.0
2024-01-09,185.13999938964844,375.7900085449219,-6.557053819857742,0.4926687649480623,0.0,0.0
2024-01-10,186.19000244140625,382.7699890136719,-8.326489070557585,0.4864279013127016,0.0,0.0
2024-01-11,185.58999633789065,384.6300048828125,-9.677815325771718,0.48251564875817593,0.0,0.0
2024-01-12,185.9199981689453,388.4700012207031,-10.898911353058878,0.4785955095238301,0.0,0.0
2024-01-16,183.6300048828125,390.2699890136719,-13.915977522872879,0.4705204347044466,0.0,0.0
2024-01-17,182.67999267578125,389.4700012207031,-14.542848965385815,0.4690476599050333,0.0,0.0
2024-01-18,188.6300048828125,393.8699951171875,-10.37013561726522,0.4789143809410761,0.0,0.0
2024-01-19,191.55999755859372,398.6700134277344,-9.379024509683774,0.4804976323942086,0.0,0.0
2024-01-22,193.88999938964844,396.510009765625,-6.176527821993659,0.48899143682212665,0.0,0.0
2024-01-23,195.17999267578125,398.8999938964844,-5.851925890604491,0.4892955519232998,0.0,0.0
2024-01-24,194.5,402.55999755859375,-8.010311601765466,0.4831577930732921,0.0,0.0
2024-01-25,194.1699981689453,404.8699951171875,-9.273395641923997,0.47958604122477344,0.0,0.0
2024-01-26,192.4199981689453,403.9299926757813,-10.643698463748507,0.4763696721164087,0.0,0.0
2024-01-29,191.72999572753903,409.7200012207031,-13.672471326676202,0.4679537126728167,0.0,0.0
2024-01-30,188.0399932861328,408.5899963378906,-16.906028501103577,0.46021683098337496,1.0,1.0
2024-01-31,184.3999938964844,397.5799865722656,-16.098731314119163,0.46380602677284705,0.0,0.0
2024-02-01,186.8600006103516,403.7799987792969,-16.143108669873783,0.462776762532232,0.0,0.0
2024-02-02,185.8500061035156,411.2200012207031,-20.158359129443937,0.45194787595890623,1.0,1.0
2024-02-05,187.67999267578125,405.6499938964844,-16.0784676949539,0.4626648477743458,0.0,0.0
2024-02-06,189.3000030517578,405.489990234375,-14.39382670066766,0.46684260428313307,0.0,0.0
2024-02-07,189.41000366210935,414.0499877929688,-17.741484044187956,0.45745685121675983,0.0,0.0
2024-02-08,188.32000732421875,414.1099853515625,-18.85571532306588,0.454758431300184,0.0,0.0
2024-02-09,188.8500061035156,420.5499877929688,-20.927040377340347,0.44905483672605395,0.0,0.0
2024-02-12,187.1499938964844,415.260009765625,-20.49026054946154,0.4506814754498341,0.0,0.0
2024-02-13,185.0399932861328,406.3200073242188,-18.989107028334672,0.45540458247354304,0.0,0.0
2024-02-14,184.1499938964844,409.489990234375,-21.159564332592566,0.4497057273392315,0.0,0.0
2024-02-15,183.8600006103516,406.55999755859375,-20.266039468065372,0.4522333769048529,0.0,0.0
2024-02-16,182.30999755859372,404.05999755859375,-20.80621222191604,0.45119536370871877,0.0,0.0
2024-02-20,181.55999755859372,402.7900085449219,-21.04322286831001,0.45075596143628005,0.0,0.0
2024-02-21,182.32000732421875,402.1799926757813,-20.03680809994006,0.45332938148217783,0.0,0.0
2024-02-22,184.3699951171875,411.6499938964844,-21.81205796852487,0.44788047577027323,0.0,0.0
2024-02-23,182.5200042724609,410.3399963378906,-23.13289872331049,0.4448018860003267,0.0,0.0
2024-02-26,181.16000366210935,407.5400085449219,-23.361894330818018,0.44452078290159,0.0,0.0
2024-02-27,182.6300048828125,407.4800109863281,-21.86765816912751,0.4481937762805748,0.0,0.0
2024-02-28,181.4199981689453,407.7200012207031,-23.174604646944175,0.44496222315750644,0.0,0.0
2024-02-29,180.75,413.6400146484375,-26.235886385226905,0.4369741649719835,1.0,1.0
2024-03-01,179.66000366210938,415.5,-28.077190547786046,0.43239471398822954,1.0,1.0
2024-03-04,175.10000610351562,414.9200134277344,-32.402912901158544,0.4220090630408031,1.0,1.0
2024-03-05,170.1199951171875,402.6499938964844,-32.42666889605903,0.42250092560767044,1.0,1.0
2024-03-06,169.1199951171875,402.0899963378906,-33.20046789549022,0.4206023443942383,1.0,1.0
2024-03-07,169.0,409.1400146484375,-36.168191848993956,0.413061528937024,1.0,1.0
2024-03-08,170.72999572753906,406.2200012207031,-33.25870890960613,0.4202894865208271,0.0,0.0
2024-03-11,172.75,404.5199890136719,-30.552015103756304,0.4270493540287361,0.0,0.0
2024-03-12,173.22999572753906,415.2799987792969,-34.418332923059324,0.41714023366582414,0.0,0.0
2024-03-13,171.1300048828125,415.1000061035156,-36.44561894482379,0.41226211121793366,0.0,0.0
2024-03-14,173.0,425.2200012207031,-38.66341490123975,0.40684821857711095,0.0,0.0
2024-03-15,172.6199951171875,416.4200134277344,-35.488822066230966,0.41453337868244416,0.0,0.0
2024-03-18,173.72000122070312,417.3200073242188,-34.75235240455595,0.41627527597961256,0.0,0.0
2024-03-19,176.0800018310547,421.4100036621094,-34.04443268233692,0.41783536295032364,0.0,0.0
2024-03-20,178.6699981689453,425.2300109863281,-32.99745999813567,0.42017259730684875,0.0,0.0
2024-03-21,171.3699951171875,429.3699951171875,-41.96973561317216,0.39911963357014657,0.0,0.0
2024-03-22,172.27999877929688,428.739990234375,-40.80525274366539,0.40182862038392614,0.0,0.0
2024-03-25,170.85000610351562,422.8599853515625,-39.860122586444135,0.4040344606299701,0.0,0.0
2024-03-26,169.7100067138672,421.6499938964844,-40.5113675634739,0.4024902387536408,0.0,0.0
2024-03-27,173.30999755859375,421.4299926757813,-36.82251115945033,0.4112426751076692,0.0,0.0
2024-03-28,171.47999572753906,420.7200012207031,-38.365724637467764,0.4075869823873273,0.0,0.0
2024-04-01,170.02999877929688,424.5700073242188,-41.37086270989303,0.4004757657067733,0.0,0.0
2024-04-02,168.83999633789062,421.4400024414063,-41.29655564599469,0.4006264126798566,0.0,0.0
2024-04-03,169.64999389648438,420.4500122070313,-40.086669234079295,0.40349622778212224,0.0,0.0
2024-04-04,168.82000732421875,417.8800048828125,-39.87854730160913,0.403991589335703,0.0,0.0
2024-04-05,169.5800018310547,425.5199890136719,-42.20458777512192,0.3985241732688758,0.0,0.0
2024-04-08,168.4499969482422,424.5899963378906,-42.958938745600165,0.39673567064964227,0.0,0.0
2024-04-09,169.6699981689453,426.2799987792969,-42.42158379244469,0.3980247692943966,0.0,0.0
2024-04-10,167.77999877929688,423.260009765625,-43.091712619952034,0.39639936423996913,0.0,0.0
2024-04-11,175.0399932861328,427.9299926757813,-37.718074206469936,0.40903885280775554,0.0,0.0
2024-04-12,176.5500030517578,421.8999938964844,-33.77235425537401,0.4184641043040057,0.0,0.0
2024-04-15,172.69000244140625,413.6400146484375,-34.295883943820655,0.4174886285800459,0.0,0.0
2024-04-16,169.3800048828125,414.5799865722656,-37.985566353559875,0.4085580837686862,0.0,0.0
2024-04-17,168.0,411.8399963378906,-38.258801174515725,0.4079254115527085,0.0,0.0
2024-04-18,167.0399932861328,404.2699890136719,-36.16103878783275,0.4131891998554554,0.0,0.0
2024-04-19,165.0,399.1199951171875,-36.120784125682775,0.4134095059596139,0.0,0.0
2024-04-22,165.83999633789062,400.9599914550781,-36.02402140780825,0.4136073420593901,0.0,0.0
2024-04-23,166.89999389648438,407.5700073242188,-37.634021566936696,0.4095001862188469,0.0,0.0
2024-04-24,169.02000427246094,409.05999755859375,-36.1158661038632,0.4131912318027394,0.0,0.0
2024-04-25,169.88999938964844,399.0400085449219,-31.19847559039451,0.425746781655161,-1.0,-1.0
2024-04-26,169.3000030517578,406.3200073242188,-34.72909726270967,0.41666666666666663,0.0,0.0
2024-04-29,173.5,402.25,-28.88509363098737,0.43132380360472344,-1.0,-1.0
2024-04-30,170.3300018310547,389.3299865722656,-26.836283396455173,0.437495203826122,-1.0,-1.0
2024-05-01,169.3000030517578,394.9400024414063,-30.1323477743114,0.42867271485591113,0.0,0.0
2024-05-02,173.02999877929688,397.8399963378906,-27.573752726938636,0.43492358830694405,0.0,0.0
2024-05-03,183.3800048828125,406.6600036621094,-20.786430872926758,0.45094182666457044,-1.0,-1.0
2024-05-06,181.7100067138672,413.5400085449219,-25.235483994037423,0.4394012742642009,0.0,0.0
2024-05-07,182.3999938964844,409.3399963378906,-22.84897698012415,0.44559533768579485,0.0,0.0
2024-05-08,182.7400054931641,410.5400085449219,-22.993688857251897,0.44512106418287956,0.0,0.0
2024-05-09,184.57000732421875,412.3200073242188,-21.88268570522598,0.4476377668937277,0.0,0.0
2024-05-10,183.0500030517578,414.739990234375,-24.38019880292424,0.4413608703330341,0.0,0.0
2024-05-13,186.27999877929688,413.7200012207031,-20.73819675156986,0.4502562076517154,0.0,0.0
2024-05-14,187.42999267578125,416.55999755859375,-20.73536859426443,0.44994717153419694,0.0,0.0
2024-05-15,189.72000122070312,423.0799865722656,-21.07899302855367,0.4484258467477694,0.0,0.0
2024-05-16,189.83999633789065,420.989990234375,-20.114781261559358,0.4509370786516855,0.0,0.0
2024-05-17,189.8699951171875,420.2099914550781,-19.76971592239667,0.4518455033868114,0.0,0.0
2024-05-20,191.0399932861328,425.3399963378906,-20.671891497081674,0.4491465531832337,0.0,0.0
2024-05-21,192.3500061035156,429.0400085449219,-20.856432451413525,0.448326501660919,0.0,0.0
2024-05-22,190.8999938964844,430.5199890136719,-22.90425630550658,0.4434172599833037,0.0,0.0
2024-05-23,186.8800048828125,427.0,-25.502408697455962,0.43765809106045084,0.0,0.0
2024-05-24,189.97999572753903,430.1600036621094,-23.6788448285277,0.4416496050543283,0.0,0.0
2024-05-28,189.9900054931641,430.3200073242188,-23.733465681212323,0.44150864998015,0.0,0.0
2024-05-29,190.2899932861328,429.1700134277344,-22.96895841661228,0.443390701429271,0.0,0.0
2024-05-30,191.2899932861328,414.6700134277344,-16.111942688750645,0.4613065500080329,-1.0,-1.0
2024-05-31,192.25,415.1300048828125,-15.33774129812997,0.46310793664329436,-1.0,-1.0
2024-06-03,194.02999877929688,413.5199890136719,-12.90740539692527,0.4692155250876683,-1.0,-1.0
2024-06-04,194.3500061035156,416.0700073242188,-13.617432372789892,0.4671089063914912,0.0,0.0
2024-06-05,195.8699951171875,424.010009765625,-15.304665371433572,0.46194663004643743,0.0,0.0
2024-06-06,194.47999572753903,424.5199890136719,-16.9006617594747,0.45811740497636666,0.0,0.0
2024-06-07,196.88999938964844,423.8500061035156,-14.220030480662984,0.4645275369927978,0.0,0.0
2024-06-10,193.1199951171875,427.8699951171875,-19.613837434427865,0.4513520399211323,0.0,0.0
2024-06-11,207.1499938964844,432.6799926757813,-7.526751162142006,0.4787602787349297,-1.0,-1.0
2024-06-12,213.07000732421875,441.05999755859375,-4.991690865317281,0.4830862207038237,-1.0,-1.0
2024-06-13,214.2400054931641,441.5799865722656,-4.0317329606058365,0.48516692786778554,-1.0,0.0
2024-06-14,212.4900054931641,442.5700073242188,-6.181634140957499,0.48012744193371815,0.0,0.0
2024-06-17,216.6699981689453,448.3699951171875,-4.344442825508935,0.48323929015882455,0.0,0.0
2024-06-18,214.2899932861328,446.3399963378906,-5.904465999502008,0.48010484169989076,0.0,0.0
2024-06-20,209.67999267578125,445.7000122070313,-10.255956463644935,0.4704509466748302,0.0,0.0
2024-06-21,207.4900054931641,449.7799987792969,-14.093981268553392,0.4613144338483082,0.0,0.0
2024-06-24,208.13999938964844,447.6700134277344,-12.59169651760979,0.46494067761196534,0.0,0.0
2024-06-25,209.07000732421875,450.9500122070313,-12.986585440812519,0.46362124773207597,0.0,0.0
2024-06-26,213.25,452.1600036621094,-9.295347177649916,0.47162508464450054,0.0,0.0
2024-06-27,214.1000061035156,452.8500061035156,-8.724055222519098,0.4727834894951401,0.0,0.0
2024-06-28,210.6199951171875,446.9500122070313,-9.820869171192271,0.4712383697611947,0.0,0.0
2024-07-01,216.75,456.7300109863281,-7.641319920711453,0.4745692089116698,0.0,0.0
2024-07-02,220.2700042724609,459.2799987792969,-5.151337621303867,0.47959851258036124,0.0,0.0
2024-07-03,221.5500030517578,460.7699890136719,-4.473193754910028,0.48082559266936986,0.0,0.0
2024-07-05,226.33999633789065,467.55999755859375,-2.425903009461507,0.4840875984253254,0.0,0.0
2024-07-08,227.82000732421875,466.239990234375,-0.41269866735120786,0.48863248991081937,0.0,0.0
2024-07-09,228.67999267578125,459.5400085449219,3.1536244863845297,0.497628037654151,-1.0,-1.0
2024-07-10,232.97999572753903,466.25,4.743246470127843,0.4996889988794403,-1.0,-1.0
2024-07-11,227.57000732421875,454.7000122070313,3.998669112326695,0.5004838381675761,0.0,0.0
2024-07-12,230.5399932861328,453.5499877929688,7.43318687290207,0.5083011784609881,-1.0,-1.0
2024-07-15,234.3999938964844,453.9599914550781,11.1275738351533,0.5163450487016753,-1.0,-1.0
2024-07-16,234.82000732421875,449.5199890136719,13.341046858133211,0.5223794560047403,-1.0,-1.0
2024-07-17,228.8800048828125,443.5199890136719,9.82463713170418,0.5160534148456544,0.0,0.0
2024-07-18,224.17999267578125,440.3699951171875,6.397008634629998,0.5090719058098506,0.0,0.0
2024-07-19,224.30999755859372,437.1099853515625,7.843836170563037,0.513166033894613,0.0,0.0
2024-07-22,223.9600067138672,442.9400024414063,5.1389141679801185,0.5056215412458562,0.0,0.0
2024-07-23,225.00999450683597,444.8500061035156,5.417390134104238,0.5058109282221223,0.0,0.0
2024-07-24,218.5399932861328,428.8999938964844,5.390111144860896,0.5095360139801675,0.0,0.0
2024-07-25,217.4900054931641,418.3999938964844,8.581410603102341,0.519813596237702,0.0,0.0
2024-07-26,217.9600067138672,425.2699890136719,6.276400137481289,0.5125214859844249,0.0,0.0
2024-07-29,218.2400054931641,426.7300109863281,5.9666491473388135,0.511424085193193,0.0,0.0
2024-07-30,218.8000030517578,422.9200134277344,8.065627093780677,0.5173555190221444,0.0,0.0
2024-07-31,222.0800018310547,418.3500061035156,13.19159861613906,0.530847373230595,0.0,0.0
2024-08-01,218.3600006103516,417.1099853515625,9.972481605578338,0.5235070084124362,0.0,0.0
2024-08-02,219.8600006103516,408.489990234375,14.954374500437495,0.5382261643282981,0.0,-1.0
2024-08-05,209.2700042724609,395.1499938964844,9.752831152935926,0.5295963748066826,0.0,0.0
2024-08-06,207.22999572753903,399.6099853515625,5.911288808116041,0.5185806244186454,0.0,0.0
2024-08-07,209.82000732421875,398.4299926757813,8.977937346920726,0.526616999676924,0.0,0.0
2024-08-08,213.30999755859372,402.6900024414063,10.747172809012255,0.5297126729378675,0.0,0.0
2024-08-09,216.2400054931641,406.0199890136719,12.33209221066349,0.5325846296840392,0.0,0.0
2024-08-12,217.52999877929688,406.80999755859375,13.3029756710892,0.5347213689062927,0.0,0.0
2024-08-13,221.2700042724609,414.010009765625,14.134664975468553,0.5344556871891188,0.0,0.0
2024-08-14,221.72000122070312,416.8599853515625,13.433465245720583,0.5318812287385023,0.0,0.0
2024-08-15,224.72000122070312,421.0299987792969,14.749062884918203,0.5337386929013125,0.0,0.0
2024-08-16,226.0500030517578,418.4700012207031,17.113129954867446,0.5401820976231411,0.0,0.0
2024-08-19,225.88999938964844,421.5299987792969,15.717094994282093,0.5358811947994219,0.0,0.0
2024-08-20,226.50999450683597,424.7999877929688,15.016236519537813,0.5332156332764026,0.0,0.0
2024-08-21,226.3999938964844,424.1400146484375,15.17282026004736,0.5337859812263729,0.0,0.0
2024-08-22,224.52999877929688,415.5499877929688,16.772612894255275,0.5403200706894498,0.0,0.0
2024-08-23,226.83999633789065,416.7900085449219,18.581726242706708,0.5442548806048015,0.0,0.0
2024-08-26,227.17999267578125,413.489990234375,20.254705970052783,0.5494207793204637,0.0,-1.0
2024-08-27,228.02999877929688,413.8399963378906,20.9633333664554,0.5510100541203266,0.0,-1.0
2024-08-28,226.4900054931641,410.6000061035156,20.73207620176072,0.5516074089781288,0.0,0.0
2024-08-29,229.7899932861328,413.1199951171875,23.014159492169824,0.5562306254892105,0.0,-1.0
2024-08-30,229.0,417.1400146484375,20.60035119770305,0.5489763435737507,0.0,0.0
2024-09-03,222.7700042724609,409.4400024414063,17.480637718530062,0.5440846105513123,0.0,0.0
2024-09-04,220.8500061035156,408.8999938964844,15.778766345501111,0.5401076287602615,0.0,0.0
2024-09-05,222.3800048828125,408.3900146484375,17.51476212319068,0.5445285068349389,0.0,0.0
2024-09-06,220.82000732421875,401.7000122070313,18.657071427958925,0.5497137182321289,0.0,0.0
2024-09-09,220.91000366210935,405.7200012207031,17.123265084545608,0.5444888174047376,0.0,0.0
2024-09-10,220.1100006103516,414.2000122070313,12.897913224555879,0.5314099326977642,0.0,0.0
2024-09-11,222.66000366210935,423.0400085449219,11.877157822157471,0.5263332052870491,0.0,0.0
2024-09-12,222.7700042724609,427.0,10.387590692192447,0.5217096118792995,1.0,1.0
2024-09-13,222.5,430.5899963378906,8.66747159118043,0.5167328593147362,1.0,1.0
2024-09-16,216.32000732421875,431.3399963378906,2.184529826027017,0.5015069531246629,1.0,1.0
2024-09-17,216.7899932861328,435.1499938964844,1.1155354000929378,0.4981960159183729,1.0,1.0
2024-09-18,220.69000244140625,430.80999755859375,6.768608473289646,0.512267597530372,0.0,0.0
2024-09-19,228.8699951171875,438.6900024414063,11.76561407774264,0.5217123568886358,0.0,0.0
2024-09-20,228.1999969482422,435.2699890136719,12.477069180227573,0.5242722969836415,0.0,0.0
2024-09-23,226.47000122070312,433.510009765625,11.45798560003476,0.5224100853937444,0.0,0.0
2024-09-24,227.3699951171875,429.1700134277344,14.111043414442406,0.5297900319297894,0.0,0.0
2024-09-25,226.3699951171875,432.1099853515625,11.92349432497116,0.5238712429499032,0.0,0.0
2024-09-26,227.5200042724609,431.30999755859375,13.396644244762882,0.5275092290007772,0.0,0.0
2024-09-27,227.7899932861328,428.0199890136719,14.995573382049031,0.5321947552287254,0.0,0.0
2024-09-30,233.0,430.2999877929688,19.284615357306052,0.5414827018589269,0.0,0.0
2024-10-01,226.2100067138672,420.6900024414063,16.37640381935404,0.5377118671732013,0.0,0.0
2024-10-02,226.77999877929688,417.1300048828125,18.384393242841156,0.543667432514254,0.0,0.0
2024-10-03,225.6699981689453,416.5400085449219,17.51271110355208,0.5417726833906469,0.0,0.0
2024-10-04,226.8000030517578,416.05999755859375,18.836607841293585,0.5451136960597073,0.0,0.0
2024-10-07,221.69000244140625,409.5400085449219,16.360240210153137,0.5413146403670336,0.0,0.0
2024-10-08,225.7700042724609,414.7099914550781,18.351919888272533,0.5444045451625358,0.0,0.0
2024-10-09,229.5399932861328,417.4599914550781,21.011095574246553,0.5498490825098219,0.0,0.0
2024-10-10,229.0399932861328,415.8399963378906,21.16546363496559,0.5507887536148073,0.0,0.0
2024-10-11,227.5500030517578,416.3200073242188,19.481581545661612,0.5465747479067178,0.0,0.0
2024-10-14,231.3000030517578,419.1400146484375,22.092490011135112,0.5518442405117668,0.0,0.0
2024-10-15,233.8500061035156,418.739990234375,24.804075772182046,0.5584611251784819,0.0,0.0
2024-10-16,231.77999877929688,416.1199951171875,23.792368627845264,0.5570027912598219,0.0,0.0
2024-10-17,232.1499938964844,416.7200012207031,23.920002008129075,0.5570886763688916,0.0,0.0
2024-10-18,235.0,418.1600036621094,26.18834487388773,0.5619858378179319,0.0,0.0
2024-10-21,236.47999572753903,418.7799987792969,27.417904659870572,0.5646878944000556,0.0,0.0
2024-10-22,235.8600006103516,427.510009765625,23.271577704660473,0.5517063816579588,0.0,0.0
2024-10-23,230.75999450683597,424.6000061035156,19.34701554715241,0.5434761921566663,0.0,0.0
2024-10-24,230.57000732421875,424.7300109863281,19.104515216719193,0.5428625276296775,0.0,0.0
2024-10-25,231.41000366210935,428.1499938964844,18.563070610209593,0.5404881629358573,0.0,0.0
2024-10-28,233.3999938964844,426.5899963378906,21.18319396431633,0.5471295527324426,0.0,0.0
2024-10-29,233.6699981689453,431.9500122070313,19.2881156680086,0.5409653699857949,0.0,0.0
2024-10-30,230.1000061035156,432.5299987792969,15.483848397357661,0.5319862362215635,0.0,0.0
2024-10-31,225.91000366210935,406.3500061035156,21.868785877148184,0.5559493054481704,0.0,0.0
2024-11-01,222.91000366210935,410.3699951171875,17.24498319584424,0.5431927439004256,0.0,0.0
2024-11-04,222.00999450683597,408.4599914550781,17.11648586741555,0.5435293520816036,0.0,0.0
2024-11-05,223.4499969482422,411.4599914550781,17.344691951333147,0.5430661585298695,0.0,0.0
2024-11-06,222.72000122070312,420.1799926757813,13.092407651612632,0.5300585584820028,1.0,0.0
2024-11-07,227.47999572753903,425.4299926757813,15.731758532843457,0.5347060612647043,0.0,0.0
2024-11-08,226.9600067138672,422.5400085449219,16.379126933496735,0.5371325841911091,0.0,0.0
2024-11-11,224.22999572753903,418.010009765625,15.47892795389518,0.5364225508696863,0.0,0.0
2024-11-12,224.22999572753903,423.0299987792969,13.451193153428363,0.5300569613847274,0.0,0.0
2024-11-13,225.1199951171875,425.2000122070313,13.464654420600198,0.5294449403909608,0.0,0.0
2024-11-14,228.22000122070312,426.8900146484375,15.88201425656817,0.5346107741795091,0.0,0.0
2024-11-15,225.0,415.0,17.464771849686002,0.5421686746987951,0.0,0.0
2024-11-18,228.0200042724609,415.760009765625,20.177783766933516,0.5484414058990471,0.0,0.0
2024-11-19,228.27999877929688,417.7900085449219,19.617796564950055,0.5463988944454415,0.0,0.0
2024-11-20,229.0,415.489990234375,21.266849055945784,0.5511564788139004,0.0,0.0
2024-11-21,228.5200042724609,412.8699951171875,21.845153508288632,0.5534914306562738,0.0,0.0
2024-11-22,229.8699951171875,417.0,21.526902728547753,0.5512469906886991,0.0,0.0
2024-11-25,232.8699951171875,418.7900085449219,23.803860783677806,0.5560543240424718,0.0,0.0
2024-11-26,235.05999755859372,427.989990234375,22.277695125003618,0.5492184465105613,0.0,0.0
2024-11-27,234.92999267578125,422.989990234375,24.167350838005518,0.5554031965286191,0.0,0.0
2024-11-29,237.3300018310547,423.4599914550781,26.377511404191182,0.5604543678744002,0.0,0.0
2024-12-02,239.58999633789065,430.9800109863281,25.599928485623167,0.5559190455018368,0.0,0.0
2024-12-03,242.6499938964844,431.2000122070313,28.571060484919855,0.5627318808608505,0.0,0.0
2024-12-04,243.00999450683597,437.4200134277344,26.418602820997165,0.5555529857963011,0.0,0.0
2024-12-05,243.0399932861328,442.6199951171875,24.3481619768651,0.5490940218861686,0.0,0.0
2024-12-06,242.83999633789065,443.5700073242188,23.76442458460619,0.5474671243053445,0.0,0.0
2024-12-09,246.75,446.0199890136719,26.684801950984507,0.5532263263484282,0.0,0.0
2024-12-10,247.7700042724609,443.3299865722656,28.791384610155944,0.5588839279475917,0.0,0.0
2024-12-11,246.4900054931641,448.989990234375,25.22512855715368,0.5489877521868474,0.0,0.0
2024-12-12,247.9600067138672,449.55999755859375,26.464885511446738,0.551561544755879,0.0,0.0
2024-12-13,248.1300048828125,447.2699890136719,27.55989168484342,0.5547656023825641,0.0,0.0
2024-12-16,251.0399932861328,451.5899963378906,28.724890374892937,0.5559024675522232,0.0,0.0
2024-12-17,253.47999572753903,454.4599914550781,30.005609606626507,0.5577608601275404,0.0,0.0
2024-12-18,248.0500030517578,437.3900146484375,31.470728836412718,0.5671140052228532,0.0,-1.0
2024-12-19,249.7899932861328,437.0299987792969,33.35614104374196,0.5715625791909962,-1.0,-1.0
2024-12-20,254.4900054931641,436.6000061035156,38.22984110352607,0.5828905220693602,-1.0,-1.0
2024-12-23,255.2700042724609,435.25,39.55515070909874,0.586490532504218,-1.0,-1.0
2024-12-24,258.20001220703125,439.3299865722656,40.83712102137778,0.5877131543456795,-1.0,-1.0
2024-12-26,259.0199890136719,438.1099853515625,42.149895506478316,0.5912213774489085,-1.0,-1.0
2024-12-27,255.58999633789065,430.5299987792969,41.78170287005847,0.5936636170826137,0.0,0.0
2024-12-30,252.1999969482422,424.8299865722656,40.69412149045036,0.5936492359758172,0.0,0.0
2024-12-31,250.4199981689453,421.5,40.259211244072645,0.5941162471386603,0.0,0.0
2025-01-02,243.8500061035156,418.5799865722656,34.868706390491724,0.5825648954227203,0.0,0.0
2025-01-03,243.3600006103516,423.3500061035156,32.45193679962162,0.5748435032521206,0.0,0.0
2025-01-06,245.0,427.8500061035156,32.27424165303711,0.572630586665748,0.0,0.0
2025-01-07,242.2100067138672,422.3699951171875,31.697800817647618,0.5734545765891005,0.0,0.0
2025-01-08,242.6999969482422,424.55999755859375,31.30317872489354,0.5716506461839873,0.0,0.0
2025-01-10,236.8500061035156,418.9500122070313,27.719241151696224,0.5653419243403008,0.0,0.0
2025-01-13,234.3999938964844,417.1900024414063,25.9801534190413,0.5618542930673549,0.0,0.0
