Date,Symbol,Open,High,Low,Close,Volume,fetch_time
2025-01-14 09:00:00+00:00,MSFT,419.55,419.79,419.55,419.7,0,2025-01-15 05:14:03.140428+00:00
2025-01-14 09:01:00+00:00,MSFT,419.4,419.84,419.4,419.82,0,2025-01-15 05:14:03.140428+00:00
2025-01-14 09:02:00+00:00,MSFT,419.4,419.4,419.4,419.4,0,2025-01-15 05:14:03.140428+00:00
2025-01-14 09:03:00+00:00,MSFT,419.8,419.84,419.42,419.84,0,2025-01-15 05:14:03.140428+00:00
2025-01-14 09:04:00+00:00,MSFT,420.0,420.39,419.91,420.25,0,2025-01-15 05:14:03.140428+00:00
2025-01-14 09:05:00+00:00,MSFT,420.48,420.6,420.17,420.6,0,2025-01-15 05:14:03.140428+00:00
2025-01-14 09:06:00+00:00,MSFT,420.5,420.68,420.5,420.68,0,2025-01-15 05:14:03.140428+00:00
2025-01-14 09:07:00+00:00,MSFT,420.4,420.42,420.28,420.42,0,2025-01-15 05:14:03.140428+00:00
2025-01-14 09:08:00+00:00,MSFT,420.27,420.43,420.27,420.43,0,2025-01-15 05:14:03.140428+00:00
2025-01-14 09:10:00+00:00,MSFT,420.2,420.2,420.2,420.2,0,2025-01-15 05:14:03.140428+00:00
2025-01-14 09:11:00+00:00,MSFT,420.12,420.23,420.12,420.23,0,2025-01-15 05:14:03.140428+00:00
2025-01-14 09:12:00+00:00,MSFT,420.0,420.15,420.0,420.12,0,2025-01-15 05:14:03.140428+00:00
2025-01-14 09:13:00+00:00,MSFT,419.95,419.95,419.95,419.95,0,2025-01-15 05:14:03.140428+00:00
2025-01-14 09:16:00+00:00,MSFT,419.98,419.98,419.8,419.8,0,2025-01-15 05:14:03.140428+00:00
2025-01-14 09:17:00+00:00,MSFT,419.72,419.72,419.46,419.46,0,2025-01-15 05:14:03.140428+00:00
2025-01-14 09:18:00+00:00,MSFT,419.4,419.5,419.4,419.5,0,2025-01-15 05:14:03.140428+00:00
2025-01-14 09:19:00+00:00,MSFT,419.32,419.35,419.32,419.35,0,2025-01-15 05:14:03.140428+00:00
2025-01-14 09:20:00+00:00,MSFT,419.33,419.33,419.33,419.33,0,2025-01-15 05:14:03.140428+00:00
2025-01-14 09:21:00+00:00,MSFT,419.35,419.37,419.35,419.37,0,2025-01-15 05:14:03.140428+00:00
2025-01-14 09:25:00+00:00,MSFT,419.4,419.48,419.1,419.1,0,2025-01-15 05:14:03.140428+00:00
2025-01-14 09:26:00+00:00,MSFT,419.14,419.14,419.12,419.12,0,2025-01-15 05:14:03.140428+00:00
2025-01-14 09:27:00+00:00,MSFT,419.3,419.3,419.25,419.25,0,2025-01-15 05:14:03.140428+00:00
2025-01-14 09:28:00+00:00,MSFT,419.31,419.31,419.11,419.11,0,2025-01-15 05:14:03.140428+00:00
2025-01-14 09:29:00+00:00,MSFT,419.11,419.11,419.11,419.11,0,2025-01-15 05:14:03.140428+00:00
2025-01-14 09:30:00+00:00,MSFT,419.22,419.6,419.22,419.6,0,2025-01-15 05:14:03.140428+00:00
2025-01-14 09:31:00+00:00,MSFT,419.61,419.61,419.35,419.35,0,2025-01-15 05:14:03.140428+00:00
2025-01-14 09:32:00+00:00,MSFT,419.4,419.4,419.22,419.22,0,2025-01-15 05:14:03.140428+00:00
2025-01-14 09:34:00+00:00,MSFT,419.48,419.54,419.48,419.54,0,2025-01-15 05:14:03.140428+00:00
2025-01-14 09:35:00+00:00,MSFT,419.6,419.6,419.6,419.6,0,2025-01-15 05:14:03.140428+00:00
2025-01-14 09:36:00+00:00,MSFT,419.59,419.59,419.59,419.59,0,2025-01-15 05:14:03.140428+00:00
2025-01-14 09:37:00+00:00,MSFT,419.45,419.45,419.45,419.45,0,2025-01-15 05:14:03.140428+00:00
2025-01-14 09:38:00+00:00,MSFT,419.45,419.45,419.32,419.32,0,2025-01-15 05:14:03.140428+00:00
2025-01-14 09:39:00+00:00,MSFT,419.17,419.17,419.17,419.17,0,2025-01-15 05:14:03.140428+00:00
2025-01-14 09:40:00+00:00,MSFT,419.17,419.17,419.06,419.06,0,2025-01-15 05:14:03.140428+00:00
2025-01-14 09:41:00+00:00,MSFT,419.11,419.11,419.11,419.11,0,2025-01-15 05:14:03.140428+00:00
2025-01-14 09:46:00+00:00,MSFT,419.53,419.53,419.53,419.53,0,2025-01-15 05:14:03.140428+00:00
2025-01-14 09:50:00+00:00,MSFT,419.48,419.48,419.48,419.48,0,2025-01-15 05:14:03.140428+00:00
2025-01-14 09:51:00+00:00,MSFT,419.51,419.53,419.51,419.53,0,2025-01-15 05:14:03.140428+00:00
2025-01-14 09:52:00+00:00,MSFT,419.52,419.52,419.52,419.52,0,2025-01-15 05:14:03.140428+00:00
2025-01-14 09:56:00+00:00,MSFT,419.47,419.47,419.47,419.47,0,2025-01-15 05:14:03.140428+00:00
2025-01-14 09:58:00+00:00,MSFT,419.76,419.8,419.76,419.8,0,2025-01-15 05:14:03.140428+00:00
2025-01-14 10:00:00+00:00,MSFT,419.63,419.75,419.56,419.56,0,2025-01-15 05:14:03.140428+00:00
2025-01-14 10:01:00+00:00,MSFT,419.61,419.66,419.52,419.52,0,2025-01-15 05:14:03.140428+00:00
2025-01-14 10:03:00+00:00,MSFT,419.63,419.71,419.56,419.56,0,2025-01-15 05:14:03.140428+00:00
2025-01-14 10:09:00+00:00,MSFT,419.73,419.73,419.63,419.63,0,2025-01-15 05:14:03.140428+00:00
2025-01-14 10:10:00+00:00,MSFT,419.8,419.8,419.8,419.8,0,2025-01-15 05:14:03.140428+00:00
2025-01-14 10:12:00+00:00,MSFT,419.74,419.74,419.74,419.74,0,2025-01-15 05:14:03.140428+00:00
2025-01-14 10:13:00+00:00,MSFT,419.7,419.7,419.7,419.7,0,2025-01-15 05:14:03.140428+00:00
2025-01-14 10:14:00+00:00,MSFT,419.48,419.48,419.48,419.48,0,2025-01-15 05:14:03.140428+00:00
2025-01-14 10:15:00+00:00,MSFT,419.68,419.68,419.68,419.68,0,2025-01-15 05:14:03.140428+00:00
2025-01-14 10:19:00+00:00,MSFT,419.69,419.69,419.69,419.69,0,2025-01-15 05:14:03.140428+00:00
2025-01-14 10:20:00+00:00,MSFT,419.68,419.68,419.68,419.68,0,2025-01-15 05:14:03.140428+00:00
2025-01-14 10:21:00+00:00,MSFT,419.67,419.67,419.67,419.67,0,2025-01-15 05:14:03.140428+00:00
2025-01-14 10:22:00+00:00,MSFT,419.68,419.68,419.68,419.68,0,2025-01-15 05:14:03.140428+00:00
2025-01-14 10:24:00+00:00,MSFT,419.65,419.65,419.65,419.65,0,2025-01-15 05:14:03.140428+00:00
2025-01-14 10:27:00+00:00,MSFT,419.37,419.44,419.37,419.41,0,2025-01-15 05:14:03.140428+00:00
2025-01-14 10:28:00+00:00,MSFT,419.61,419.61,419.61,419.61,0,2025-01-15 05:14:03.140428+00:00
2025-01-14 10:30:00+00:00,MSFT,419.43,419.43,419.42,419.43,0,2025-01-15 05:14:03.140428+00:00
2025-01-14 10:32:00+00:00,MSFT,419.52,419.52,419.51,419.51,0,2025-01-15 05:14:03.140428+00:00
2025-01-14 10:33:00+00:00,MSFT,419.55,419.55,419.55,419.55,0,2025-01-15 05:14:03.140428+00:00
2025-01-14 10:34:00+00:00,MSFT,419.53,419.53,419.5,419.5,0,2025-01-15 05:14:03.140428+00:00
2025-01-14 10:35:00+00:00,MSFT,419.48,419.48,419.45,419.45,0,2025-01-15 05:14:03.140428+00:00
2025-01-14 10:38:00+00:00,MSFT,419.51,419.51,419.45,419.45,0,2025-01-15 05:14:03.140428+00:00
2025-01-14 10:43:00+00:00,MSFT,419.45,419.45,419.45,419.45,0,2025-01-15 05:14:03.140428+00:00
2025-01-14 10:50:00+00:00,MSFT,419.5,419.5,419.5,419.5,0,2025-01-15 05:14:03.140428+00:00
2025-01-14 10:53:00+00:00,MSFT,419.49,419.5,419.45,419.47,0,2025-01-15 05:14:03.140428+00:00
2025-01-14 10:55:00+00:00,MSFT,419.47,419.47,419.47,419.47,0,2025-01-15 05:14:03.140428+00:00
2025-01-14 10:56:00+00:00,MSFT,419.45,419.45,419.45,419.45,0,2025-01-15 05:14:03.140428+00:00
2025-01-14 10:57:00+00:00,MSFT,419.5,419.5,419.5,419.5,0,2025-01-15 05:14:03.140428+00:00
2025-01-14 11:00:00+00:00,MSFT,419.5,419.5,419.45,419.45,0,2025-01-15 05:14:03.140428+00:00
2025-01-14 11:01:00+00:00,MSFT,419.49,419.51,419.49,419.51,0,2025-01-15 05:14:03.140428+00:00
2025-01-14 11:04:00+00:00,MSFT,419.51,419.51,419.48,419.48,0,2025-01-15 05:14:03.140428+00:00
2025-01-14 11:06:00+00:00,MSFT,419.62,419.62,419.62,419.62,0,2025-01-15 05:14:03.140428+00:00
2025-01-14 11:07:00+00:00,MSFT,419.6,419.6,419.6,419.6,0,2025-01-15 05:14:03.140428+00:00
2025-01-14 11:09:00+00:00,MSFT,419.48,419.48,419.48,419.48,0,2025-01-15 05:14:03.140428+00:00
2025-01-14 11:10:00+00:00,MSFT,419.5,419.6,419.5,419.54,0,2025-01-15 05:14:03.140428+00:00
2025-01-14 11:11:00+00:00,MSFT,419.54,419.56,419.54,419.56,0,2025-01-15 05:14:03.140428+00:00
2025-01-14 11:13:00+00:00,MSFT,419.54,419.54,419.54,419.54,0,2025-01-15 05:14:03.140428+00:00
2025-01-14 11:14:00+00:00,MSFT,419.6,419.6,419.6,419.6,0,2025-01-15 05:14:03.140428+00:00
2025-01-14 11:15:00+00:00,MSFT,419.57,419.57,419.53,419.53,0,2025-01-15 05:14:03.140428+00:00
2025-01-14 11:16:00+00:00,MSFT,419.51,419.51,419.37,419.37,0,2025-01-15 05:14:03.140428+00:00
2025-01-14 11:17:00+00:00,MSFT,419.47,419.47,419.47,419.47,0,2025-01-15 05:14:03.140428+00:00
2025-01-14 11:19:00+00:00,MSFT,419.14,419.24,419.0,419.24,0,2025-01-15 05:14:03.140428+00:00
2025-01-14 11:20:00+00:00,MSFT,419.08,419.08,419.08,419.08,0,2025-01-15 05:14:03.140428+00:00
2025-01-14 11:22:00+00:00,MSFT,419.08,419.1,419.0,419.1,0,2025-01-15 05:14:03.140428+00:00
2025-01-14 11:24:00+00:00,MSFT,419.16,419.16,419.13,419.13,0,2025-01-15 05:14:03.140428+00:00
2025-01-14 11:26:00+00:00,MSFT,419.2,419.2,419.2,419.2,0,2025-01-15 05:14:03.140428+00:00
2025-01-14 11:28:00+00:00,MSFT,419.08,419.2,419.07,419.2,0,2025-01-15 05:14:03.140428+00:00
2025-01-14 11:30:00+00:00,MSFT,419.02,419.06,419.02,419.06,0,2025-01-15 05:14:03.140428+00:00
2025-01-14 11:31:00+00:00,MSFT,419.06,419.06,419.06,419.06,0,2025-01-15 05:14:03.140428+00:00
2025-01-14 11:36:00+00:00,MSFT,419.13,419.13,419.13,419.13,0,2025-01-15 05:14:03.140428+00:00
2025-01-14 11:37:00+00:00,MSFT,419.2,419.2,419.2,419.2,0,2025-01-15 05:14:03.140428+00:00
2025-01-14 11:38:00+00:00,MSFT,419.16,419.16,419.15,419.15,0,2025-01-15 05:14:03.140428+00:00
2025-01-14 11:39:00+00:00,MSFT,419.13,419.13,419.08,419.08,0,2025-01-15 05:14:03.140428+00:00
2025-01-14 11:40:00+00:00,MSFT,419.08,419.09,419.05,419.09,0,2025-01-15 05:14:03.140428+00:00
2025-01-14 11:41:00+00:00,MSFT,419.16,419.16,419.16,419.16,0,2025-01-15 05:14:03.140428+00:00
2025-01-14 11:45:00+00:00,MSFT,419.02,419.02,419.01,419.01,0,2025-01-15 05:14:03.140428+00:00
2025-01-14 11:46:00+00:00,MSFT,419.01,419.01,418.8,418.8,0,2025-01-15 05:14:03.140428+00:00
2025-01-14 11:47:00+00:00,MSFT,418.8,418.82,418.58,418.8,0,2025-01-15 05:14:03.140428+00:00
2025-01-14 11:48:00+00:00,MSFT,418.5,418.5,418.47,418.47,0,2025-01-15 05:14:03.140428+00:00
2025-01-14 11:50:00+00:00,MSFT,418.5,418.5,418.5,418.5,0,2025-01-15 05:14:03.140428+00:00
2025-01-14 11:51:00+00:00,MSFT,418.68,418.68,418.68,418.68,0,2025-01-15 05:14:03.140428+00:00
2025-01-14 11:52:00+00:00,MSFT,418.62,418.62,418.62,418.62,0,2025-01-15 05:14:03.140428+00:00
2025-01-14 11:55:00+00:00,MSFT,418.42,418.42,418.4,418.4,0,2025-01-15 05:14:03.140428+00:00
2025-01-14 11:56:00+00:00,MSFT,418.41,418.41,418.41,418.41,0,2025-01-15 05:14:03.140428+00:00
2025-01-14 11:58:00+00:00,MSFT,418.42,418.42,418.42,418.42,0,2025-01-15 05:14:03.140428+00:00
2025-01-14 11:59:00+00:00,MSFT,418.4,418.65,418.4,418.48,0,2025-01-15 05:14:03.140428+00:00
2025-01-14 12:00:00+00:00,MSFT,418.56,418.65,418.4,418.65,0,2025-01-15 05:14:03.140428+00:00
2025-01-14 12:01:00+00:00,MSFT,418.65,418.65,418.65,418.65,0,2025-01-15 05:14:03.140428+00:00
2025-01-14 12:02:00+00:00,MSFT,418.65,418.65,418.45,418.45,0,2025-01-15 05:14:03.140428+00:00
2025-01-14 12:05:00+00:00,MSFT,418.65,418.68,418.56,418.56,0,2025-01-15 05:14:03.140428+00:00
2025-01-14 12:06:00+00:00,MSFT,418.46,418.46,418.42,418.42,0,2025-01-15 05:14:03.140428+00:00
2025-01-14 12:07:00+00:00,MSFT,418.44,418.44,417.4,417.4,0,2025-01-15 05:14:03.140428+00:00
2025-01-14 12:08:00+00:00,MSFT,417.71,417.71,417.48,417.48,0,2025-01-15 05:14:03.140428+00:00
2025-01-14 12:09:00+00:00,MSFT,417.8,417.8,417.8,417.8,0,2025-01-15 05:14:03.140428+00:00
2025-01-14 12:10:00+00:00,MSFT,417.79,417.88,417.76,417.88,0,2025-01-15 05:14:03.140428+00:00
2025-01-14 12:11:00+00:00,MSFT,418.3,418.3,418.3,418.3,0,2025-01-15 05:14:03.140428+00:00
2025-01-14 12:13:00+00:00,MSFT,418.05,418.05,418.05,418.05,0,2025-01-15 05:14:03.140428+00:00
2025-01-14 12:15:00+00:00,MSFT,418.0,418.0,418.0,418.0,0,2025-01-15 05:14:03.140428+00:00
2025-01-14 12:16:00+00:00,MSFT,418.0,418.0,417.98,417.98,0,2025-01-15 05:14:03.140428+00:00
2025-01-14 12:17:00+00:00,MSFT,417.98,417.98,417.98,417.98,0,2025-01-15 05:14:03.140428+00:00
2025-01-14 12:18:00+00:00,MSFT,418.02,418.25,418.02,418.25,0,2025-01-15 05:14:03.140428+00:00
2025-01-14 12:19:00+00:00,MSFT,418.21,418.21,418.21,418.21,0,2025-01-15 05:14:03.140428+00:00
2025-01-14 12:20:00+00:00,MSFT,418.12,418.12,418.08,418.08,0,2025-01-15 05:14:03.140428+00:00
2025-01-14 12:21:00+00:00,MSFT,418.1,418.17,417.75,417.75,0,2025-01-15 05:14:03.140428+00:00
2025-01-14 12:22:00+00:00,MSFT,417.7,417.7,417.7,417.7,0,2025-01-15 05:14:03.140428+00:00
2025-01-14 12:23:00+00:00,MSFT,417.7,417.73,417.7,417.73,0,2025-01-15 05:14:03.140428+00:00
2025-01-14 12:24:00+00:00,MSFT,417.62,417.8,417.62,417.8,0,2025-01-15 05:14:03.140428+00:00
2025-01-14 12:25:00+00:00,MSFT,417.8,417.9,417.8,417.9,0,2025-01-15 05:14:03.140428+00:00
2025-01-14 12:26:00+00:00,MSFT,417.95,418.13,417.95,418.13,0,2025-01-15 05:14:03.140428+00:00
2025-01-14 12:28:00+00:00,MSFT,418.35,418.35,418.3,418.3,0,2025-01-15 05:14:03.140428+00:00
2025-01-14 12:29:00+00:00,MSFT,418.4,418.4,418.4,418.4,0,2025-01-15 05:14:03.140428+00:00
2025-01-14 12:30:00+00:00,MSFT,418.26,418.26,418.26,418.26,0,2025-01-15 05:14:03.140428+00:00
2025-01-14 12:34:00+00:00,MSFT,418.42,418.57,418.42,418.57,0,2025-01-15 05:14:03.140428+00:00
2025-01-14 12:35:00+00:00,MSFT,418.67,418.69,418.67,418.69,0,2025-01-15 05:14:03.140428+00:00
2025-01-14 12:36:00+00:00,MSFT,418.43,418.43,418.43,418.43,0,2025-01-15 05:14:03.140428+00:00
2025-01-14 12:39:00+00:00,MSFT,418.4,418.4,418.3,418.3,0,2025-01-15 05:14:03.140428+00:00
2025-01-14 12:41:00+00:00,MSFT,418.3,418.3,418.11,418.11,0,2025-01-15 05:14:03.140428+00:00
2025-01-14 12:42:00+00:00,MSFT,418.1,418.1,418.1,418.1,0,2025-01-15 05:14:03.140428+00:00
2025-01-14 12:43:00+00:00,MSFT,418.19,418.2,418.08,418.2,0,2025-01-15 05:14:03.140428+00:00
2025-01-14 12:49:00+00:00,MSFT,418.36,418.36,418.36,418.36,0,2025-01-15 05:14:03.140428+00:00
2025-01-14 12:50:00+00:00,MSFT,418.32,418.32,418.32,418.32,0,2025-01-15 05:14:03.140428+00:00
2025-01-14 12:51:00+00:00,MSFT,418.32,418.4,418.32,418.4,0,2025-01-15 05:14:03.140428+00:00
2025-01-14 12:52:00+00:00,MSFT,418.35,418.35,418.35,418.35,0,2025-01-15 05:14:03.140428+00:00
2025-01-14 12:54:00+00:00,MSFT,418.35,418.35,418.35,418.35,0,2025-01-15 05:14:03.140428+00:00
2025-01-14 12:56:00+00:00,MSFT,418.25,418.25,418.05,418.05,0,2025-01-15 05:14:03.140428+00:00
2025-01-14 12:57:00+00:00,MSFT,418.04,418.04,418.04,418.04,0,2025-01-15 05:14:03.140428+00:00
2025-01-14 13:00:00+00:00,MSFT,419.1287,420.6167,417.11,418.1095,0,2025-01-15 05:14:03.140428+00:00
2025-01-14 13:01:00+00:00,MSFT,417.73,419.04,417.66,417.84,0,2025-01-15 05:14:03.140428+00:00
2025-01-14 13:02:00+00:00,MSFT,417.9,417.94,417.79,417.81,0,2025-01-15 05:14:03.140428+00:00
2025-01-14 13:03:00+00:00,MSFT,417.848,418.1611,417.83,417.905,0,2025-01-15 05:14:03.140428+00:00
2025-01-14 13:04:00+00:00,MSFT,417.82,418.0,417.8,417.954,0,2025-01-15 05:14:03.140428+00:00
2025-01-14 13:05:00+00:00,MSFT,417.19,418.0,417.19,417.75,0,2025-01-15 05:14:03.140428+00:00
2025-01-14 13:06:00+00:00,MSFT,417.685,417.75,417.62,417.62,0,2025-01-15 05:14:03.140428+00:00
2025-01-14 13:07:00+00:00,MSFT,417.62,417.75,417.62,417.71,0,2025-01-15 05:14:03.140428+00:00
2025-01-14 13:08:00+00:00,MSFT,417.69,418.0,417.69,417.8,0,2025-01-15 05:14:03.140428+00:00
2025-01-14 13:09:00+00:00,MSFT,417.855,418.0,417.63,417.95,0,2025-01-15 05:14:03.140428+00:00
2025-01-14 13:10:00+00:00,MSFT,417.71,417.95,417.71,417.9413,0,2025-01-15 05:14:03.140428+00:00
2025-01-14 13:11:00+00:00,MSFT,417.95,417.95,417.6653,417.845,0,2025-01-15 05:14:03.140428+00:00
2025-01-14 13:12:00+00:00,MSFT,417.86,418.0,417.78,417.78,0,2025-01-15 05:14:03.140428+00:00
2025-01-14 13:13:00+00:00,MSFT,418.03,418.03,417.64,417.9,0,2025-01-15 05:14:03.140428+00:00
2025-01-14 13:14:00+00:00,MSFT,417.8,417.82,417.71,417.75,0,2025-01-15 05:14:03.140428+00:00
2025-01-14 13:15:00+00:00,MSFT,417.685,417.8703,417.41,417.42,0,2025-01-15 05:14:03.140428+00:00
2025-01-14 13:16:00+00:00,MSFT,417.62,417.73,417.5,417.73,0,2025-01-15 05:14:03.140428+00:00
2025-01-14 13:17:00+00:00,MSFT,417.535,417.7872,417.41,417.41,0,2025-01-15 05:14:03.140428+00:00
2025-01-14 13:18:00+00:00,MSFT,417.68,417.68,417.5,417.5,0,2025-01-15 05:14:03.140428+00:00
2025-01-14 13:19:00+00:00,MSFT,417.43,417.62,417.3396,417.53,0,2025-01-15 05:14:03.140428+00:00
2025-01-14 13:20:00+00:00,MSFT,417.415,417.53,417.28,417.43,0,2025-01-15 05:14:03.140428+00:00
2025-01-14 13:21:00+00:00,MSFT,417.45,417.48,417.355,417.3945,0,2025-01-15 05:14:03.140428+00:00
2025-01-14 13:22:00+00:00,MSFT,417.46,417.59,417.46,417.5,0,2025-01-15 05:14:03.140428+00:00
2025-01-14 13:23:00+00:00,MSFT,417.65,417.79,417.39,417.42,0,2025-01-15 05:14:03.140428+00:00
2025-01-14 13:24:00+00:00,MSFT,417.44,417.445,417.2179,417.3,0,2025-01-15 05:14:03.140428+00:00
2025-01-14 13:25:00+00:00,MSFT,417.23,417.66,417.0,417.46,0,2025-01-15 05:14:03.140428+00:00
2025-01-14 13:26:00+00:00,MSFT,417.35,417.42,417.0,417.305,0,2025-01-15 05:14:03.140428+00:00
2025-01-14 13:27:00+00:00,MSFT,417.305,417.6,416.58,416.58,0,2025-01-15 05:14:03.140428+00:00
2025-01-14 13:28:00+00:00,MSFT,416.97,417.505,416.575,417.505,0,2025-01-15 05:14:03.140428+00:00
2025-01-14 13:29:00+00:00,MSFT,417.0,417.63,416.8542,417.63,0,2025-01-15 05:14:03.140428+00:00
2025-01-14 13:30:00+00:00,MSFT,417.73,420.9,417.73,420.03,0,2025-01-15 05:14:03.140428+00:00
2025-01-14 13:31:00+00:00,MSFT,420.43,420.43,419.55,419.61,0,2025-01-15 05:14:03.140428+00:00
2025-01-14 13:32:00+00:00,MSFT,419.71,420.0,419.55,419.55,0,2025-01-15 05:14:03.140428+00:00
2025-01-14 13:33:00+00:00,MSFT,419.54,420.0,417.94,419.085,0,2025-01-15 05:14:03.140428+00:00
2025-01-14 13:34:00+00:00,MSFT,419.0,419.98,418.815,419.06,0,2025-01-15 05:14:03.140428+00:00
2025-01-14 13:35:00+00:00,MSFT,419.3,419.5,418.29,418.525,0,2025-01-15 05:14:03.140428+00:00
2025-01-14 13:36:00+00:00,MSFT,418.54,418.99,418.54,418.88,0,2025-01-15 05:14:03.140428+00:00
2025-01-14 13:37:00+00:00,MSFT,418.5441,418.9583,418.5,418.55,0,2025-01-15 05:14:03.140428+00:00
2025-01-14 13:38:00+00:00,MSFT,418.89,418.89,418.4,418.84,0,2025-01-15 05:14:03.140428+00:00
2025-01-14 13:39:00+00:00,MSFT,418.76,419.05,418.648,418.985,0,2025-01-15 05:14:03.140428+00:00
2025-01-14 13:40:00+00:00,MSFT,418.98,419.0,418.5,418.715,0,2025-01-15 05:14:03.140428+00:00
2025-01-14 13:41:00+00:00,MSFT,418.7202,418.75,418.5,418.72,0,2025-01-15 05:14:03.140428+00:00
2025-01-14 13:42:00+00:00,MSFT,418.73,418.75,418.45,418.45,0,2025-01-15 05:14:03.140428+00:00
2025-01-14 13:43:00+00:00,MSFT,418.6,418.8,418.6,418.715,0,2025-01-15 05:14:03.140428+00:00
2025-01-14 13:44:00+00:00,MSFT,418.6,418.94,418.45,418.695,0,2025-01-15 05:14:03.140428+00:00
2025-01-14 13:45:00+00:00,MSFT,418.68,418.95,418.615,418.95,0,2025-01-15 05:14:03.140428+00:00
2025-01-14 13:46:00+00:00,MSFT,418.85,418.95,418.685,418.95,0,2025-01-15 05:14:03.140428+00:00
2025-01-14 13:47:00+00:00,MSFT,418.81,418.95,418.725,418.8964,0,2025-01-15 05:14:03.140428+00:00
2025-01-14 13:48:00+00:00,MSFT,418.94,419.3,418.86,419.3,0,2025-01-15 05:14:03.140428+00:00
2025-01-14 13:49:00+00:00,MSFT,419.15,419.3,418.98,419.03,0,2025-01-15 05:14:03.140428+00:00
2025-01-14 13:50:00+00:00,MSFT,419.2922,419.76,418.9301,419.4373,0,2025-01-15 05:14:03.140428+00:00
2025-01-14 13:51:00+00:00,MSFT,419.45,419.45,419.135,419.22,0,2025-01-15 05:14:03.140428+00:00
2025-01-14 13:52:00+00:00,MSFT,419.135,419.2,418.75,418.925,0,2025-01-15 05:14:03.140428+00:00
2025-01-14 13:53:00+00:00,MSFT,418.85,419.48,418.39,418.88,0,2025-01-15 05:14:03.140428+00:00
2025-01-14 13:54:00+00:00,MSFT,418.93,419.18,418.37,418.51,0,2025-01-15 05:14:03.140428+00:00
2025-01-14 13:55:00+00:00,MSFT,418.745,418.99,418.43,418.43,0,2025-01-15 05:14:03.140428+00:00
2025-01-14 13:56:00+00:00,MSFT,418.44,418.9275,418.25,418.71,0,2025-01-15 05:14:03.140428+00:00
2025-01-14 13:57:00+00:00,MSFT,418.27,418.5082,418.11,418.18,0,2025-01-15 05:14:03.140428+00:00
2025-01-14 13:58:00+00:00,MSFT,418.49,418.51,418.1,418.445,0,2025-01-15 05:14:03.140428+00:00
2025-01-14 13:59:00+00:00,MSFT,418.51,418.6,418.2556,418.6,0,2025-01-15 05:14:03.140428+00:00
2025-01-14 14:00:00+00:00,MSFT,418.25,418.51,418.2,418.3001,0,2025-01-15 05:14:03.140428+00:00
2025-01-14 14:01:00+00:00,MSFT,418.33,418.49,418.0,418.2,0,2025-01-15 05:14:03.140428+00:00
2025-01-14 14:02:00+00:00,MSFT,417.85,418.1,417.36,417.73,0,2025-01-15 05:14:03.140428+00:00
2025-01-14 14:03:00+00:00,MSFT,417.7,418.44,417.7,418.09,0,2025-01-15 05:14:03.140428+00:00
2025-01-14 14:04:00+00:00,MSFT,417.99,418.45,417.8,417.8,0,2025-01-15 05:14:03.140428+00:00
2025-01-14 14:05:00+00:00,MSFT,418.23,418.47,418.0601,418.335,0,2025-01-15 05:14:03.140428+00:00
2025-01-14 14:06:00+00:00,MSFT,418.31,418.4615,418.28,418.28,0,2025-01-15 05:14:03.140428+00:00
2025-01-14 14:07:00+00:00,MSFT,418.37,418.4,417.8,418.2,0,2025-01-15 05:14:03.140428+00:00
2025-01-14 14:08:00+00:00,MSFT,418.0,418.11,417.5,418.11,0,2025-01-15 05:14:03.140428+00:00
2025-01-14 14:09:00+00:00,MSFT,418.04,418.44,417.88,418.11,0,2025-01-15 05:14:03.140428+00:00
2025-01-14 14:10:00+00:00,MSFT,418.01,418.09,417.46,417.94,0,2025-01-15 05:14:03.140428+00:00
2025-01-14 14:11:00+00:00,MSFT,417.8,417.94,417.23,417.74,0,2025-01-15 05:14:03.140428+00:00
2025-01-14 14:12:00+00:00,MSFT,417.76,418.0,417.74,417.75,0,2025-01-15 05:14:03.140428+00:00
2025-01-14 14:13:00+00:00,MSFT,417.99,418.2126,417.79,418.21,0,2025-01-15 05:14:03.140428+00:00
2025-01-14 14:14:00+00:00,MSFT,418.125,418.2114,418.0,418.21,0,2025-01-15 05:14:03.140428+00:00
2025-01-14 14:15:00+00:00,MSFT,418.18,418.44,418.08,418.08,0,2025-01-15 05:14:03.140428+00:00
2025-01-14 14:16:00+00:00,MSFT,418.21,418.69,418.2001,418.505,0,2025-01-15 05:14:03.140428+00:00
2025-01-14 14:17:00+00:00,MSFT,418.485,418.7,418.485,418.7,0,2025-01-15 05:14:03.140428+00:00
2025-01-14 14:18:00+00:00,MSFT,418.6,418.7,418.4,418.51,0,2025-01-15 05:14:03.140428+00:00
2025-01-14 14:19:00+00:00,MSFT,418.7,418.85,418.29,418.71,0,2025-01-15 05:14:03.140428+00:00
2025-01-14 14:20:00+00:00,MSFT,418.63,418.8499,418.46,418.8,0,2025-01-15 05:14:03.140428+00:00
2025-01-14 14:21:00+00:00,MSFT,418.63,418.84,418.46,418.65,0,2025-01-15 05:14:03.140428+00:00
2025-01-14 14:22:00+00:00,MSFT,418.61,418.85,418.46,418.85,0,2025-01-15 05:14:03.140428+00:00
2025-01-14 14:23:00+00:00,MSFT,418.46,418.85,418.46,418.66,0,2025-01-15 05:14:03.140428+00:00
2025-01-14 14:24:00+00:00,MSFT,418.61,418.85,418.44,418.72,0,2025-01-15 05:14:03.140428+00:00
2025-01-14 14:25:00+00:00,MSFT,418.6,418.85,418.35,418.525,0,2025-01-15 05:14:03.140428+00:00
2025-01-14 14:26:00+00:00,MSFT,418.525,418.85,418.21,418.55,0,2025-01-15 05:14:03.140428+00:00
2025-01-14 14:27:00+00:00,MSFT,418.2,418.85,417.79,418.73,0,2025-01-15 05:14:03.140428+00:00
2025-01-14 14:28:00+00:00,MSFT,418.01,418.75,417.5,417.95,0,2025-01-15 05:14:03.140428+00:00
2025-01-14 14:29:00+00:00,MSFT,418.205,418.57,417.85,417.85,0,2025-01-15 05:14:03.140428+00:00
2025-01-14 14:30:00+00:00,MSFT,417.80999755859375,418.6400146484375,417.0899963378906,417.1499938964844,568637,2025-01-15 05:14:03.140428+00:00
2025-01-14 14:31:00+00:00,MSFT,417.260009765625,417.32000732421875,416.7265930175781,416.8399963378906,48394,2025-01-15 05:14:03.140428+00:00
2025-01-14 14:32:00+00:00,MSFT,417.010009765625,418.19000244140625,416.94720458984375,417.760009765625,60565,2025-01-15 05:14:03.140428+00:00
2025-01-14 14:33:00+00:00,MSFT,417.8999938964844,418.5,417.760009765625,418.4700012207031,40685,2025-01-15 05:14:03.140428+00:00
2025-01-14 14:34:00+00:00,MSFT,418.3699951171875,418.7698059082031,418.00628662109375,418.3900146484375,62865,2025-01-15 05:14:03.140428+00:00
2025-01-14 14:35:00+00:00,MSFT,418.32000732421875,418.6400146484375,418.2900085449219,418.55999755859375,22365,2025-01-15 05:14:03.140428+00:00
2025-01-14 14:36:00+00:00,MSFT,418.5899963378906,419.4242858886719,418.4700012207031,419.4242858886719,67458,2025-01-15 05:14:03.140428+00:00
2025-01-14 14:37:00+00:00,MSFT,419.364990234375,419.739990234375,418.8500061035156,419.010009765625,49024,2025-01-15 05:14:03.140428+00:00
2025-01-14 14:38:00+00:00,MSFT,419.0,419.260009765625,418.79998779296875,419.0299987792969,31866,2025-01-15 05:14:03.140428+00:00
2025-01-14 14:39:00+00:00,MSFT,419.1268005371094,419.17498779296875,418.42401123046875,418.5199890136719,33585,2025-01-15 05:14:03.140428+00:00
2025-01-14 14:40:00+00:00,MSFT,418.5199890136719,418.5899963378906,418.05499267578125,418.3099060058594,53305,2025-01-15 05:14:03.140428+00:00
2025-01-14 14:41:00+00:00,MSFT,418.2349853515625,418.5150146484375,418.0,418.32000732421875,40659,2025-01-15 05:14:03.140428+00:00
2025-01-14 14:42:00+00:00,MSFT,418.3450012207031,418.7998962402344,418.2900085449219,418.510009765625,39711,2025-01-15 05:14:03.140428+00:00
2025-01-14 14:43:00+00:00,MSFT,418.5050048828125,418.5400085449219,418.1099853515625,418.1099853515625,32044,2025-01-15 05:14:03.140428+00:00
2025-01-14 14:44:00+00:00,MSFT,418.1499938964844,418.6400146484375,417.80999755859375,418.56500244140625,58057,2025-01-15 05:14:03.140428+00:00
2025-01-14 14:45:00+00:00,MSFT,418.57000732421875,418.8500061035156,418.29998779296875,418.5899963378906,32833,2025-01-15 05:14:03.140428+00:00
2025-01-14 14:46:00+00:00,MSFT,418.5199890136719,419.2300109863281,418.2200012207031,418.9425048828125,60507,2025-01-15 05:14:03.140428+00:00
2025-01-14 14:47:00+00:00,MSFT,418.9649963378906,419.09991455078125,418.31298828125,418.44000244140625,74373,2025-01-15 05:14:03.140428+00:00
2025-01-14 14:48:00+00:00,MSFT,418.4200134277344,418.67999267578125,418.1400146484375,418.5799865722656,30425,2025-01-15 05:14:03.140428+00:00
2025-01-14 14:49:00+00:00,MSFT,418.57501220703125,418.75,418.1199951171875,418.3299865722656,42204,2025-01-15 05:14:03.140428+00:00
2025-01-14 14:50:00+00:00,MSFT,418.3500061035156,418.489990234375,417.92999267578125,418.1099853515625,33634,2025-01-15 05:14:03.140428+00:00
2025-01-14 14:51:00+00:00,MSFT,418.1000061035156,418.2799987792969,417.67498779296875,418.1099853515625,38630,2025-01-15 05:14:03.140428+00:00
2025-01-14 14:52:00+00:00,MSFT,417.9599914550781,418.010009765625,417.44000244140625,417.6549987792969,23221,2025-01-15 05:14:03.140428+00:00
2025-01-14 14:53:00+00:00,MSFT,417.6669921875,417.79998779296875,417.0799865722656,417.0899963378906,30185,2025-01-15 05:14:03.140428+00:00
2025-01-14 14:54:00+00:00,MSFT,417.0299987792969,417.2699890136719,416.7300109863281,417.0,37472,2025-01-15 05:14:03.140428+00:00
2025-01-14 14:55:00+00:00,MSFT,417.05999755859375,417.760009765625,416.9800109863281,417.69500732421875,26873,2025-01-15 05:14:03.140428+00:00
2025-01-14 14:56:00+00:00,MSFT,417.69500732421875,417.71759033203125,417.418212890625,417.664794921875,37661,2025-01-15 05:14:03.140428+00:00
2025-01-14 14:57:00+00:00,MSFT,417.5911865234375,417.6300048828125,417.1000061035156,417.114990234375,29550,2025-01-15 05:14:03.140428+00:00
2025-01-14 14:58:00+00:00,MSFT,417.0799865722656,417.25,416.95001220703125,416.9739074707031,30284,2025-01-15 05:14:03.140428+00:00
2025-01-14 14:59:00+00:00,MSFT,416.9200134277344,417.0849914550781,416.6099853515625,416.9849853515625,37420,2025-01-15 05:14:03.140428+00:00
2025-01-14 15:00:00+00:00,MSFT,417.0150146484375,417.2200012207031,416.9501037597656,417.2200012207031,23098,2025-01-15 05:14:03.140428+00:00
2025-01-14 15:01:00+00:00,MSFT,417.2300109863281,417.41680908203125,417.010009765625,417.0249938964844,33817,2025-01-15 05:14:03.140428+00:00
2025-01-14 15:02:00+00:00,MSFT,417.07501220703125,417.2699890136719,416.9599914550781,417.2449951171875,57744,2025-01-15 05:14:03.140428+00:00
2025-01-14 15:03:00+00:00,MSFT,417.2449951171875,417.614990234375,417.1400146484375,417.2850036621094,29628,2025-01-15 05:14:03.140428+00:00
2025-01-14 15:04:00+00:00,MSFT,417.2950134277344,417.33331298828125,417.04998779296875,417.0950012207031,16133,2025-01-15 05:14:03.140428+00:00
2025-01-14 15:05:00+00:00,MSFT,417.0400085449219,417.32000732421875,417.0400085449219,417.2900085449219,25518,2025-01-15 05:14:03.140428+00:00
2025-01-14 15:06:00+00:00,MSFT,417.30499267578125,417.4949951171875,417.20001220703125,417.44000244140625,40795,2025-01-15 05:14:03.140428+00:00
2025-01-14 15:07:00+00:00,MSFT,417.45001220703125,417.4624938964844,417.0400085449219,417.45001220703125,55550,2025-01-15 05:14:03.140428+00:00
2025-01-14 15:08:00+00:00,MSFT,417.4208984375,418.04998779296875,417.4208984375,417.80499267578125,87579,2025-01-15 05:14:03.140428+00:00
2025-01-14 15:09:00+00:00,MSFT,417.7950134277344,418.0400085449219,417.7950134277344,417.82000732421875,36288,2025-01-15 05:14:03.140428+00:00
2025-01-14 15:10:00+00:00,MSFT,417.8299865722656,418.1400146484375,417.7149963378906,418.0799865722656,54534,2025-01-15 05:14:03.140428+00:00
2025-01-14 15:11:00+00:00,MSFT,418.0799865722656,418.2550048828125,417.8399963378906,418.2550048828125,51533,2025-01-15 05:14:03.140428+00:00
2025-01-14 15:12:00+00:00,MSFT,418.2099914550781,418.4100036621094,418.1836853027344,418.2300109863281,24143,2025-01-15 05:14:03.140428+00:00
2025-01-14 15:13:00+00:00,MSFT,418.2799987792969,418.3900146484375,417.3800048828125,417.5,79407,2025-01-15 05:14:03.140428+00:00
2025-01-14 15:14:00+00:00,MSFT,417.5,417.6600036621094,417.3500061035156,417.6000061035156,39833,2025-01-15 05:14:03.140428+00:00
2025-01-14 15:15:00+00:00,MSFT,417.6000061035156,417.69500732421875,417.5,417.69500732421875,27228,2025-01-15 05:14:03.140428+00:00
2025-01-14 15:16:00+00:00,MSFT,417.75,418.2749938964844,417.75,418.17999267578125,46079,2025-01-15 05:14:03.140428+00:00
2025-01-14 15:17:00+00:00,MSFT,418.1199951171875,418.2799987792969,417.93011474609375,418.13641357421875,28920,2025-01-15 05:14:03.140428+00:00
2025-01-14 15:18:00+00:00,MSFT,418.07080078125,418.1629943847656,417.82501220703125,418.0950012207031,24902,2025-01-15 05:14:03.140428+00:00
2025-01-14 15:19:00+00:00,MSFT,418.0849914550781,418.2699890136719,417.8399963378906,417.8399963378906,34339,2025-01-15 05:14:03.140428+00:00
2025-01-14 15:20:00+00:00,MSFT,417.79998779296875,417.80999755859375,417.5094909667969,417.7699890136719,84519,2025-01-15 05:14:03.140428+00:00
2025-01-14 15:21:00+00:00,MSFT,417.7687072753906,417.9302062988281,417.67999267578125,417.8290100097656,17707,2025-01-15 05:14:03.140428+00:00
2025-01-14 15:22:00+00:00,MSFT,417.8800048828125,418.07501220703125,417.4200134277344,417.4200134277344,31765,2025-01-15 05:14:03.140428+00:00
2025-01-14 15:23:00+00:00,MSFT,417.4200134277344,417.6400146484375,417.340087890625,417.5531005859375,28354,2025-01-15 05:14:03.140428+00:00
2025-01-14 15:24:00+00:00,MSFT,417.6600036621094,417.9200134277344,417.5,417.5,30957,2025-01-15 05:14:03.140428+00:00
2025-01-14 15:25:00+00:00,MSFT,417.5350036621094,417.80999755859375,417.5350036621094,417.7699890136719,15557,2025-01-15 05:14:03.140428+00:00
2025-01-14 15:26:00+00:00,MSFT,417.614990234375,417.822509765625,417.5,417.5,24673,2025-01-15 05:14:03.140428+00:00
2025-01-14 15:27:00+00:00,MSFT,417.5,417.5299987792969,417.04998779296875,417.08441162109375,33519,2025-01-15 05:14:03.140428+00:00
2025-01-14 15:28:00+00:00,MSFT,417.1499938964844,417.2799987792969,416.8349914550781,416.8599853515625,29408,2025-01-15 05:14:03.140428+00:00
2025-01-14 15:29:00+00:00,MSFT,416.80999755859375,417.0400085449219,416.7200012207031,416.91009521484375,32183,2025-01-15 05:14:03.140428+00:00
2025-01-14 15:30:00+00:00,MSFT,416.989990234375,417.06329345703125,416.7049865722656,416.7950134277344,26422,2025-01-15 05:14:03.140428+00:00
2025-01-14 15:31:00+00:00,MSFT,416.7950134277344,417.1000061035156,416.760009765625,417.0,24076,2025-01-15 05:14:03.140428+00:00
2025-01-14 15:32:00+00:00,MSFT,417.0,417.0,416.6300048828125,416.6549987792969,34244,2025-01-15 05:14:03.140428+00:00
2025-01-14 15:33:00+00:00,MSFT,416.6600036621094,416.9800109863281,416.4700012207031,416.9800109863281,26133,2025-01-15 05:14:03.140428+00:00
2025-01-14 15:34:00+00:00,MSFT,416.8800048828125,416.8800048828125,416.760009765625,416.80999755859375,1637,2025-01-15 05:14:03.140428+00:00
2025-01-14 15:35:00+00:00,MSFT,416.65008544921875,416.7699890136719,416.6199951171875,416.7250061035156,28657,2025-01-15 05:14:03.140428+00:00
2025-01-14 15:36:00+00:00,MSFT,416.764404296875,416.764404296875,416.4189147949219,416.4189147949219,21376,2025-01-15 05:14:03.140428+00:00
2025-01-14 15:37:00+00:00,MSFT,416.3999938964844,416.42999267578125,415.8999938964844,416.18798828125,47485,2025-01-15 05:14:03.140428+00:00
2025-01-14 15:38:00+00:00,MSFT,416.19580078125,416.2499084472656,416.01910400390625,416.2099914550781,17413,2025-01-15 05:14:03.140428+00:00
2025-01-14 15:39:00+00:00,MSFT,416.2799987792969,416.29998779296875,416.1099853515625,416.11981201171875,17690,2025-01-15 05:14:03.140428+00:00
2025-01-14 15:40:00+00:00,MSFT,416.1600036621094,416.70001220703125,415.9800109863281,416.69000244140625,43852,2025-01-15 05:14:03.140428+00:00
2025-01-14 15:41:00+00:00,MSFT,416.70001220703125,417.1000061035156,416.6759948730469,417.0335998535156,18283,2025-01-15 05:14:03.140428+00:00
2025-01-14 15:42:00+00:00,MSFT,417.1000061035156,417.3699951171875,417.0,417.3699951171875,35831,2025-01-15 05:14:03.140428+00:00
2025-01-14 15:43:00+00:00,MSFT,417.32000732421875,417.69000244140625,417.32000732421875,417.66009521484375,26102,2025-01-15 05:14:03.140428+00:00
2025-01-14 15:44:00+00:00,MSFT,417.7598876953125,417.95001220703125,417.6499938964844,417.8800048828125,27942,2025-01-15 05:14:03.140428+00:00
2025-01-14 15:45:00+00:00,MSFT,417.8450012207031,417.8699951171875,417.14569091796875,417.14569091796875,85588,2025-01-15 05:14:03.140428+00:00
2025-01-14 15:46:00+00:00,MSFT,417.1524963378906,417.2099914550781,417.0,417.2099914550781,24725,2025-01-15 05:14:03.140428+00:00
2025-01-14 15:47:00+00:00,MSFT,417.2099914550781,417.2099914550781,416.7799987792969,417.0869140625,53563,2025-01-15 05:14:03.140428+00:00
2025-01-14 15:48:00+00:00,MSFT,417.0,417.0150146484375,416.3500061035156,416.9700012207031,54441,2025-01-15 05:14:03.140428+00:00
2025-01-14 15:49:00+00:00,MSFT,416.9100036621094,417.010009765625,416.7900085449219,416.8999938964844,20833,2025-01-15 05:14:03.140428+00:00
2025-01-14 15:50:00+00:00,MSFT,416.8999938964844,416.8999938964844,416.1600036621094,416.75,62658,2025-01-15 05:14:03.140428+00:00
2025-01-14 15:51:00+00:00,MSFT,416.8299865722656,416.89990234375,416.2206115722656,416.6600036621094,26621,2025-01-15 05:14:03.140428+00:00
2025-01-14 15:52:00+00:00,MSFT,416.6099853515625,416.9100036621094,416.4281921386719,416.5400085449219,17566,2025-01-15 05:14:03.140428+00:00
2025-01-14 15:53:00+00:00,MSFT,416.43499755859375,416.6600036621094,416.20001220703125,416.6549987792969,25438,2025-01-15 05:14:03.140428+00:00
2025-01-14 15:54:00+00:00,MSFT,416.6700134277344,416.7550048828125,416.4601135253906,416.7550048828125,23260,2025-01-15 05:14:03.140428+00:00
2025-01-14 15:55:00+00:00,MSFT,416.7900085449219,416.8500061035156,416.3299865722656,416.3299865722656,11168,2025-01-15 05:14:03.140428+00:00
2025-01-14 15:56:00+00:00,MSFT,416.45880126953125,416.45880126953125,416.1499938964844,416.3168029785156,16568,2025-01-15 05:14:03.140428+00:00
2025-01-14 15:57:00+00:00,MSFT,416.39990234375,416.5199890136719,416.1400146484375,416.30999755859375,24961,2025-01-15 05:14:03.140428+00:00
2025-01-14 15:58:00+00:00,MSFT,416.39959716796875,416.45001220703125,416.2099914550781,416.4200134277344,13280,2025-01-15 05:14:03.140428+00:00
2025-01-14 15:59:00+00:00,MSFT,416.4200134277344,416.5,416.07501220703125,416.07501220703125,19328,2025-01-15 05:14:03.140428+00:00
2025-01-14 16:00:00+00:00,MSFT,416.135009765625,416.3500061035156,416.04998779296875,416.2650146484375,23644,2025-01-15 05:14:03.140428+00:00
2025-01-14 16:01:00+00:00,MSFT,416.17999267578125,416.510009765625,416.1398010253906,416.4549865722656,21851,2025-01-15 05:14:03.140428+00:00
2025-01-14 16:02:00+00:00,MSFT,416.4800109863281,416.55999755859375,416.1600036621094,416.2124938964844,14747,2025-01-15 05:14:03.140428+00:00
2025-01-14 16:03:00+00:00,MSFT,416.1532897949219,416.19781494140625,415.8299865722656,415.93499755859375,24804,2025-01-15 05:14:03.140428+00:00
2025-01-14 16:04:00+00:00,MSFT,415.93499755859375,415.93499755859375,415.7131042480469,415.82000732421875,26081,2025-01-15 05:14:03.140428+00:00
2025-01-14 16:05:00+00:00,MSFT,415.8299865722656,415.9324951171875,415.6600036621094,415.864990234375,15490,2025-01-15 05:14:03.140428+00:00
2025-01-14 16:06:00+00:00,MSFT,415.79998779296875,416.0050048828125,415.7218933105469,416.0050048828125,20365,2025-01-15 05:14:03.140428+00:00
2025-01-14 16:07:00+00:00,MSFT,416.0050048828125,416.010009765625,415.80999755859375,415.94000244140625,15369,2025-01-15 05:14:03.140428+00:00
2025-01-14 16:08:00+00:00,MSFT,415.9100036621094,415.94989013671875,415.6600036621094,415.82000732421875,24599,2025-01-15 05:14:03.140428+00:00
2025-01-14 16:09:00+00:00,MSFT,415.7699890136719,416.20001220703125,415.6964111328125,416.0763854980469,13490,2025-01-15 05:14:03.140428+00:00
2025-01-14 16:10:00+00:00,MSFT,415.9949951171875,416.32000732421875,415.885009765625,415.8900146484375,21159,2025-01-15 05:14:03.140428+00:00
2025-01-14 16:11:00+00:00,MSFT,415.8900146484375,415.9800109863281,415.6600036621094,415.8800048828125,14113,2025-01-15 05:14:03.140428+00:00
2025-01-14 16:12:00+00:00,MSFT,415.8800048828125,415.9389953613281,415.54998779296875,415.55999755859375,31951,2025-01-15 05:14:03.140428+00:00
2025-01-14 16:13:00+00:00,MSFT,415.5799865722656,415.76690673828125,415.340087890625,415.4599914550781,21310,2025-01-15 05:14:03.140428+00:00
2025-01-14 16:14:00+00:00,MSFT,415.43499755859375,415.7099914550781,415.3599853515625,415.4599914550781,27014,2025-01-15 05:14:03.140428+00:00
2025-01-14 16:15:00+00:00,MSFT,415.45001220703125,415.489990234375,415.2699890136719,415.30999755859375,13208,2025-01-15 05:14:03.140428+00:00
2025-01-14 16:16:00+00:00,MSFT,415.3299865722656,415.69000244140625,415.2699890136719,415.6099853515625,17501,2025-01-15 05:14:03.140428+00:00
2025-01-14 16:17:00+00:00,MSFT,415.69500732421875,415.739990234375,415.5,415.55999755859375,18287,2025-01-15 05:14:03.140428+00:00
2025-01-14 16:18:00+00:00,MSFT,415.55999755859375,415.6300048828125,415.339111328125,415.44000244140625,10550,2025-01-15 05:14:03.140428+00:00
2025-01-14 16:19:00+00:00,MSFT,415.44000244140625,415.5299987792969,415.4100036621094,415.4649963378906,7131,2025-01-15 05:14:03.140428+00:00
2025-01-14 16:20:00+00:00,MSFT,415.4649963378906,415.6499938964844,415.4649963378906,415.63800048828125,7391,2025-01-15 05:14:03.140428+00:00
2025-01-14 16:21:00+00:00,MSFT,415.6400146484375,415.9024963378906,415.6400146484375,415.8500061035156,17641,2025-01-15 05:14:03.140428+00:00
2025-01-14 16:22:00+00:00,MSFT,415.8999938964844,416.2300109863281,415.8900146484375,416.2099914550781,15770,2025-01-15 05:14:03.140428+00:00
2025-01-14 16:23:00+00:00,MSFT,416.2300109863281,416.3800048828125,416.04998779296875,416.0799865722656,17050,2025-01-15 05:14:03.140428+00:00
2025-01-14 16:24:00+00:00,MSFT,416.07000732421875,416.1099853515625,415.82000732421875,416.05999755859375,18454,2025-01-15 05:14:03.140428+00:00
2025-01-14 16:25:00+00:00,MSFT,416.07000732421875,416.2300109863281,415.94000244140625,416.2300109863281,12253,2025-01-15 05:14:03.140428+00:00
2025-01-14 16:26:00+00:00,MSFT,416.2467956542969,416.3900146484375,416.1000061035156,416.2654113769531,14848,2025-01-15 05:14:03.140428+00:00
2025-01-14 16:27:00+00:00,MSFT,416.3299865722656,416.5199890136719,416.25,416.3900146484375,27832,2025-01-15 05:14:03.140428+00:00
2025-01-14 16:28:00+00:00,MSFT,416.3900146484375,416.5,416.07501220703125,416.1099853515625,23819,2025-01-15 05:14:03.140428+00:00
2025-01-14 16:29:00+00:00,MSFT,416.0,416.0,415.7149963378906,415.739990234375,12475,2025-01-15 05:14:03.140428+00:00
2025-01-14 16:30:00+00:00,MSFT,415.7799987792969,416.1300048828125,415.7799987792969,416.1300048828125,9020,2025-01-15 05:14:03.140428+00:00
2025-01-14 16:31:00+00:00,MSFT,416.1520080566406,416.20001220703125,415.92999267578125,415.92999267578125,9779,2025-01-15 05:14:03.140428+00:00
2025-01-14 16:32:00+00:00,MSFT,415.92999267578125,415.989990234375,415.7799987792969,415.7799987792969,11547,2025-01-15 05:14:03.140428+00:00
2025-01-14 16:33:00+00:00,MSFT,415.94000244140625,415.989990234375,415.70001220703125,415.7900085449219,15240,2025-01-15 05:14:03.140428+00:00
2025-01-14 16:34:00+00:00,MSFT,415.82501220703125,416.0799865722656,415.82000732421875,415.9949951171875,16982,2025-01-15 05:14:03.140428+00:00
2025-01-14 16:35:00+00:00,MSFT,415.9849853515625,416.2598876953125,415.9849853515625,415.989990234375,13127,2025-01-15 05:14:03.140428+00:00
2025-01-14 16:36:00+00:00,MSFT,415.94000244140625,415.94000244140625,415.7099914550781,415.9100036621094,12522,2025-01-15 05:14:03.140428+00:00
2025-01-14 16:37:00+00:00,MSFT,415.9049987792969,415.9100036621094,415.7149963378906,415.7300109863281,7517,2025-01-15 05:14:03.140428+00:00
2025-01-14 16:38:00+00:00,MSFT,415.7250061035156,415.7250061035156,415.2799987792969,415.31500244140625,20830,2025-01-15 05:14:03.140428+00:00
2025-01-14 16:39:00+00:00,MSFT,415.31500244140625,415.44000244140625,415.2699890136719,415.3900146484375,11899,2025-01-15 05:14:03.140428+00:00
2025-01-14 16:40:00+00:00,MSFT,415.3699951171875,415.3900146484375,415.1000061035156,415.1449890136719,26872,2025-01-15 05:14:03.140428+00:00
2025-01-14 16:41:00+00:00,MSFT,415.05999755859375,415.05999755859375,414.6000061035156,414.70001220703125,61698,2025-01-15 05:14:03.140428+00:00
2025-01-14 16:42:00+00:00,MSFT,414.7200012207031,414.7200012207031,414.7200012207031,414.7200012207031,132,2025-01-15 05:14:03.140428+00:00
2025-01-14 16:44:00+00:00,MSFT,414.6600036621094,414.74359130859375,414.6099853515625,414.7049865722656,48564,2025-01-15 05:14:03.140428+00:00
2025-01-14 16:45:00+00:00,MSFT,414.7799987792969,414.9100036621094,414.5899963378906,414.6000061035156,25094,2025-01-15 05:14:03.140428+00:00
2025-01-14 16:46:00+00:00,MSFT,414.6000061035156,415.010009765625,414.6000061035156,415.010009765625,14380,2025-01-15 05:14:03.140428+00:00
2025-01-14 16:47:00+00:00,MSFT,415.010009765625,415.0599060058594,414.7049865722656,414.7049865722656,21668,2025-01-15 05:14:03.140428+00:00
2025-01-14 16:48:00+00:00,MSFT,414.7149963378906,414.80999755859375,414.69500732421875,414.69500732421875,5493,2025-01-15 05:14:03.140428+00:00
2025-01-14 16:49:00+00:00,MSFT,414.75,414.9285888671875,414.69000244140625,414.9100036621094,8559,2025-01-15 05:14:03.140428+00:00
2025-01-14 16:50:00+00:00,MSFT,414.9200134277344,415.04998779296875,414.7699890136719,414.8699951171875,14220,2025-01-15 05:14:03.140428+00:00
2025-01-14 16:51:00+00:00,MSFT,414.9200134277344,415.07000732421875,414.8987121582031,415.010009765625,16267,2025-01-15 05:14:03.140428+00:00
2025-01-14 16:52:00+00:00,MSFT,414.9599914550781,415.1600036621094,414.9599914550781,415.07000732421875,12912,2025-01-15 05:14:03.140428+00:00
2025-01-14 16:53:00+00:00,MSFT,415.0350036621094,415.0350036621094,414.67999267578125,414.67999267578125,27890,2025-01-15 05:14:03.140428+00:00
2025-01-14 16:54:00+00:00,MSFT,414.6629943847656,414.7174987792969,414.4100036621094,414.4861145019531,41889,2025-01-15 05:14:03.140428+00:00
2025-01-14 16:55:00+00:00,MSFT,414.489013671875,415.0780944824219,414.489013671875,414.8399963378906,32991,2025-01-15 05:14:03.140428+00:00
2025-01-14 16:56:00+00:00,MSFT,414.90130615234375,414.93499755859375,414.6600036621094,414.80279541015625,11041,2025-01-15 05:14:03.140428+00:00
2025-01-14 16:57:00+00:00,MSFT,414.7170104980469,414.7200012207031,414.4100036621094,414.44500732421875,20650,2025-01-15 05:14:03.140428+00:00
2025-01-14 16:58:00+00:00,MSFT,414.44500732421875,414.760009765625,414.3900146484375,414.7049865722656,19139,2025-01-15 05:14:03.140428+00:00
2025-01-14 16:59:00+00:00,MSFT,414.739990234375,414.739990234375,414.29998779296875,414.3949890136719,61690,2025-01-15 05:14:03.140428+00:00
2025-01-14 17:00:00+00:00,MSFT,414.3949890136719,414.489990234375,414.29998779296875,414.30999755859375,19648,2025-01-15 05:14:03.140428+00:00
2025-01-14 17:01:00+00:00,MSFT,414.3450012207031,414.4999084472656,414.32000732421875,414.32000732421875,10426,2025-01-15 05:14:03.140428+00:00
2025-01-14 17:02:00+00:00,MSFT,414.4649963378906,414.5400085449219,414.2771911621094,414.30999755859375,11922,2025-01-15 05:14:03.140428+00:00
2025-01-14 17:03:00+00:00,MSFT,414.2749938964844,414.3370056152344,414.160888671875,414.2049865722656,17711,2025-01-15 05:14:03.140428+00:00
2025-01-14 17:04:00+00:00,MSFT,414.239990234375,414.6199951171875,414.239990234375,414.5799865722656,14259,2025-01-15 05:14:03.140428+00:00
2025-01-14 17:05:00+00:00,MSFT,414.42999267578125,414.4800109863281,414.29998779296875,414.4483947753906,29818,2025-01-15 05:14:03.140428+00:00
2025-01-14 17:06:00+00:00,MSFT,414.4100036621094,414.7850036621094,414.3999938964844,414.7250061035156,14075,2025-01-15 05:14:03.140428+00:00
2025-01-14 17:07:00+00:00,MSFT,414.7900085449219,414.8999938964844,414.6199951171875,414.8800048828125,12602,2025-01-15 05:14:03.140428+00:00
2025-01-14 17:08:00+00:00,MSFT,414.8900146484375,414.9599914550781,414.7439880371094,414.9100036621094,8402,2025-01-15 05:14:03.140428+00:00
2025-01-14 17:09:00+00:00,MSFT,414.9100036621094,414.9100036621094,414.69000244140625,414.889892578125,11558,2025-01-15 05:14:03.140428+00:00
2025-01-14 17:10:00+00:00,MSFT,414.95001220703125,415.20001220703125,414.95001220703125,415.0799865722656,35909,2025-01-15 05:14:03.140428+00:00
2025-01-14 17:11:00+00:00,MSFT,415.0400085449219,415.29998779296875,414.90179443359375,415.19000244140625,14313,2025-01-15 05:14:03.140428+00:00
2025-01-14 17:12:00+00:00,MSFT,415.25518798828125,415.25518798828125,414.8304138183594,414.9949951171875,48232,2025-01-15 05:14:03.140428+00:00
2025-01-14 17:13:00+00:00,MSFT,415.04998779296875,415.1700134277344,414.94000244140625,415.1700134277344,9624,2025-01-15 05:14:03.140428+00:00
2025-01-14 17:14:00+00:00,MSFT,415.18499755859375,415.2900085449219,415.1199951171875,415.1199951171875,10789,2025-01-15 05:14:03.140428+00:00
2025-01-14 17:15:00+00:00,MSFT,415.1300048828125,415.3150939941406,415.0400085449219,415.2099914550781,10981,2025-01-15 05:14:03.140428+00:00
2025-01-14 17:16:00+00:00,MSFT,415.1499938964844,415.3345947265625,415.1499938964844,415.2900085449219,4497,2025-01-15 05:14:03.140428+00:00
2025-01-14 17:17:00+00:00,MSFT,415.2900085449219,415.6000061035156,415.2300109863281,415.4100036621094,13824,2025-01-15 05:14:03.140428+00:00
2025-01-14 17:18:00+00:00,MSFT,415.3800048828125,415.5150146484375,415.2950134277344,415.5,7983,2025-01-15 05:14:03.140428+00:00
2025-01-14 17:19:00+00:00,MSFT,415.4649963378906,415.5050048828125,415.2900085449219,415.32000732421875,9178,2025-01-15 05:14:03.140428+00:00
2025-01-14 17:20:00+00:00,MSFT,415.32501220703125,415.32501220703125,415.1830139160156,415.239990234375,11195,2025-01-15 05:14:03.140428+00:00
2025-01-14 17:21:00+00:00,MSFT,415.17999267578125,415.2699890136719,414.9800109863281,415.1099853515625,18839,2025-01-15 05:14:03.140428+00:00
2025-01-14 17:22:00+00:00,MSFT,414.8901062011719,415.0,414.8900146484375,415.0,4069,2025-01-15 05:14:03.140428+00:00
2025-01-14 17:23:00+00:00,MSFT,414.9599914550781,415.1199951171875,414.8900146484375,415.1099853515625,22662,2025-01-15 05:14:03.140428+00:00
2025-01-14 17:24:00+00:00,MSFT,415.0350036621094,415.1026916503906,414.9200134277344,415.07000732421875,10442,2025-01-15 05:14:03.140428+00:00
2025-01-14 17:25:00+00:00,MSFT,415.1000061035156,415.2200012207031,414.989990234375,414.989990234375,9555,2025-01-15 05:14:03.140428+00:00
2025-01-14 17:26:00+00:00,MSFT,414.9849853515625,415.0,414.80999755859375,415.0,13886,2025-01-15 05:14:03.140428+00:00
2025-01-14 17:27:00+00:00,MSFT,414.9700012207031,414.9800109863281,414.8399963378906,414.8699951171875,7628,2025-01-15 05:14:03.140428+00:00
2025-01-14 17:28:00+00:00,MSFT,414.8900146484375,415.07000732421875,414.8599853515625,415.0,9864,2025-01-15 05:14:03.140428+00:00
2025-01-14 17:29:00+00:00,MSFT,415.0199890136719,415.1549987792969,415.010009765625,415.0400085449219,16120,2025-01-15 05:14:03.140428+00:00
2025-01-14 17:30:00+00:00,MSFT,414.9750061035156,415.0,414.7355041503906,414.7355041503906,10823,2025-01-15 05:14:03.140428+00:00
2025-01-14 17:31:00+00:00,MSFT,414.7699890136719,414.7749938964844,414.54010009765625,414.5899963378906,11740,2025-01-15 05:14:03.140428+00:00
2025-01-14 17:32:00+00:00,MSFT,414.5849914550781,414.6300048828125,414.45001220703125,414.45001220703125,14094,2025-01-15 05:14:03.140428+00:00
2025-01-14 17:33:00+00:00,MSFT,414.5,414.6044006347656,414.3999938964844,414.5,14064,2025-01-15 05:14:03.140428+00:00
2025-01-14 17:34:00+00:00,MSFT,414.47149658203125,414.4800109863281,414.1903991699219,414.1903991699219,42479,2025-01-15 05:14:03.140428+00:00
2025-01-14 17:35:00+00:00,MSFT,414.260009765625,414.279296875,413.9100036621094,414.0,52730,2025-01-15 05:14:03.140428+00:00
2025-01-14 17:36:00+00:00,MSFT,414.0050048828125,414.4007873535156,414.0,414.4007873535156,17613,2025-01-15 05:14:03.140428+00:00
2025-01-14 17:37:00+00:00,MSFT,414.260009765625,414.3900146484375,414.18170166015625,414.239990234375,21275,2025-01-15 05:14:03.140428+00:00
2025-01-14 17:38:00+00:00,MSFT,414.2650146484375,414.3992004394531,414.2200012207031,414.2449951171875,9736,2025-01-15 05:14:03.140428+00:00
2025-01-14 17:39:00+00:00,MSFT,414.2099914550781,414.5150146484375,414.1400146484375,414.5150146484375,16800,2025-01-15 05:14:03.140428+00:00
2025-01-14 17:40:00+00:00,MSFT,414.4700012207031,414.5400085449219,414.239990234375,414.3013000488281,9467,2025-01-15 05:14:03.140428+00:00
2025-01-14 17:41:00+00:00,MSFT,414.29998779296875,414.6199951171875,414.2950134277344,414.6199951171875,10898,2025-01-15 05:14:03.140428+00:00
2025-01-14 17:42:00+00:00,MSFT,414.54998779296875,414.8900146484375,414.54998779296875,414.8900146484375,9972,2025-01-15 05:14:03.140428+00:00
2025-01-14 17:43:00+00:00,MSFT,414.8793029785156,415.2200012207031,414.8599853515625,415.20001220703125,10586,2025-01-15 05:14:03.140428+00:00
2025-01-14 17:44:00+00:00,MSFT,415.2200012207031,415.3299865722656,415.1499938964844,415.16729736328125,11106,2025-01-15 05:14:03.140428+00:00
2025-01-14 17:45:00+00:00,MSFT,415.2099914550781,415.2099914550781,415.0350036621094,415.0400085449219,14974,2025-01-15 05:14:03.140428+00:00
2025-01-14 17:46:00+00:00,MSFT,415.1099853515625,415.2453918457031,414.9700012207031,415.0837097167969,12894,2025-01-15 05:14:03.140428+00:00
2025-01-14 17:47:00+00:00,MSFT,415.07000732421875,415.0780944824219,414.760009765625,414.8214111328125,8369,2025-01-15 05:14:03.140428+00:00
2025-01-14 17:48:00+00:00,MSFT,414.8399963378906,415.07470703125,414.8138122558594,415.0249938964844,13427,2025-01-15 05:14:03.140428+00:00
2025-01-14 17:49:00+00:00,MSFT,414.8999938964844,414.92999267578125,414.82000732421875,414.82000732421875,6063,2025-01-15 05:14:03.140428+00:00
2025-01-14 17:50:00+00:00,MSFT,414.875,415.0884094238281,414.7099914550781,414.9100036621094,13830,2025-01-15 05:14:03.140428+00:00
2025-01-14 17:51:00+00:00,MSFT,414.94500732421875,415.0899963378906,414.9313049316406,414.9313049316406,9731,2025-01-15 05:14:03.140428+00:00
2025-01-14 17:52:00+00:00,MSFT,414.93499755859375,415.0400085449219,414.93499755859375,415.0199890136719,11793,2025-01-15 05:14:03.140428+00:00
2025-01-14 17:53:00+00:00,MSFT,414.9949951171875,415.1632080078125,414.9599914550781,415.04998779296875,11562,2025-01-15 05:14:03.140428+00:00
2025-01-14 17:54:00+00:00,MSFT,415.0299987792969,415.09619140625,414.95001220703125,414.9924011230469,12197,2025-01-15 05:14:03.140428+00:00
2025-01-14 17:55:00+00:00,MSFT,415.0249938964844,415.07000732421875,414.8500061035156,415.0274963378906,8744,2025-01-15 05:14:03.140428+00:00
2025-01-14 17:56:00+00:00,MSFT,414.95001220703125,414.95001220703125,414.510009765625,414.5199890136719,9114,2025-01-15 05:14:03.140428+00:00
2025-01-14 17:57:00+00:00,MSFT,414.6000061035156,414.8171081542969,414.6000061035156,414.8171081542969,14849,2025-01-15 05:14:03.140428+00:00
2025-01-14 17:58:00+00:00,MSFT,414.7799987792969,414.94000244140625,414.7799987792969,414.82000732421875,9019,2025-01-15 05:14:03.140428+00:00
2025-01-14 17:59:00+00:00,MSFT,414.8711853027344,415.0299987792969,414.8200988769531,415.0,11122,2025-01-15 05:14:03.140428+00:00
2025-01-14 18:00:00+00:00,MSFT,415.0,415.1499938964844,414.93499755859375,415.1099853515625,12066,2025-01-15 05:14:03.140428+00:00
2025-01-14 18:01:00+00:00,MSFT,415.1700134277344,415.19000244140625,414.9100036621094,414.9800109863281,14542,2025-01-15 05:14:03.140428+00:00
2025-01-14 18:02:00+00:00,MSFT,415.1499938964844,415.30999755859375,415.1499938964844,415.2650146484375,12296,2025-01-15 05:14:03.140428+00:00
2025-01-14 18:03:00+00:00,MSFT,415.2650146484375,415.4200134277344,415.2099914550781,415.4200134277344,18191,2025-01-15 05:14:03.140428+00:00
2025-01-14 18:04:00+00:00,MSFT,415.4100036621094,415.6000061035156,415.4100036621094,415.4849853515625,16161,2025-01-15 05:14:03.140428+00:00
2025-01-14 18:05:00+00:00,MSFT,415.4849853515625,415.5299987792969,415.25,415.409912109375,9247,2025-01-15 05:14:03.140428+00:00
2025-01-14 18:06:00+00:00,MSFT,415.3450012207031,415.4800109863281,415.2799987792969,415.4100036621094,17086,2025-01-15 05:14:03.140428+00:00
2025-01-14 18:07:00+00:00,MSFT,415.4150085449219,415.5899963378906,415.3263854980469,415.3263854980469,19546,2025-01-15 05:14:03.140428+00:00
2025-01-14 18:08:00+00:00,MSFT,415.3299865722656,415.556396484375,415.3299865722656,415.4100036621094,14327,2025-01-15 05:14:03.140428+00:00
2025-01-14 18:09:00+00:00,MSFT,415.4100036621094,415.42999267578125,415.30499267578125,415.3599853515625,8177,2025-01-15 05:14:03.140428+00:00
2025-01-14 18:10:00+00:00,MSFT,415.3699951171875,415.4200134277344,415.16009521484375,415.239501953125,9569,2025-01-15 05:14:03.140428+00:00
2025-01-14 18:11:00+00:00,MSFT,415.20001220703125,415.385498046875,415.1700134277344,415.2650146484375,6090,2025-01-15 05:14:03.140428+00:00
2025-01-14 18:12:00+00:00,MSFT,415.2850036621094,415.2900085449219,415.1400146484375,415.2900085449219,4909,2025-01-15 05:14:03.140428+00:00
2025-01-14 18:13:00+00:00,MSFT,415.2900085449219,415.3299865722656,415.1199951171875,415.2799987792969,6238,2025-01-15 05:14:03.140428+00:00
2025-01-14 18:14:00+00:00,MSFT,415.2799987792969,415.44000244140625,415.2799987792969,415.44000244140625,7284,2025-01-15 05:14:03.140428+00:00
2025-01-14 18:15:00+00:00,MSFT,415.3999938964844,415.5400085449219,415.36151123046875,415.5007019042969,8819,2025-01-15 05:14:03.140428+00:00
2025-01-14 18:16:00+00:00,MSFT,415.489990234375,415.82989501953125,415.4410095214844,415.80999755859375,14760,2025-01-15 05:14:03.140428+00:00
2025-01-14 18:17:00+00:00,MSFT,415.7900085449219,415.9119873046875,415.7799987792969,415.8900146484375,17072,2025-01-15 05:14:03.140428+00:00
2025-01-14 18:18:00+00:00,MSFT,415.9200134277344,416.04998779296875,415.7799987792969,415.8700866699219,22113,2025-01-15 05:14:03.140428+00:00
2025-01-14 18:19:00+00:00,MSFT,415.94000244140625,415.97021484375,415.6910095214844,415.75,22335,2025-01-15 05:14:03.140428+00:00
2025-01-14 18:20:00+00:00,MSFT,415.67999267578125,415.739990234375,415.5899963378906,415.7300109863281,11051,2025-01-15 05:14:03.140428+00:00
2025-01-14 18:21:00+00:00,MSFT,415.7300109863281,415.9100036621094,415.70001220703125,415.8900146484375,13105,2025-01-15 05:14:03.140428+00:00
2025-01-14 18:22:00+00:00,MSFT,415.8500061035156,415.8699951171875,415.7601013183594,415.8699951171875,7182,2025-01-15 05:14:03.140428+00:00
2025-01-14 18:23:00+00:00,MSFT,415.8699951171875,415.9873962402344,415.7799987792969,415.9844970703125,10560,2025-01-15 05:14:03.140428+00:00
2025-01-14 18:24:00+00:00,MSFT,415.9800109863281,416.0299987792969,415.93011474609375,416.0199890136719,9732,2025-01-15 05:14:03.140428+00:00
2025-01-14 18:25:00+00:00,MSFT,416.0422058105469,416.17999267578125,416.0404052734375,416.17999267578125,10745,2025-01-15 05:14:03.140428+00:00
2025-01-14 18:26:00+00:00,MSFT,416.2200012207031,416.25,416.1650085449219,416.2300109863281,9937,2025-01-15 05:14:03.140428+00:00
2025-01-14 18:27:00+00:00,MSFT,416.255615234375,416.32501220703125,416.1300048828125,416.32501220703125,11584,2025-01-15 05:14:03.140428+00:00
2025-01-14 18:28:00+00:00,MSFT,416.32501220703125,416.5,416.1000061035156,416.4967041015625,38037,2025-01-15 05:14:03.140428+00:00
2025-01-14 18:29:00+00:00,MSFT,416.4200134277344,416.45050048828125,416.1600036621094,416.20001220703125,9673,2025-01-15 05:14:03.140428+00:00
2025-01-14 18:30:00+00:00,MSFT,416.1600036621094,416.20001220703125,415.95001220703125,416.1499938964844,12370,2025-01-15 05:14:03.140428+00:00
2025-01-14 18:31:00+00:00,MSFT,416.0849914550781,416.1600036621094,416.010009765625,416.1499938964844,10237,2025-01-15 05:14:03.140428+00:00
2025-01-14 18:32:00+00:00,MSFT,416.1499938964844,416.19140625,416.0299987792969,416.1600036621094,7900,2025-01-15 05:14:03.140428+00:00
2025-01-14 18:33:00+00:00,MSFT,416.1435852050781,416.1435852050781,415.95001220703125,416.0299987792969,8545,2025-01-15 05:14:03.140428+00:00
2025-01-14 18:34:00+00:00,MSFT,416.0,416.2049865722656,415.9700927734375,416.1449890136719,48213,2025-01-15 05:14:03.140428+00:00
2025-01-14 18:35:00+00:00,MSFT,416.17498779296875,416.2099914550781,415.9800109863281,416.001708984375,9745,2025-01-15 05:14:03.140428+00:00
2025-01-14 18:36:00+00:00,MSFT,416.0450134277344,416.3999938964844,416.0450134277344,416.2650146484375,16051,2025-01-15 05:14:03.140428+00:00
2025-01-14 18:37:00+00:00,MSFT,416.2900085449219,416.4299011230469,416.2500915527344,416.2699890136719,9994,2025-01-15 05:14:03.140428+00:00
2025-01-14 18:38:00+00:00,MSFT,416.25,416.29998779296875,416.1700134277344,416.2019958496094,6079,2025-01-15 05:14:03.140428+00:00
2025-01-14 18:39:00+00:00,MSFT,416.20001220703125,416.3450012207031,416.1499938964844,416.3450012207031,12711,2025-01-15 05:14:03.140428+00:00
2025-01-14 18:40:00+00:00,MSFT,416.30999755859375,416.6300048828125,416.29998779296875,416.6300048828125,25306,2025-01-15 05:14:03.140428+00:00
2025-01-14 18:41:00+00:00,MSFT,416.55828857421875,416.70001220703125,416.5201110839844,416.6600036621094,20649,2025-01-15 05:14:03.140428+00:00
2025-01-14 18:42:00+00:00,MSFT,416.70001220703125,416.75,416.53009033203125,416.5899963378906,22368,2025-01-15 05:14:03.140428+00:00
2025-01-14 18:43:00+00:00,MSFT,416.6355895996094,416.9715881347656,416.5400085449219,416.92999267578125,18208,2025-01-15 05:14:03.140428+00:00
2025-01-14 18:44:00+00:00,MSFT,416.9100036621094,416.9678039550781,416.6600036621094,416.760009765625,23207,2025-01-15 05:14:03.140428+00:00
2025-01-14 18:45:00+00:00,MSFT,416.7699890136719,416.8160095214844,416.70001220703125,416.75,9168,2025-01-15 05:14:03.140428+00:00
2025-01-14 18:46:00+00:00,MSFT,416.79998779296875,417.1000061035156,416.79998779296875,417.0799865722656,21833,2025-01-15 05:14:03.140428+00:00
2025-01-14 18:47:00+00:00,MSFT,417.1000061035156,417.19989013671875,417.04998779296875,417.1300048828125,18664,2025-01-15 05:14:03.140428+00:00
2025-01-14 18:48:00+00:00,MSFT,417.12921142578125,417.20001220703125,417.0899963378906,417.1199951171875,19137,2025-01-15 05:14:03.140428+00:00
2025-01-14 18:49:00+00:00,MSFT,417.0950012207031,417.20001220703125,417.010009765625,417.1499938964844,15844,2025-01-15 05:14:03.140428+00:00
2025-01-14 18:50:00+00:00,MSFT,417.1400146484375,417.2247009277344,417.0799865722656,417.2247009277344,22691,2025-01-15 05:14:03.140428+00:00
2025-01-14 18:51:00+00:00,MSFT,417.260009765625,417.34368896484375,417.2200012207031,417.2449951171875,14227,2025-01-15 05:14:03.140428+00:00
2025-01-14 18:52:00+00:00,MSFT,417.2049865722656,417.3500061035156,417.1499938964844,417.1499938964844,29784,2025-01-15 05:14:03.140428+00:00
2025-01-14 18:53:00+00:00,MSFT,417.1000061035156,417.20001220703125,416.9599914550781,416.9949951171875,30952,2025-01-15 05:14:03.140428+00:00
2025-01-14 18:54:00+00:00,MSFT,417.0199890136719,417.29998779296875,416.9700012207031,417.2950134277344,34064,2025-01-15 05:14:03.140428+00:00
2025-01-14 18:55:00+00:00,MSFT,417.29998779296875,417.4585876464844,417.2300109863281,417.4585876464844,28855,2025-01-15 05:14:03.140428+00:00
2025-01-14 18:56:00+00:00,MSFT,417.5,417.6099853515625,417.3432922363281,417.385009765625,28674,2025-01-15 05:14:03.140428+00:00
2025-01-14 18:57:00+00:00,MSFT,417.44000244140625,417.55999755859375,417.3599853515625,417.3599853515625,9939,2025-01-15 05:14:03.140428+00:00
2025-01-14 18:58:00+00:00,MSFT,417.45989990234375,417.45989990234375,417.1911926269531,417.2300109863281,13914,2025-01-15 05:14:03.140428+00:00
2025-01-14 18:59:00+00:00,MSFT,417.2300109863281,417.2937927246094,417.0799865722656,417.17999267578125,18681,2025-01-15 05:14:03.140428+00:00
2025-01-14 19:00:00+00:00,MSFT,417.19488525390625,417.19488525390625,416.9100036621094,417.07000732421875,16063,2025-01-15 05:14:03.140428+00:00
2025-01-14 19:01:00+00:00,MSFT,417.05999755859375,417.05999755859375,416.8800048828125,417.0050048828125,8995,2025-01-15 05:14:03.140428+00:00
2025-01-14 19:02:00+00:00,MSFT,417.0400085449219,417.32000732421875,417.0400085449219,417.2099914550781,15483,2025-01-15 05:14:03.140428+00:00
2025-01-14 19:03:00+00:00,MSFT,417.2099914550781,417.2099914550781,416.9700012207031,416.9700012207031,8006,2025-01-15 05:14:03.140428+00:00
2025-01-14 19:04:00+00:00,MSFT,417.0,417.19500732421875,416.9800109863281,417.1499938964844,14698,2025-01-15 05:14:03.140428+00:00
2025-01-14 19:05:00+00:00,MSFT,417.1700134277344,417.197509765625,417.04998779296875,417.04998779296875,14174,2025-01-15 05:14:03.140428+00:00
2025-01-14 19:06:00+00:00,MSFT,417.1000061035156,417.2865905761719,417.0299987792969,417.2438049316406,21705,2025-01-15 05:14:03.140428+00:00
2025-01-14 19:07:00+00:00,MSFT,417.2449951171875,417.3999938964844,417.17999267578125,417.3999938964844,15807,2025-01-15 05:14:03.140428+00:00
2025-01-14 19:08:00+00:00,MSFT,417.3999938964844,417.4599914550781,417.3800048828125,417.3800048828125,6345,2025-01-15 05:14:03.140428+00:00
2025-01-14 19:09:00+00:00,MSFT,417.36248779296875,417.3999938964844,417.2300109863281,417.3450012207031,10094,2025-01-15 05:14:03.140428+00:00
2025-01-14 19:10:00+00:00,MSFT,417.3450012207031,417.3450012207031,417.2799987792969,417.2900085449219,9272,2025-01-15 05:14:03.140428+00:00
2025-01-14 19:11:00+00:00,MSFT,417.3900146484375,417.4031982421875,417.27301025390625,417.3539123535156,12015,2025-01-15 05:14:03.140428+00:00
2025-01-14 19:12:00+00:00,MSFT,417.3500061035156,417.3999938964844,417.0603942871094,417.1449890136719,14097,2025-01-15 05:14:03.140428+00:00
2025-01-14 19:13:00+00:00,MSFT,417.0799865722656,417.2582092285156,417.05999755859375,417.2582092285156,11532,2025-01-15 05:14:03.140428+00:00
2025-01-14 19:14:00+00:00,MSFT,417.2950134277344,417.4435119628906,417.2937927246094,417.4150085449219,9207,2025-01-15 05:14:03.140428+00:00
2025-01-14 19:15:00+00:00,MSFT,417.4150085449219,417.510009765625,417.38079833984375,417.5050048828125,7855,2025-01-15 05:14:03.140428+00:00
2025-01-14 19:16:00+00:00,MSFT,417.510009765625,417.5299987792969,417.3599853515625,417.3599853515625,19660,2025-01-15 05:14:03.140428+00:00
2025-01-14 19:17:00+00:00,MSFT,417.32000732421875,417.4849853515625,417.24798583984375,417.4849853515625,9314,2025-01-15 05:14:03.140428+00:00
2025-01-14 19:18:00+00:00,MSFT,417.5815124511719,417.793212890625,417.5400085449219,417.793212890625,21528,2025-01-15 05:14:03.140428+00:00
2025-01-14 19:19:00+00:00,MSFT,417.7900085449219,417.7900085449219,417.43011474609375,417.4949951171875,10247,2025-01-15 05:14:03.140428+00:00
2025-01-14 19:20:00+00:00,MSFT,417.4949951171875,417.55999755859375,417.3900146484375,417.3999938964844,10875,2025-01-15 05:14:03.140428+00:00
2025-01-14 19:21:00+00:00,MSFT,417.3800048828125,417.510009765625,417.3299865722656,417.4549865722656,7938,2025-01-15 05:14:03.140428+00:00
2025-01-14 19:22:00+00:00,MSFT,417.4786071777344,417.55999755859375,417.43011474609375,417.50048828125,19927,2025-01-15 05:14:03.140428+00:00
2025-01-14 19:23:00+00:00,MSFT,417.4700012207031,417.489990234375,417.3673095703125,417.3999938964844,10002,2025-01-15 05:14:03.140428+00:00
2025-01-14 19:24:00+00:00,MSFT,417.3999938964844,417.45001220703125,417.3399963378906,417.45001220703125,13534,2025-01-15 05:14:03.140428+00:00
2025-01-14 19:25:00+00:00,MSFT,417.4599914550781,417.5400085449219,417.3699951171875,417.385009765625,14668,2025-01-15 05:14:03.140428+00:00
2025-01-14 19:26:00+00:00,MSFT,417.3999938964844,417.4599914550781,417.2300109863281,417.32000732421875,11009,2025-01-15 05:14:03.140428+00:00
2025-01-14 19:27:00+00:00,MSFT,417.2799987792969,417.3868103027344,417.0799865722656,417.1400146484375,30093,2025-01-15 05:14:03.140428+00:00
2025-01-14 19:28:00+00:00,MSFT,417.0943908691406,417.19989013671875,417.0199890136719,417.0799865722656,19108,2025-01-15 05:14:03.140428+00:00
2025-01-14 19:29:00+00:00,MSFT,417.0799865722656,417.1099853515625,416.9649963378906,417.0,15573,2025-01-15 05:14:03.140428+00:00
2025-01-14 19:30:00+00:00,MSFT,417.0299987792969,417.0799865722656,416.9700012207031,417.0299987792969,12958,2025-01-15 05:14:03.140428+00:00
2025-01-14 19:31:00+00:00,MSFT,417.0299987792969,417.1799011230469,416.9599914550781,417.1199951171875,18446,2025-01-15 05:14:03.140428+00:00
2025-01-14 19:32:00+00:00,MSFT,417.1199951171875,417.2200012207031,417.010009765625,417.0899963378906,12166,2025-01-15 05:14:03.140428+00:00
2025-01-14 19:33:00+00:00,MSFT,417.04998779296875,417.30999755859375,417.04998779296875,417.2749938964844,16454,2025-01-15 05:14:03.140428+00:00
2025-01-14 19:34:00+00:00,MSFT,417.2550048828125,417.3699951171875,417.25,417.2550048828125,19146,2025-01-15 05:14:03.140428+00:00
2025-01-14 19:35:00+00:00,MSFT,417.25750732421875,417.4198913574219,417.25750732421875,417.31500244140625,13263,2025-01-15 05:14:03.140428+00:00
2025-01-14 19:36:00+00:00,MSFT,417.2601013183594,417.48260498046875,417.2601013183594,417.4200134277344,25957,2025-01-15 05:14:03.140428+00:00
2025-01-14 19:37:00+00:00,MSFT,417.3900146484375,417.3999938964844,417.30999755859375,417.364990234375,14711,2025-01-15 05:14:03.140428+00:00
2025-01-14 19:38:00+00:00,MSFT,417.3208923339844,417.3800048828125,417.25,417.3800048828125,17546,2025-01-15 05:14:03.140428+00:00
2025-01-14 19:39:00+00:00,MSFT,417.42999267578125,417.4700927734375,417.22149658203125,417.22149658203125,14599,2025-01-15 05:14:03.140428+00:00
2025-01-14 19:40:00+00:00,MSFT,417.2161865234375,417.32000732421875,417.17999267578125,417.2699890136719,15062,2025-01-15 05:14:03.140428+00:00
2025-01-14 19:41:00+00:00,MSFT,417.268798828125,417.3446044921875,417.2099914550781,417.2799987792969,15117,2025-01-15 05:14:03.140428+00:00
2025-01-14 19:42:00+00:00,MSFT,417.3299865722656,417.3299865722656,417.0,417.0,9545,2025-01-15 05:14:03.140428+00:00
2025-01-14 19:43:00+00:00,MSFT,417.0083923339844,417.07000732421875,416.8700866699219,416.94000244140625,14880,2025-01-15 05:14:03.140428+00:00
2025-01-14 19:44:00+00:00,MSFT,416.92498779296875,416.92498779296875,416.7099914550781,416.8450012207031,21040,2025-01-15 05:14:03.140428+00:00
2025-01-14 19:45:00+00:00,MSFT,416.8505859375,416.8699951171875,416.6300048828125,416.70001220703125,10681,2025-01-15 05:14:03.140428+00:00
2025-01-14 19:46:00+00:00,MSFT,416.68798828125,416.70001220703125,416.55999755859375,416.6234130859375,18777,2025-01-15 05:14:03.140428+00:00
2025-01-14 19:47:00+00:00,MSFT,416.5950012207031,416.69000244140625,416.5249938964844,416.6400146484375,38169,2025-01-15 05:14:03.140428+00:00
2025-01-14 19:48:00+00:00,MSFT,416.6300048828125,416.739990234375,416.5400085449219,416.6000061035156,13594,2025-01-15 05:14:03.140428+00:00
2025-01-14 19:49:00+00:00,MSFT,416.6921081542969,416.70001220703125,416.5199890136719,416.5450134277344,17119,2025-01-15 05:14:03.140428+00:00
2025-01-14 19:50:00+00:00,MSFT,416.55499267578125,416.55999755859375,416.30999755859375,416.32501220703125,22074,2025-01-15 05:14:03.140428+00:00
2025-01-14 19:51:00+00:00,MSFT,416.3599853515625,416.3599853515625,415.9049987792969,415.9200134277344,15049,2025-01-15 05:14:03.140428+00:00
2025-01-14 19:52:00+00:00,MSFT,415.8800048828125,416.1099853515625,415.8500061035156,415.8500061035156,16051,2025-01-15 05:14:03.140428+00:00
2025-01-14 19:53:00+00:00,MSFT,415.8900146484375,415.92999267578125,415.54998779296875,415.55999755859375,18724,2025-01-15 05:14:03.140428+00:00
2025-01-14 19:54:00+00:00,MSFT,415.55999755859375,415.6199951171875,415.3450012207031,415.36248779296875,29374,2025-01-15 05:14:03.140428+00:00
2025-01-14 19:55:00+00:00,MSFT,415.32000732421875,415.42999267578125,415.239990234375,415.239990234375,20839,2025-01-15 05:14:03.140428+00:00
2025-01-14 19:56:00+00:00,MSFT,415.19000244140625,415.32000732421875,414.8399963378906,414.9049987792969,63830,2025-01-15 05:14:03.140428+00:00
2025-01-14 19:57:00+00:00,MSFT,414.875,414.8900146484375,414.54998779296875,414.6400146484375,22671,2025-01-15 05:14:03.140428+00:00
2025-01-14 19:58:00+00:00,MSFT,414.6400146484375,414.7900085449219,414.5350036621094,414.5400085449219,26954,2025-01-15 05:14:03.140428+00:00
2025-01-14 19:59:00+00:00,MSFT,414.55999755859375,414.55999755859375,414.2650146484375,414.29998779296875,27299,2025-01-15 05:14:03.140428+00:00
2025-01-14 20:00:00+00:00,MSFT,414.29998779296875,414.5840148925781,413.989990234375,414.1050109863281,63119,2025-01-15 05:14:03.140428+00:00
2025-01-14 20:01:00+00:00,MSFT,414.1050109863281,414.1600036621094,413.6700134277344,413.70001220703125,46763,2025-01-15 05:14:03.140428+00:00
2025-01-14 20:02:00+00:00,MSFT,413.67498779296875,413.75469970703125,413.1050109863281,413.20001220703125,54638,2025-01-15 05:14:03.140428+00:00
2025-01-14 20:03:00+00:00,MSFT,413.20001220703125,413.4049987792969,412.92999267578125,413.2850036621094,68495,2025-01-15 05:14:03.140428+00:00
2025-01-14 20:04:00+00:00,MSFT,413.2850036621094,413.2850036621094,412.3299865722656,412.4200134277344,107310,2025-01-15 05:14:03.140428+00:00
2025-01-14 20:05:00+00:00,MSFT,412.4200134277344,412.75518798828125,412.3244934082031,412.6650085449219,78032,2025-01-15 05:14:03.140428+00:00
2025-01-14 20:06:00+00:00,MSFT,412.6700134277344,412.75,412.2200012207031,412.2712097167969,55259,2025-01-15 05:14:03.140428+00:00
2025-01-14 20:07:00+00:00,MSFT,412.2799987792969,412.2799987792969,411.8299865722656,412.1549987792969,120751,2025-01-15 05:14:03.140428+00:00
2025-01-14 20:08:00+00:00,MSFT,412.1600036621094,412.3800048828125,411.8999938964844,412.04998779296875,72045,2025-01-15 05:14:03.140428+00:00
2025-01-14 20:09:00+00:00,MSFT,412.125,412.239990234375,411.9200134277344,412.05499267578125,43930,2025-01-15 05:14:03.140428+00:00
2025-01-14 20:10:00+00:00,MSFT,412.0,412.0,411.5,411.55999755859375,54790,2025-01-15 05:14:03.140428+00:00
2025-01-14 20:11:00+00:00,MSFT,411.55999755859375,411.80999755859375,411.3832092285156,411.54998779296875,56710,2025-01-15 05:14:03.140428+00:00
2025-01-14 20:12:00+00:00,MSFT,411.57000732421875,411.79998779296875,411.57000732421875,411.7449951171875,54014,2025-01-15 05:14:03.140428+00:00
2025-01-14 20:13:00+00:00,MSFT,411.7300109863281,411.7799987792969,411.43499755859375,411.6000061035156,66841,2025-01-15 05:14:03.140428+00:00
2025-01-14 20:14:00+00:00,MSFT,411.5799865722656,411.71990966796875,411.25,411.260009765625,58166,2025-01-15 05:14:03.140428+00:00
2025-01-14 20:15:00+00:00,MSFT,411.25,411.6003112792969,411.2099914550781,411.56719970703125,68428,2025-01-15 05:14:03.140428+00:00
2025-01-14 20:16:00+00:00,MSFT,411.5419921875,411.7099914550781,411.29998779296875,411.4700012207031,131137,2025-01-15 05:14:03.140428+00:00
2025-01-14 20:17:00+00:00,MSFT,411.510009765625,411.55999755859375,411.2200012207031,411.2900085449219,83714,2025-01-15 05:14:03.140428+00:00
2025-01-14 20:18:00+00:00,MSFT,411.2749938964844,411.3599853515625,410.7200012207031,411.0,145051,2025-01-15 05:14:03.140428+00:00
2025-01-14 20:19:00+00:00,MSFT,411.010009765625,411.2915954589844,410.8901062011719,411.2699890136719,50354,2025-01-15 05:14:03.140428+00:00
2025-01-14 20:20:00+00:00,MSFT,411.2799987792969,411.47198486328125,411.0799865722656,411.0950012207031,35969,2025-01-15 05:14:03.140428+00:00
2025-01-14 20:21:00+00:00,MSFT,411.114990234375,411.29998779296875,411.0400085449219,411.1000061035156,36540,2025-01-15 05:14:03.140428+00:00
2025-01-14 20:22:00+00:00,MSFT,411.1000061035156,411.17999267578125,410.8999938964844,410.8999938964844,57391,2025-01-15 05:14:03.140428+00:00
2025-01-14 20:23:00+00:00,MSFT,410.8800048828125,410.989990234375,410.7200012207031,410.989990234375,40960,2025-01-15 05:14:03.140428+00:00
2025-01-14 20:24:00+00:00,MSFT,410.989990234375,411.6099853515625,410.9649963378906,411.6099853515625,70894,2025-01-15 05:14:03.140428+00:00
2025-01-14 20:25:00+00:00,MSFT,411.6000061035156,411.69000244140625,411.4100036621094,411.6650085449219,44868,2025-01-15 05:14:03.140428+00:00
2025-01-14 20:26:00+00:00,MSFT,411.6549987792969,411.67999267578125,411.3500061035156,411.3999938964844,33771,2025-01-15 05:14:03.140428+00:00
2025-01-14 20:27:00+00:00,MSFT,411.4150085449219,411.79998779296875,411.35009765625,411.79998779296875,49055,2025-01-15 05:14:03.140428+00:00
2025-01-14 20:28:00+00:00,MSFT,411.7799987792969,412.04998779296875,411.739990234375,411.9200134277344,28891,2025-01-15 05:14:03.140428+00:00
2025-01-14 20:29:00+00:00,MSFT,411.9200134277344,412.1000061035156,411.9100036621094,411.9549865722656,52685,2025-01-15 05:14:03.140428+00:00
2025-01-14 20:30:00+00:00,MSFT,411.8999938964844,412.25,411.8800048828125,412.0799865722656,46405,2025-01-15 05:14:03.140428+00:00
2025-01-14 20:31:00+00:00,MSFT,412.04998779296875,412.1589050292969,411.7309875488281,411.8999938964844,42774,2025-01-15 05:14:03.140428+00:00
2025-01-14 20:32:00+00:00,MSFT,411.875,412.0400085449219,411.760009765625,411.8699951171875,53228,2025-01-15 05:14:03.140428+00:00
2025-01-14 20:33:00+00:00,MSFT,411.8800048828125,411.8900146484375,411.70001220703125,411.7749938964844,43989,2025-01-15 05:14:03.140428+00:00
2025-01-14 20:34:00+00:00,MSFT,411.8500061035156,411.8500061035156,411.6600036621094,411.7850036621094,40626,2025-01-15 05:14:03.140428+00:00
2025-01-14 20:35:00+00:00,MSFT,411.82000732421875,411.9649963378906,411.70001220703125,411.9599914550781,41888,2025-01-15 05:14:03.140428+00:00
2025-01-14 20:36:00+00:00,MSFT,411.9200134277344,412.3299865722656,411.7850036621094,412.1099853515625,38973,2025-01-15 05:14:03.140428+00:00
2025-01-14 20:37:00+00:00,MSFT,412.0899963378906,412.25,412.0299987792969,412.05499267578125,43656,2025-01-15 05:14:03.140428+00:00
2025-01-14 20:38:00+00:00,MSFT,412.05499267578125,412.17999267578125,411.7699890136719,411.8900146484375,35367,2025-01-15 05:14:03.140428+00:00
2025-01-14 20:39:00+00:00,MSFT,411.92999267578125,411.9599914550781,411.489990234375,411.57000732421875,42654,2025-01-15 05:14:03.140428+00:00
2025-01-14 20:40:00+00:00,MSFT,411.5799865722656,411.8599853515625,411.54998779296875,411.82501220703125,48546,2025-01-15 05:14:03.140428+00:00
2025-01-14 20:41:00+00:00,MSFT,411.82501220703125,412.3999938964844,411.82501220703125,412.3800048828125,57138,2025-01-15 05:14:03.140428+00:00
2025-01-14 20:42:00+00:00,MSFT,412.3500061035156,412.3900146484375,411.95001220703125,411.9649963378906,49878,2025-01-15 05:14:03.140428+00:00
2025-01-14 20:43:00+00:00,MSFT,411.9649963378906,412.260009765625,411.760009765625,412.1549987792969,42609,2025-01-15 05:14:03.140428+00:00
2025-01-14 20:44:00+00:00,MSFT,412.2200012207031,412.45001220703125,412.17498779296875,412.3999938964844,38695,2025-01-15 05:14:03.140428+00:00
2025-01-14 20:45:00+00:00,MSFT,412.3999938964844,412.84991455078125,412.3699951171875,412.5899963378906,47056,2025-01-15 05:14:03.140428+00:00
2025-01-14 20:46:00+00:00,MSFT,412.5799865722656,412.9389953613281,412.5799865722656,412.6700134277344,36905,2025-01-15 05:14:03.140428+00:00
2025-01-14 20:47:00+00:00,MSFT,412.6099853515625,412.90411376953125,412.53009033203125,412.8389892578125,43595,2025-01-15 05:14:03.140428+00:00
2025-01-14 20:48:00+00:00,MSFT,412.7749938964844,413.1499938964844,412.7749938964844,412.9700012207031,47993,2025-01-15 05:14:03.140428+00:00
2025-01-14 20:49:00+00:00,MSFT,412.9599914550781,413.1499938964844,412.8699951171875,412.9200134277344,39424,2025-01-15 05:14:03.140428+00:00
2025-01-14 20:50:00+00:00,MSFT,412.9700012207031,413.7049865722656,412.9599914550781,413.7049865722656,74080,2025-01-15 05:14:03.140428+00:00
2025-01-14 20:51:00+00:00,MSFT,413.760009765625,414.0,413.54998779296875,413.7099914550781,103955,2025-01-15 05:14:03.140428+00:00
2025-01-14 20:52:00+00:00,MSFT,413.7200927734375,414.0,413.6099853515625,413.7049865722656,57235,2025-01-15 05:14:03.140428+00:00
2025-01-14 20:53:00+00:00,MSFT,413.75,414.05999755859375,413.7204895019531,413.864990234375,78858,2025-01-15 05:14:03.140428+00:00
2025-01-14 20:54:00+00:00,MSFT,413.95001220703125,414.6199951171875,413.7101135253906,414.4100036621094,82520,2025-01-15 05:14:03.140428+00:00
2025-01-14 20:55:00+00:00,MSFT,414.4599914550781,415.0199890136719,414.2799987792969,414.67999267578125,156421,2025-01-15 05:14:03.140428+00:00
2025-01-14 20:56:00+00:00,MSFT,414.70001220703125,415.30999755859375,414.6700134277344,415.1650085449219,123088,2025-01-15 05:14:03.140428+00:00
2025-01-14 20:57:00+00:00,MSFT,415.1499938964844,415.3800048828125,415.1300048828125,415.1600036621094,121449,2025-01-15 05:14:03.140428+00:00
2025-01-14 20:58:00+00:00,MSFT,415.2099914550781,415.2099914550781,414.95001220703125,415.0,167779,2025-01-15 05:14:03.140428+00:00
2025-01-14 20:59:00+00:00,MSFT,415.0199890136719,415.75,414.80999755859375,415.67999267578125,424623,2025-01-15 05:14:03.140428+00:00
2025-01-14 21:00:00+00:00,MSFT,415.648,416.0,415.16,416.0,3145356,2025-01-15 05:14:03.140428+00:00
2025-01-14 21:01:00+00:00,MSFT,415.67,416.49,415.67,416.25,0,2025-01-15 05:14:03.140428+00:00
2025-01-14 21:02:00+00:00,MSFT,416.25,416.25,415.67,416.1,0,2025-01-15 05:14:03.140428+00:00
2025-01-14 21:03:00+00:00,MSFT,416.25,416.39,415.67,415.925,0,2025-01-15 05:14:03.140428+00:00
2025-01-14 21:04:00+00:00,MSFT,415.85,416.0,415.67,415.94,0,2025-01-15 05:14:03.140428+00:00
2025-01-14 21:05:00+00:00,MSFT,416.0,416.33,415.67,416.07,0,2025-01-15 05:14:03.140428+00:00
2025-01-14 21:06:00+00:00,MSFT,416.06,416.7,416.0222,416.0222,0,2025-01-15 05:14:03.140428+00:00
2025-01-14 21:07:00+00:00,MSFT,416.77,416.9442,401.7,416.88,0,2025-01-15 05:14:03.140428+00:00
2025-01-14 21:08:00+00:00,MSFT,416.6,416.99,416.14,416.99,0,2025-01-15 05:14:03.140428+00:00
2025-01-14 21:09:00+00:00,MSFT,416.9751,416.9751,416.0,416.8,0,2025-01-15 05:14:03.140428+00:00
2025-01-14 21:10:00+00:00,MSFT,416.5,416.5,416.06,416.25,0,2025-01-15 05:14:03.140428+00:00
2025-01-14 21:11:00+00:00,MSFT,416.18,416.4281,416.0,416.0027,0,2025-01-15 05:14:03.140428+00:00
2025-01-14 21:12:00+00:00,MSFT,416.08,416.5,416.07,416.07,0,2025-01-15 05:14:03.140428+00:00
2025-01-14 21:13:00+00:00,MSFT,416.345,416.45,415.67,415.67,0,2025-01-15 05:14:03.140428+00:00
2025-01-14 21:14:00+00:00,MSFT,416.18,416.255,416.15,416.185,0,2025-01-15 05:14:03.140428+00:00
2025-01-14 21:15:00+00:00,MSFT,415.67,416.36,415.67,416.28,0,2025-01-15 05:14:03.140428+00:00
2025-01-14 21:16:00+00:00,MSFT,416.575,416.75,416.2981,416.36,0,2025-01-15 05:14:03.140428+00:00
2025-01-14 21:17:00+00:00,MSFT,416.36,416.575,416.36,416.525,0,2025-01-15 05:14:03.140428+00:00
2025-01-14 21:18:00+00:00,MSFT,416.4,416.69,416.2258,416.2258,0,2025-01-15 05:14:03.140428+00:00
2025-01-14 21:19:00+00:00,MSFT,416.48,416.7,416.22,416.46,0,2025-01-15 05:14:03.140428+00:00
2025-01-14 21:20:00+00:00,MSFT,416.7,416.7,416.22,416.3092,0,2025-01-15 05:14:03.140428+00:00
2025-01-14 21:21:00+00:00,MSFT,416.455,416.5,416.2201,416.455,0,2025-01-15 05:14:03.140428+00:00
2025-01-14 21:22:00+00:00,MSFT,416.22,416.4443,416.22,416.335,0,2025-01-15 05:14:03.140428+00:00
2025-01-14 21:23:00+00:00,MSFT,416.32,416.4,416.2,416.2,0,2025-01-15 05:14:03.140428+00:00
2025-01-14 21:24:00+00:00,MSFT,416.2,416.3488,416.15,416.15,0,2025-01-15 05:14:03.140428+00:00
2025-01-14 21:25:00+00:00,MSFT,416.225,416.3,416.1501,416.1501,0,2025-01-15 05:14:03.140428+00:00
2025-01-14 21:26:00+00:00,MSFT,416.2025,416.3,416.2,416.2,0,2025-01-15 05:14:03.140428+00:00
2025-01-14 21:27:00+00:00,MSFT,416.33,416.33,416.2,416.2,0,2025-01-15 05:14:03.140428+00:00
2025-01-14 21:28:00+00:00,MSFT,416.2,416.29,416.15,416.22,0,2025-01-15 05:14:03.140428+00:00
2025-01-14 21:29:00+00:00,MSFT,416.29,416.29,416.15,416.16,0,2025-01-15 05:14:03.140428+00:00
2025-01-14 21:30:00+00:00,MSFT,416.16,416.2868,416.16,416.21,0,2025-01-15 05:14:03.140428+00:00
2025-01-14 21:31:00+00:00,MSFT,416.21,416.29,416.1616,416.2012,0,2025-01-15 05:14:03.140428+00:00
2025-01-14 21:32:00+00:00,MSFT,416.24,416.24,416.16,416.16,0,2025-01-15 05:14:03.140428+00:00
2025-01-14 21:33:00+00:00,MSFT,416.16,416.215,416.16,416.17,0,2025-01-15 05:14:03.140428+00:00
2025-01-14 21:34:00+00:00,MSFT,416.17,416.26,416.17,416.215,0,2025-01-15 05:14:03.140428+00:00
2025-01-14 21:35:00+00:00,MSFT,416.24,416.26,416.17,416.24,0,2025-01-15 05:14:03.140428+00:00
2025-01-14 21:36:00+00:00,MSFT,416.2585,416.29,416.123,416.29,0,2025-01-15 05:14:03.140428+00:00
2025-01-14 21:37:00+00:00,MSFT,416.245,416.6,416.11,416.16,0,2025-01-15 05:14:03.140428+00:00
2025-01-14 21:38:00+00:00,MSFT,416.11,416.45,416.11,416.275,0,2025-01-15 05:14:03.140428+00:00
2025-01-14 21:39:00+00:00,MSFT,416.275,416.44,416.275,416.44,0,2025-01-15 05:14:03.140428+00:00
2025-01-14 21:40:00+00:00,MSFT,416.275,416.35,416.275,416.28,0,2025-01-15 05:14:03.140428+00:00
2025-01-14 21:41:00+00:00,MSFT,416.44,416.44,416.275,416.28,0,2025-01-15 05:14:03.140428+00:00
2025-01-14 21:42:00+00:00,MSFT,416.28,416.44,416.1182,416.3,0,2025-01-15 05:14:03.140428+00:00
2025-01-14 21:43:00+00:00,MSFT,416.33,416.44,414.245,416.4,0,2025-01-15 05:14:03.140428+00:00
2025-01-14 21:44:00+00:00,MSFT,416.3001,416.4,416.3,416.4,0,2025-01-15 05:14:03.140428+00:00
2025-01-14 21:45:00+00:00,MSFT,416.3025,416.3982,416.11,416.245,0,2025-01-15 05:14:03.140428+00:00
2025-01-14 21:46:00+00:00,MSFT,416.38,422.3544,404.4637,415.1641,0,2025-01-15 05:14:03.140428+00:00
2025-01-14 21:47:00+00:00,MSFT,416.4,416.4,416.11,416.255,0,2025-01-15 05:14:03.140428+00:00
2025-01-14 21:48:00+00:00,MSFT,416.25,421.5473,403.6374,420.7909,0,2025-01-15 05:14:03.140428+00:00
2025-01-14 21:49:00+00:00,MSFT,416.255,430.761,416.15,416.26,0,2025-01-15 05:14:03.140428+00:00
2025-01-14 21:50:00+00:00,MSFT,416.25,427.0,416.11,416.255,0,2025-01-15 05:14:03.140428+00:00
2025-01-14 21:51:00+00:00,MSFT,416.255,432.1351,404.4637,416.18,0,2025-01-15 05:14:03.140428+00:00
2025-01-14 21:52:00+00:00,MSFT,416.255,422.3544,416.1147,416.2952,0,2025-01-15 05:14:03.140428+00:00
2025-01-14 21:53:00+00:00,MSFT,416.2,416.205,404.4637,416.205,0,2025-01-15 05:14:03.140428+00:00
2025-01-14 21:54:00+00:00,MSFT,416.26,422.3544,409.3123,416.2,0,2025-01-15 05:14:03.140428+00:00
2025-01-14 21:55:00+00:00,MSFT,416.18,416.365,409.2449,416.365,0,2025-01-15 05:14:03.140428+00:00
2025-01-14 21:56:00+00:00,MSFT,416.33,416.44,403.6374,416.44,0,2025-01-15 05:14:03.140428+00:00
2025-01-14 21:57:00+00:00,MSFT,416.44,421.5473,398.9084,404.4637,0,2025-01-15 05:14:03.140428+00:00
2025-01-14 21:58:00+00:00,MSFT,416.3301,416.49,410.6241,416.3,0,2025-01-15 05:14:03.140428+00:00
2025-01-14 21:59:00+00:00,MSFT,416.3,421.5473,387.3787,416.49,0,2025-01-15 05:14:03.140428+00:00
2025-01-14 22:00:00+00:00,MSFT,416.39,416.39,416.25,416.3,0,2025-01-15 05:14:03.140428+00:00
2025-01-14 22:01:00+00:00,MSFT,416.25,416.36,416.25,416.25,0,2025-01-15 05:14:03.140428+00:00
2025-01-14 22:02:00+00:00,MSFT,416.1699,416.49,416.11,416.11,0,2025-01-15 05:14:03.140428+00:00
2025-01-14 22:03:00+00:00,MSFT,416.32,416.36,416.15,416.32,0,2025-01-15 05:14:03.140428+00:00
2025-01-14 22:04:00+00:00,MSFT,416.32,416.49,416.1525,416.32,0,2025-01-15 05:14:03.140428+00:00
2025-01-14 22:05:00+00:00,MSFT,416.32,416.33,416.15,416.25,0,2025-01-15 05:14:03.140428+00:00
2025-01-14 22:06:00+00:00,MSFT,416.15,416.3288,416.15,416.22,0,2025-01-15 05:14:03.140428+00:00
2025-01-14 22:07:00+00:00,MSFT,416.11,416.13,416.055,416.08,0,2025-01-15 05:14:03.140428+00:00
2025-01-14 22:08:00+00:00,MSFT,416.055,416.08,416.0,416.08,0,2025-01-15 05:14:03.140428+00:00
2025-01-14 22:09:00+00:00,MSFT,416.0,416.19,416.0,416.0,0,2025-01-15 05:14:03.140428+00:00
2025-01-14 22:10:00+00:00,MSFT,416.16,416.32,416.16,416.16,0,2025-01-15 05:14:03.140428+00:00
2025-01-14 22:11:00+00:00,MSFT,416.0,416.33,416.0,416.33,0,2025-01-15 05:14:03.140428+00:00
2025-01-14 22:12:00+00:00,MSFT,416.165,416.3,416.1,416.3,0,2025-01-15 05:14:03.140428+00:00
2025-01-14 22:13:00+00:00,MSFT,416.0082,416.1,416.0,416.1,0,2025-01-15 05:14:03.140428+00:00
2025-01-14 22:14:00+00:00,MSFT,416.02,416.1208,416.0,416.08,0,2025-01-15 05:14:03.140428+00:00
2025-01-14 22:15:00+00:00,MSFT,416.15,416.15,416.0003,416.0003,0,2025-01-15 05:14:03.140428+00:00
2025-01-14 22:16:00+00:00,MSFT,416.14,416.15,416.06,416.15,0,2025-01-15 05:14:03.140428+00:00
2025-01-14 22:17:00+00:00,MSFT,416.02,416.15,416.0037,416.0037,0,2025-01-15 05:14:03.140428+00:00
2025-01-14 22:18:00+00:00,MSFT,416.12,416.1487,416.0,416.05,0,2025-01-15 05:14:03.140428+00:00
2025-01-14 22:19:00+00:00,MSFT,416.0975,416.0975,416.0,416.05,0,2025-01-15 05:14:03.140428+00:00
2025-01-14 22:20:00+00:00,MSFT,416.05,416.1,416.05,416.055,0,2025-01-15 05:14:03.140428+00:00
2025-01-14 22:21:00+00:00,MSFT,416.05,416.05,416.05,416.05,0,2025-01-15 05:14:03.140428+00:00
2025-01-14 22:22:00+00:00,MSFT,416.08,416.1,416.0122,416.1,0,2025-01-15 05:14:03.140428+00:00
2025-01-14 22:23:00+00:00,MSFT,416.08,416.08,416.08,416.08,0,2025-01-15 05:14:03.140428+00:00
2025-01-14 22:24:00+00:00,MSFT,416.1,416.15,416.07,416.15,0,2025-01-15 05:14:03.140428+00:00
2025-01-14 22:25:00+00:00,MSFT,416.1,416.13,415.67,416.085,0,2025-01-15 05:14:03.140428+00:00
2025-01-14 22:26:00+00:00,MSFT,416.13,416.15,416.0224,416.0232,0,2025-01-15 05:14:03.140428+00:00
2025-01-14 22:27:00+00:00,MSFT,416.08,416.15,416.01,416.01,0,2025-01-15 05:14:03.140428+00:00
2025-01-14 22:28:00+00:00,MSFT,416.08,416.08,416.0125,416.0125,0,2025-01-15 05:14:03.140428+00:00
2025-01-14 22:29:00+00:00,MSFT,416.0135,416.08,416.0135,416.08,0,2025-01-15 05:14:03.140428+00:00
2025-01-14 22:30:00+00:00,MSFT,416.15,416.15,416.01,416.08,0,2025-01-15 05:14:03.140428+00:00
2025-01-14 22:31:00+00:00,MSFT,416.15,416.15,416.0135,416.08,0,2025-01-15 05:14:03.140428+00:00
2025-01-14 22:32:00+00:00,MSFT,416.08,416.1,416.08,416.08,0,2025-01-15 05:14:03.140428+00:00
2025-01-14 22:33:00+00:00,MSFT,416.12,416.15,416.08,416.1495,0,2025-01-15 05:14:03.140428+00:00
2025-01-14 22:34:00+00:00,MSFT,416.15,416.15,416.01,416.01,0,2025-01-15 05:14:03.140428+00:00
2025-01-14 22:35:00+00:00,MSFT,416.09,416.09,416.08,416.08,0,2025-01-15 05:14:03.140428+00:00
2025-01-14 22:36:00+00:00,MSFT,416.15,416.15,416.02,416.08,0,2025-01-15 05:14:03.140428+00:00
2025-01-14 22:37:00+00:00,MSFT,416.15,416.15,416.049,416.049,0,2025-01-15 05:14:03.140428+00:00
2025-01-14 22:38:00+00:00,MSFT,416.0483,416.075,416.0483,416.075,0,2025-01-15 05:14:03.140428+00:00
2025-01-14 22:39:00+00:00,MSFT,416.03,416.15,416.0,416.075,0,2025-01-15 05:14:03.140428+00:00
2025-01-14 22:40:00+00:00,MSFT,416.0,416.075,416.0,416.075,0,2025-01-15 05:14:03.140428+00:00
2025-01-14 22:41:00+00:00,MSFT,416.075,416.075,416.075,416.075,0,2025-01-15 05:14:03.140428+00:00
2025-01-14 22:42:00+00:00,MSFT,416.01,416.13,416.01,416.01,0,2025-01-15 05:14:03.140428+00:00
2025-01-14 22:43:00+00:00,MSFT,416.01,416.075,416.0,416.05,0,2025-01-15 05:14:03.140428+00:00
2025-01-14 22:44:00+00:00,MSFT,416.0498,416.15,416.0017,416.15,0,2025-01-15 05:14:03.140428+00:00
2025-01-14 22:45:00+00:00,MSFT,416.075,416.075,416.0,416.0,0,2025-01-15 05:14:03.140428+00:00
2025-01-14 22:46:00+00:00,MSFT,416.075,416.15,416.075,416.15,0,2025-01-15 05:14:03.140428+00:00
2025-01-14 22:47:00+00:00,MSFT,416.15,416.15,416.075,416.075,0,2025-01-15 05:14:03.140428+00:00
2025-01-14 22:48:00+00:00,MSFT,416.05,416.075,416.05,416.075,0,2025-01-15 05:14:03.140428+00:00
2025-01-14 22:49:00+00:00,MSFT,416.0,416.15,416.0,416.075,0,2025-01-15 05:14:03.140428+00:00
2025-01-14 22:50:00+00:00,MSFT,416.075,416.075,416.075,416.075,0,2025-01-15 05:14:03.140428+00:00
2025-01-14 22:51:00+00:00,MSFT,416.0,416.15,416.0,416.15,0,2025-01-15 05:14:03.140428+00:00
2025-01-14 22:52:00+00:00,MSFT,416.1499,416.15,416.1499,416.15,0,2025-01-15 05:14:03.140428+00:00
2025-01-14 22:53:00+00:00,MSFT,416.0037,416.15,416.0,416.15,0,2025-01-15 05:14:03.140428+00:00
2025-01-14 22:54:00+00:00,MSFT,416.05,416.075,416.0037,416.075,0,2025-01-15 05:14:03.140428+00:00
2025-01-14 22:55:00+00:00,MSFT,416.15,416.15,416.0037,416.075,0,2025-01-15 05:14:03.140428+00:00
2025-01-14 22:56:00+00:00,MSFT,416.04,416.05,416.04,416.05,0,2025-01-15 05:14:03.140428+00:00
2025-01-14 22:57:00+00:00,MSFT,416.075,416.15,416.075,416.075,0,2025-01-15 05:14:03.140428+00:00
2025-01-14 22:58:00+00:00,MSFT,416.075,416.15,416.05,416.075,0,2025-01-15 05:14:03.140428+00:00
2025-01-14 22:59:00+00:00,MSFT,416.05,416.14,416.01,416.01,0,2025-01-15 05:14:03.140428+00:00
2025-01-14 23:00:00+00:00,MSFT,416.15,416.15,416.0037,416.075,0,2025-01-15 05:14:03.140428+00:00
2025-01-14 23:01:00+00:00,MSFT,416.15,416.15,416.075,416.075,0,2025-01-15 05:14:03.140428+00:00
2025-01-14 23:02:00+00:00,MSFT,416.075,416.1462,416.075,416.08,0,2025-01-15 05:14:03.140428+00:00
2025-01-14 23:03:00+00:00,MSFT,416.075,416.1499,416.075,416.1499,0,2025-01-15 05:14:03.140428+00:00
2025-01-14 23:04:00+00:00,MSFT,416.1499,416.1499,416.1499,416.1499,0,2025-01-15 05:14:03.140428+00:00
2025-01-14 23:05:00+00:00,MSFT,416.075,416.075,416.075,416.075,0,2025-01-15 05:14:03.140428+00:00
2025-01-14 23:06:00+00:00,MSFT,416.075,416.15,416.0,416.14,0,2025-01-15 05:14:03.140428+00:00
2025-01-14 23:07:00+00:00,MSFT,416.075,416.075,416.075,416.075,0,2025-01-15 05:14:03.140428+00:00
2025-01-14 23:08:00+00:00,MSFT,416.05,416.075,416.0,416.075,0,2025-01-15 05:14:03.140428+00:00
2025-01-14 23:09:00+00:00,MSFT,416.08,416.08,416.05,416.075,0,2025-01-15 05:14:03.140428+00:00
2025-01-14 23:10:00+00:00,MSFT,416.05,416.1164,416.0,416.05,0,2025-01-15 05:14:03.140428+00:00
2025-01-14 23:11:00+00:00,MSFT,416.05,416.12,416.0,416.075,0,2025-01-15 05:14:03.140428+00:00
2025-01-14 23:12:00+00:00,MSFT,416.075,416.13,416.075,416.075,0,2025-01-15 05:14:03.140428+00:00
2025-01-14 23:13:00+00:00,MSFT,416.0884,416.0884,416.0884,416.0884,0,2025-01-15 05:14:03.140428+00:00
2025-01-14 23:14:00+00:00,MSFT,416.045,416.045,416.045,416.045,0,2025-01-15 05:14:03.140428+00:00
2025-01-14 23:15:00+00:00,MSFT,416.09,416.09,416.045,416.09,0,2025-01-15 05:14:03.140428+00:00
2025-01-14 23:16:00+00:00,MSFT,416.0799,416.0799,416.04,416.04,0,2025-01-15 05:14:03.140428+00:00
2025-01-14 23:17:00+00:00,MSFT,416.04,416.08,416.04,416.04,0,2025-01-15 05:14:03.140428+00:00
2025-01-14 23:18:00+00:00,MSFT,416.04,416.04,416.04,416.04,0,2025-01-15 05:14:03.140428+00:00
2025-01-14 23:19:00+00:00,MSFT,416.002,416.078,416.0,416.04,0,2025-01-15 05:14:03.140428+00:00
2025-01-14 23:20:00+00:00,MSFT,416.04,416.08,416.04,416.04,0,2025-01-15 05:14:03.140428+00:00
2025-01-14 23:21:00+00:00,MSFT,416.08,416.08,416.04,416.04,0,2025-01-15 05:14:03.140428+00:00
2025-01-14 23:22:00+00:00,MSFT,416.039,416.04,416.039,416.04,0,2025-01-15 05:14:03.140428+00:00
2025-01-14 23:23:00+00:00,MSFT,416.04,416.08,416.0,416.08,0,2025-01-15 05:14:03.140428+00:00
2025-01-14 23:24:00+00:00,MSFT,416.04,416.0759,416.03,416.04,0,2025-01-15 05:14:03.140428+00:00
2025-01-14 23:25:00+00:00,MSFT,416.04,416.08,416.0,416.08,0,2025-01-15 05:14:03.140428+00:00
2025-01-14 23:26:00+00:00,MSFT,416.08,416.08,416.0,416.04,0,2025-01-15 05:14:03.140428+00:00
2025-01-14 23:27:00+00:00,MSFT,416.04,416.0788,416.0,416.04,0,2025-01-15 05:14:03.140428+00:00
2025-01-14 23:28:00+00:00,MSFT,416.04,416.08,416.04,416.04,0,2025-01-15 05:14:03.140428+00:00
2025-01-14 23:29:00+00:00,MSFT,416.04,416.08,416.04,416.04,0,2025-01-15 05:14:03.140428+00:00
2025-01-14 23:30:00+00:00,MSFT,416.05,416.05,416.04,416.04,0,2025-01-15 05:14:03.140428+00:00
2025-01-14 23:31:00+00:00,MSFT,416.09,416.09,416.085,416.085,0,2025-01-15 05:14:03.140428+00:00
2025-01-14 23:32:00+00:00,MSFT,416.0898,416.0898,416.085,416.085,0,2025-01-15 05:14:03.140428+00:00
2025-01-14 23:33:00+00:00,MSFT,415.74,415.8,415.73,415.8,0,2025-01-15 05:14:03.140428+00:00
2025-01-14 23:34:00+00:00,MSFT,415.73,416.15,415.39,415.77,0,2025-01-15 05:14:03.140428+00:00
2025-01-14 23:35:00+00:00,MSFT,416.09,416.09,415.7,416.0,0,2025-01-15 05:14:03.140428+00:00
2025-01-14 23:36:00+00:00,MSFT,415.73,416.07,415.73,415.73,0,2025-01-15 05:14:03.140428+00:00
2025-01-14 23:37:00+00:00,MSFT,416.044,416.044,415.735,415.735,0,2025-01-15 05:14:03.140428+00:00
2025-01-14 23:38:00+00:00,MSFT,416.07,416.08,415.735,416.0628,0,2025-01-15 05:14:03.140428+00:00
2025-01-14 23:39:00+00:00,MSFT,415.8,415.8,415.39,415.735,0,2025-01-15 05:14:03.140428+00:00
2025-01-14 23:40:00+00:00,MSFT,415.39,416.0799,415.39,416.0,0,2025-01-15 05:14:03.140428+00:00
2025-01-14 23:41:00+00:00,MSFT,416.0,416.0,416.0,416.0,0,2025-01-15 05:14:03.140428+00:00
2025-01-14 23:42:00+00:00,MSFT,416.0799,416.09,415.39,416.09,0,2025-01-15 05:14:03.140428+00:00
2025-01-14 23:43:00+00:00,MSFT,415.74,416.09,415.74,415.74,0,2025-01-15 05:14:03.140428+00:00
2025-01-14 23:44:00+00:00,MSFT,415.39,416.08,415.39,416.08,0,2025-01-15 05:14:03.140428+00:00
2025-01-14 23:45:00+00:00,MSFT,415.735,416.08,415.735,416.0628,0,2025-01-15 05:14:03.140428+00:00
2025-01-14 23:46:00+00:00,MSFT,415.39,415.875,415.39,415.875,0,2025-01-15 05:14:03.140428+00:00
2025-01-14 23:47:00+00:00,MSFT,415.875,416.02,415.825,415.825,0,2025-01-15 05:14:03.140428+00:00
2025-01-14 23:48:00+00:00,MSFT,415.87,415.87,415.86,415.86,0,2025-01-15 05:14:03.140428+00:00
2025-01-14 23:49:00+00:00,MSFT,415.855,416.0307,415.8,415.845,0,2025-01-15 05:14:03.140428+00:00
2025-01-14 23:50:00+00:00,MSFT,415.855,416.0,415.6902,415.88,0,2025-01-15 05:14:03.140428+00:00
2025-01-14 23:51:00+00:00,MSFT,415.88,416.0188,415.845,415.845,0,2025-01-15 05:14:03.140428+00:00
2025-01-14 23:52:00+00:00,MSFT,415.84,415.9,415.84,415.855,0,2025-01-15 05:14:03.140428+00:00
2025-01-14 23:53:00+00:00,MSFT,415.875,415.88,415.875,415.88,0,2025-01-15 05:14:03.140428+00:00
2025-01-14 23:54:00+00:00,MSFT,415.835,416.0,415.835,415.835,0,2025-01-15 05:14:03.140428+00:00
2025-01-14 23:55:00+00:00,MSFT,415.67,416.0,415.67,415.77,0,2025-01-15 05:14:03.140428+00:00
2025-01-14 23:56:00+00:00,MSFT,415.835,416.0,415.67,415.87,0,2025-01-15 05:14:03.140428+00:00
2025-01-14 23:57:00+00:00,MSFT,415.835,415.99,415.67,415.835,0,2025-01-15 05:14:03.140428+00:00
2025-01-14 23:58:00+00:00,MSFT,416.0,416.0,415.67,415.835,0,2025-01-15 05:14:03.140428+00:00
2025-01-14 23:59:00+00:00,MSFT,415.95,415.99,415.835,415.99,0,2025-01-15 05:14:03.140428+00:00
2025-01-15 00:00:00+00:00,MSFT,415.835,415.835,415.6782,415.835,0,2025-01-15 05:14:03.140428+00:00
2025-01-15 00:01:00+00:00,MSFT,415.88,415.965,415.67,415.965,0,2025-01-15 05:14:03.140428+00:00
2025-01-15 00:02:00+00:00,MSFT,415.9,415.965,415.8462,415.965,0,2025-01-15 05:14:03.140428+00:00
2025-01-15 00:03:00+00:00,MSFT,416.0,416.045,416.0,416.045,0,2025-01-15 05:14:03.140428+00:00
2025-01-15 00:04:00+00:00,MSFT,416.0,416.045,416.0,416.0,0,2025-01-15 05:14:03.140428+00:00
2025-01-15 00:05:00+00:00,MSFT,416.09,416.09,415.86,416.08,0,2025-01-15 05:14:03.140428+00:00
2025-01-15 00:06:00+00:00,MSFT,415.875,416.08,415.875,415.875,0,2025-01-15 05:14:03.140428+00:00
2025-01-15 00:07:00+00:00,MSFT,416.08,416.08,415.87,415.87,0,2025-01-15 05:14:03.140428+00:00
2025-01-15 00:08:00+00:00,MSFT,415.875,416.08,415.7095,415.7095,0,2025-01-15 05:14:03.140428+00:00
2025-01-15 00:09:00+00:00,MSFT,415.89,415.89,415.785,415.89,0,2025-01-15 05:14:03.140428+00:00
2025-01-15 00:10:00+00:00,MSFT,415.89,415.99,415.85,415.89,0,2025-01-15 05:14:03.140428+00:00
2025-01-15 00:11:00+00:00,MSFT,416.08,416.08,415.89,415.89,0,2025-01-15 05:14:03.140428+00:00
2025-01-15 00:12:00+00:00,MSFT,416.0705,416.0705,415.86,415.86,0,2025-01-15 05:14:03.140428+00:00
2025-01-15 00:13:00+00:00,MSFT,415.89,415.89,415.74,415.74,0,2025-01-15 05:14:03.140428+00:00
2025-01-15 00:14:00+00:00,MSFT,416.0315,416.0315,416.0315,416.0315,0,2025-01-15 05:14:03.140428+00:00
2025-01-15 00:15:00+00:00,MSFT,415.97,415.98,415.855,415.98,0,2025-01-15 05:14:03.140428+00:00
2025-01-15 00:16:00+00:00,MSFT,416.09,416.09,416.09,416.09,0,2025-01-15 05:14:03.140428+00:00
2025-01-15 00:17:00+00:00,MSFT,415.8,415.8,415.8,415.8,0,2025-01-15 05:14:03.140428+00:00
2025-01-15 00:18:00+00:00,MSFT,416.09,416.09,415.89,416.09,0,2025-01-15 05:14:03.140428+00:00
2025-01-15 00:19:00+00:00,MSFT,416.09,416.09,415.99,416.04,0,2025-01-15 05:14:03.140428+00:00
2025-01-15 00:20:00+00:00,MSFT,415.99,416.086,415.99,415.9925,0,2025-01-15 05:14:03.140428+00:00
2025-01-15 00:21:00+00:00,MSFT,416.04,416.04,416.04,416.04,0,2025-01-15 05:14:03.140428+00:00
2025-01-15 00:22:00+00:00,MSFT,416.15,416.24,416.15,416.24,0,2025-01-15 05:14:03.140428+00:00
2025-01-15 00:23:00+00:00,MSFT,416.25,416.25,416.25,416.25,0,2025-01-15 05:14:03.140428+00:00
2025-01-15 00:24:00+00:00,MSFT,416.2,416.295,415.72,416.025,0,2025-01-15 05:14:03.140428+00:00
2025-01-15 00:26:00+00:00,MSFT,416.02,416.03,416.02,416.02,0,2025-01-15 05:14:03.140428+00:00
2025-01-15 00:27:00+00:00,MSFT,416.03,416.33,416.03,416.33,0,2025-01-15 05:14:03.140428+00:00
2025-01-15 00:28:00+00:00,MSFT,416.04,416.24,416.04,416.24,0,2025-01-15 05:14:03.140428+00:00
2025-01-15 00:29:00+00:00,MSFT,416.24,416.24,415.975,416.006,0,2025-01-15 05:14:03.140428+00:00
2025-01-15 00:30:00+00:00,MSFT,416.01,416.01,416.005,416.005,0,2025-01-15 05:14:03.140428+00:00
2025-01-15 00:31:00+00:00,MSFT,416.005,416.2988,416.005,416.2988,0,2025-01-15 05:14:03.140428+00:00
2025-01-15 00:32:00+00:00,MSFT,416.2945,416.3,416.2945,416.3,0,2025-01-15 05:14:03.140428+00:00
2025-01-15 00:33:00+00:00,MSFT,416.24,416.3,416.005,416.005,0,2025-01-15 05:14:03.140428+00:00
2025-01-15 00:34:00+00:00,MSFT,416.005,416.005,416.005,416.005,0,2025-01-15 05:14:03.140428+00:00
2025-01-15 00:35:00+00:00,MSFT,416.005,416.005,416.0,416.0,0,2025-01-15 05:14:03.140428+00:00
2025-01-15 00:36:00+00:00,MSFT,416.005,416.005,416.005,416.005,0,2025-01-15 05:14:03.140428+00:00
2025-01-15 00:37:00+00:00,MSFT,416.21,416.3,416.0,416.0,0,2025-01-15 05:14:03.140428+00:00
2025-01-15 00:38:00+00:00,MSFT,416.15,416.225,416.15,416.15,0,2025-01-15 05:14:03.140428+00:00
2025-01-15 00:39:00+00:00,MSFT,416.225,416.33,416.22,416.22,0,2025-01-15 05:14:03.140428+00:00
2025-01-15 00:40:00+00:00,MSFT,416.275,416.33,416.22,416.3007,0,2025-01-15 05:14:03.140428+00:00
2025-01-15 00:41:00+00:00,MSFT,416.4,416.4,416.38,416.38,0,2025-01-15 05:14:03.140428+00:00
2025-01-15 00:42:00+00:00,MSFT,416.38,416.5,415.7395,416.5,0,2025-01-15 05:14:03.140428+00:00
2025-01-15 00:43:00+00:00,MSFT,416.11,416.5,416.01,416.11,0,2025-01-15 05:14:03.140428+00:00
2025-01-15 00:44:00+00:00,MSFT,416.4802,416.4802,415.71,416.14,0,2025-01-15 05:14:03.140428+00:00
2025-01-15 00:45:00+00:00,MSFT,416.15,416.5,415.99,415.99,0,2025-01-15 05:14:03.140428+00:00
2025-01-15 00:46:00+00:00,MSFT,416.5,416.5,416.11,416.11,0,2025-01-15 05:14:03.140428+00:00
2025-01-15 00:47:00+00:00,MSFT,416.1,416.5,416.0,416.0,0,2025-01-15 05:14:03.140428+00:00
2025-01-15 00:48:00+00:00,MSFT,416.3,416.3,416.01,416.01,0,2025-01-15 05:14:03.140428+00:00
2025-01-15 00:49:00+00:00,MSFT,416.19,416.19,416.105,416.105,0,2025-01-15 05:14:03.140428+00:00
2025-01-15 00:50:00+00:00,MSFT,416.175,416.175,415.8512,416.17,0,2025-01-15 05:14:03.140428+00:00
2025-01-15 00:51:00+00:00,MSFT,416.3,416.3,415.85,416.175,0,2025-01-15 05:14:03.140428+00:00
2025-01-15 00:52:00+00:00,MSFT,416.17,416.17,416.17,416.17,0,2025-01-15 05:14:03.140428+00:00
2025-01-15 00:53:00+00:00,MSFT,415.85,416.17,415.85,416.17,0,2025-01-15 05:14:03.140428+00:00
2025-01-15 00:54:00+00:00,MSFT,416.17,416.18,416.17,416.175,0,2025-01-15 05:14:03.140428+00:00
2025-01-15 00:55:00+00:00,MSFT,416.34,416.34,416.175,416.175,0,2025-01-15 05:14:03.140428+00:00
2025-01-15 00:56:00+00:00,MSFT,416.49,416.49,416.175,416.175,0,2025-01-15 05:14:03.140428+00:00
2025-01-15 00:57:00+00:00,MSFT,416.1428,416.1488,415.87,416.005,0,2025-01-15 05:14:03.140428+00:00
2025-01-15 00:58:00+00:00,MSFT,416.0,416.005,415.87,416.0,0,2025-01-15 05:14:03.140428+00:00
2025-01-15 00:59:52+00:00,MSFT,416.0,416.0,416.0,416.0,0,2025-01-15 05:14:03.140428+00:00
