Date,Symbol,Adj_Close,High,Low,Open,Close,Volume
2021-10-28,GFS,46.400001525878906,48.0,44.47999954223633,47.0099983215332,46.400001525878906,18618900.0
2021-10-29,GFS,48.7400016784668,49.47999954223633,45.61000061035156,46.0,48.7400016784668,4639400.0
2021-11-01,GFS,53.869998931884766,59.9900016784668,53.060001373291016,54.27000045776367,53.869998931884766,9946500.0
2021-11-02,GFS,56.41999816894531,58.6150016784668,55.0,57.507999420166016,56.41999816894531,4122500.0
2021-11-03,GFS,59.0,59.380001068115234,56.16999816894531,57.0,59.0,2642300.0
2021-11-04,GFS,62.68000030517578,65.73999786376953,60.349998474121094,60.349998474121094,62.68000030517578,3985400.0
2021-11-05,GFS,63.630001068115234,66.0,56.15999984741211,65.0,63.630001068115234,4222100.0
2021-11-08,GFS,59.36000061035156,62.970001220703125,58.81700134277344,62.810001373291016,59.36000061035156,3012100.0
2021-11-09,GFS,59.83000183105469,61.11600112915039,56.869998931884766,58.97700119018555,59.83000183105469,1947200.0
2021-11-10,GFS,57.720001220703125,59.810001373291016,56.93000030517578,59.0,57.720001220703125,1543700.0
2021-11-11,GFS,56.189998626708984,59.65999984741211,55.04999923706055,58.72999954223633,56.189998626708984,1762700.0
2021-11-12,GFS,55.959999084472656,56.349998474121094,53.25,55.630001068115234,55.959999084472656,1703200.0
2021-11-15,GFS,59.599998474121094,60.119998931884766,53.849998474121094,55.689998626708984,59.599998474121094,1430500.0
2021-11-16,GFS,61.66999816894531,62.77000045776367,57.70000076293945,59.130001068115234,61.66999816894531,1136900.0
2021-11-17,GFS,62.70000076293945,64.16500091552734,61.5,61.97999954223633,62.70000076293945,1432800.0
2021-11-18,GFS,64.2699966430664,67.38999938964844,63.5,67.38999938964844,64.2699966430664,2831800.0
2021-11-19,GFS,62.11000061035156,67.9000015258789,61.70000076293945,66.01000213623047,62.11000061035156,2389400.0
2021-11-22,GFS,63.9900016784668,68.19000244140625,62.599998474121094,66.13999938964844,63.9900016784668,4244800.0
2021-11-23,GFS,63.779998779296875,64.77999877929688,61.611000061035156,64.05999755859375,63.779998779296875,1562000.0
2021-11-24,GFS,68.97000122070312,69.5739974975586,62.33000183105469,63.869998931884766,68.97000122070312,1998400.0
2021-11-26,GFS,67.29000091552734,69.38999938964844,64.7509994506836,65.56999969482422,67.29000091552734,1454300.0
2021-11-29,GFS,70.54000091552734,73.25299835205078,68.7969970703125,68.96299743652344,70.54000091552734,3822400.0
2021-11-30,GFS,69.23999786376953,71.45999908447266,64.22000122070312,71.0,69.23999786376953,3490800.0
2021-12-01,GFS,66.26000213623047,72.47699737548828,66.05999755859375,72.0,66.26000213623047,3172700.0
2021-12-02,GFS,65.80999755859375,67.18000030517578,62.439998626708984,65.44999694824219,65.80999755859375,1914800.0
2021-12-03,GFS,69.02999877929688,69.38999938964844,63.599998474121094,65.31999969482422,69.02999877929688,1916500.0
2021-12-06,GFS,64.91999816894531,67.95999908447266,63.79499816894531,67.80999755859375,64.91999816894531,2775700.0
2021-12-07,GFS,67.86000061035156,70.63999938964844,66.0199966430664,66.0199966430664,67.86000061035156,2769400.0
2021-12-08,GFS,65.7699966430664,68.0999984741211,64.80000305175781,68.02999877929688,65.7699966430664,1785200.0
2021-12-09,GFS,63.70000076293945,67.44999694824219,63.13999938964844,66.16000366210938,63.70000076293945,1505400.0
2021-12-10,GFS,63.83000183105469,65.85900115966797,61.189998626708984,65.0999984741211,63.83000183105469,1881500.0
2021-12-13,GFS,61.209999084472656,65.27999877929688,60.840999603271484,63.994998931884766,61.209999084472656,1324800.0
2021-12-14,GFS,60.13999938964844,61.369998931884766,58.61000061035156,60.54600143432617,60.13999938964844,1377400.0
2021-12-15,GFS,60.970001220703125,61.18000030517578,57.439998626708984,60.630001068115234,60.970001220703125,1854100.0
2021-12-16,GFS,60.65999984741211,62.54999923706055,59.779998779296875,61.63999938964844,60.65999984741211,2031300.0
2021-12-17,GFS,60.0,60.400001525878906,56.20000076293945,59.099998474121094,60.0,5666900.0
2021-12-20,GFS,59.900001525878906,60.130001068115234,56.599998474121094,58.50899887084961,59.900001525878906,2706600.0
2021-12-21,GFS,62.2400016784668,62.45000076293945,59.75,60.58000183105469,62.2400016784668,2132300.0
2021-12-22,GFS,62.43000030517578,62.45000076293945,60.529998779296875,62.152000427246094,62.43000030517578,840500.0
2021-12-23,GFS,61.709999084472656,63.869998931884766,61.0,62.279998779296875,61.709999084472656,751200.0
2021-12-27,GFS,64.0,64.38999938964844,61.630001068115234,62.0,64.0,756200.0
2021-12-28,GFS,65.37999725341797,67.4749984741211,64.05000305175781,64.7699966430664,65.37999725341797,1039000.0
2021-12-29,GFS,63.79999923706055,66.33000183105469,63.04999923706055,65.2699966430664,63.79999923706055,734400.0
2021-12-30,GFS,64.48999786376953,65.36000061035156,63.43000030517578,64.0,64.48999786376953,1051100.0
2021-12-31,GFS,64.97000122070312,65.55000305175781,63.77000045776367,64.48999786376953,64.97000122070312,866100.0
2022-01-03,GFS,66.7300033569336,67.38999938964844,64.3499984741211,65.08999633789062,66.7300033569336,1766500.0
2022-01-04,GFS,65.70999908447266,69.33999633789062,63.90999984741211,67.31999969482422,65.70999908447266,1988400.0
2022-01-05,GFS,62.54999923706055,66.12000274658203,62.2599983215332,64.62999725341797,62.54999923706055,1907400.0
2022-01-06,GFS,61.5099983215332,63.470001220703125,60.25,62.13999938964844,61.5099983215332,1155500.0
2022-01-07,GFS,60.0099983215332,61.70000076293945,58.310001373291016,61.11000061035156,60.0099983215332,1175800.0
2022-01-10,GFS,59.7599983215332,59.880001068115234,56.189998626708984,58.779998779296875,59.7599983215332,1610400.0
2022-01-11,GFS,62.13999938964844,62.47999954223633,58.79999923706055,59.7599983215332,62.13999938964844,1118100.0
2022-01-12,GFS,62.04999923706055,64.09700012207031,61.209999084472656,62.9640007019043,62.04999923706055,790600.0
2022-01-13,GFS,59.349998474121094,63.369998931884766,59.150001525878906,63.099998474121094,59.349998474121094,1739700.0
2022-01-14,GFS,59.599998474121094,60.20000076293945,57.2599983215332,59.0,59.599998474121094,910300.0
2022-01-18,GFS,57.939998626708984,59.970001220703125,57.529998779296875,58.77000045776367,57.939998626708984,1428000.0
2022-01-19,GFS,56.66999816894531,58.43000030517578,55.72999954223633,58.029998779296875,56.66999816894531,3384700.0
2022-01-20,GFS,53.529998779296875,57.66999816894531,53.5099983215332,57.119998931884766,53.529998779296875,2321500.0
2022-01-21,GFS,51.25,52.5,49.459999084472656,52.09000015258789,51.25,4229100.0
2022-01-24,GFS,50.439998626708984,50.529998779296875,45.66999816894531,48.0,50.439998626708984,3712700.0
2022-01-25,GFS,46.869998931884766,49.11000061035156,46.709999084472656,48.560001373291016,46.869998931884766,2295800.0
2022-01-26,GFS,47.599998474121094,51.16999816894531,47.22999954223633,49.4900016784668,47.599998474121094,2929200.0
2022-01-27,GFS,44.709999084472656,49.77000045776367,43.91999816894531,49.0,44.709999084472656,5039400.0
2022-01-28,GFS,46.09000015258789,46.58000183105469,43.59000015258789,44.709999084472656,46.09000015258789,2978200.0
2022-01-31,GFS,49.34000015258789,49.4900016784668,45.959999084472656,46.34000015258789,49.34000015258789,1914200.0
2022-02-01,GFS,50.09000015258789,50.720001220703125,49.45800018310547,49.83000183105469,50.09000015258789,1587000.0
2022-02-02,GFS,50.349998474121094,51.880001068115234,49.599998474121094,51.880001068115234,50.349998474121094,1592300.0
2022-02-03,GFS,49.34000015258789,50.939998626708984,48.650001525878906,49.0,49.34000015258789,1940900.0
2022-02-04,GFS,52.06999969482422,52.29999923706055,48.70000076293945,49.40999984741211,52.06999969482422,2250600.0
2022-02-07,GFS,54.4900016784668,55.599998474121094,52.209999084472656,52.70000076293945,54.4900016784668,3346900.0
2022-02-08,GFS,56.04999923706055,56.46900177001953,53.417999267578125,53.79999923706055,56.04999923706055,3659100.0
2022-02-09,GFS,57.0,58.529998779296875,52.619998931884766,58.529998779296875,57.0,6095600.0
2022-02-10,GFS,57.790000915527344,60.9900016784668,54.5099983215332,56.029998779296875,57.790000915527344,3414000.0
2022-02-11,GFS,53.47999954223633,58.689998626708984,53.36000061035156,57.68000030517578,53.47999954223633,3109900.0
2022-02-14,GFS,54.470001220703125,55.439998626708984,53.029998779296875,53.14799880981445,54.470001220703125,1567700.0
2022-02-15,GFS,55.16999816894531,55.95000076293945,52.310001373291016,55.369998931884766,55.16999816894531,2983400.0
2022-02-16,GFS,52.93000030517578,54.959999084472656,51.71500015258789,54.959999084472656,52.93000030517578,2309600.0
2022-02-17,GFS,48.95000076293945,52.47999954223633,48.470001220703125,52.029998779296875,48.95000076293945,2529700.0
2022-02-18,GFS,49.709999084472656,51.22999954223633,48.5,49.0099983215332,49.709999084472656,2917100.0
2022-02-22,GFS,49.33000183105469,50.81999969482422,47.7400016784668,49.709999084472656,49.33000183105469,1577700.0
2022-02-23,GFS,47.95000076293945,50.790000915527344,47.65999984741211,49.880001068115234,47.95000076293945,1239800.0
2022-02-24,GFS,54.79999923706055,54.810001373291016,45.939998626708984,45.939998626708984,54.79999923706055,5208300.0
2022-02-25,GFS,57.029998779296875,57.040000915527344,52.47999954223633,54.040000915527344,57.029998779296875,4204100.0
2022-02-28,GFS,60.779998779296875,60.880001068115234,55.40999984741211,55.779998779296875,60.779998779296875,3105900.0
2022-03-01,GFS,58.220001220703125,60.63999938964844,57.599998474121094,60.5,58.220001220703125,1800100.0
2022-03-02,GFS,59.599998474121094,59.83000183105469,57.650001525878906,58.310001373291016,59.599998474121094,916600.0
2022-03-03,GFS,62.47999954223633,64.98999786376953,61.5099983215332,62.08000183105469,62.47999954223633,3400700.0
2022-03-04,GFS,60.689998626708984,62.56999969482422,59.75,61.38999938964844,60.689998626708984,1550500.0
2022-03-07,GFS,55.790000915527344,61.36000061035156,55.029998779296875,60.38999938964844,55.790000915527344,2190900.0
2022-03-08,GFS,56.439998626708984,58.189998626708984,52.77000045776367,55.29999923706055,56.439998626708984,1750000.0
2022-03-09,GFS,58.150001525878906,59.43000030517578,57.31999969482422,58.16999816894531,58.150001525878906,1425300.0
2022-03-10,GFS,58.880001068115234,59.58000183105469,54.959999084472656,56.939998626708984,58.880001068115234,1321300.0
2022-03-11,GFS,58.459999084472656,59.720001220703125,57.459999084472656,59.47999954223633,58.459999084472656,1139000.0
2022-03-14,GFS,58.40999984741211,59.22999954223633,56.56999969482422,58.349998474121094,58.40999984741211,1517300.0
2022-03-15,GFS,65.79000091552734,66.38999938964844,58.0099983215332,58.66999816894531,65.79000091552734,4094100.0
2022-03-16,GFS,70.26000213623047,70.54000091552734,65.26000213623047,65.30000305175781,70.26000213623047,3146000.0
2022-03-17,GFS,71.91000366210938,76.37999725341797,68.51100158691406,68.77999877929688,71.91000366210938,4791100.0
2022-03-18,GFS,76.77999877929688,77.0,71.76000213623047,72.05999755859375,76.77999877929688,3745000.0
2022-03-21,GFS,72.47000122070312,76.2020034790039,70.80999755859375,76.0,72.47000122070312,3083000.0
2022-03-22,GFS,73.87999725341797,75.41000366210938,72.77999877929688,73.0,73.87999725341797,2206700.0
2022-03-23,GFS,70.08999633789062,75.43000030517578,69.95999908447266,72.54000091552734,70.08999633789062,3641000.0
2022-03-24,GFS,76.22000122070312,77.47000122070312,70.62000274658203,71.62000274658203,76.22000122070312,3591500.0
2022-03-25,GFS,78.94000244140625,79.48999786376953,74.0999984741211,76.4000015258789,78.94000244140625,4247400.0
2022-03-28,GFS,73.9000015258789,78.69999694824219,71.30000305175781,78.69999694824219,73.9000015258789,3416600.0
2022-03-29,GFS,74.62999725341797,74.7699966430664,69.31999969482422,74.7699966430664,74.62999725341797,3797900.0
2022-03-30,GFS,67.0199966430664,75.4800033569336,66.54000091552734,74.44000244140625,67.0199966430664,4527400.0
2022-03-31,GFS,62.41999816894531,67.66899871826172,62.40999984741211,67.31999969482422,62.41999816894531,3846400.0
2022-04-01,GFS,60.7400016784668,63.529998779296875,59.47999954223633,62.79999923706055,60.7400016784668,2951100.0
2022-04-04,GFS,62.290000915527344,64.0,60.119998931884766,61.02000045776367,62.290000915527344,1872500.0
2022-04-05,GFS,58.400001525878906,61.97999954223633,57.220001220703125,61.369998931884766,58.400001525878906,3234900.0
2022-04-06,GFS,56.900001525878906,58.5099983215332,55.38999938964844,56.58000183105469,56.900001525878906,2510700.0
2022-04-07,GFS,56.189998626708984,57.95000076293945,55.70500183105469,56.5,56.189998626708984,2021000.0
2022-04-08,GFS,54.75,56.45000076293945,54.2599983215332,55.810001373291016,54.75,1563300.0
2022-04-11,GFS,54.040000915527344,55.439998626708984,51.86000061035156,53.599998474121094,54.040000915527344,1716000.0
2022-04-12,GFS,53.290000915527344,56.15999984741211,52.75,55.220001220703125,53.290000915527344,3008700.0
2022-04-13,GFS,54.83000183105469,54.84000015258789,52.93600082397461,53.560001373291016,54.83000183105469,1472700.0
2022-04-14,GFS,52.099998474121094,55.25,50.816001892089844,55.0,52.099998474121094,2125600.0
2022-04-18,GFS,52.650001525878906,53.09000015258789,51.150001525878906,52.0,52.650001525878906,1289000.0
2022-04-19,GFS,52.88999938964844,53.459999084472656,51.5,52.77000045776367,52.88999938964844,1180400.0
2022-04-20,GFS,53.189998626708984,54.28799819946289,52.060001373291016,54.2599983215332,53.189998626708984,2143200.0
2022-04-21,GFS,52.040000915527344,55.0,51.349998474121094,53.84000015258789,52.040000915527344,2490900.0
2022-04-22,GFS,50.7400016784668,53.224998474121094,50.220001220703125,51.40999984741211,50.7400016784668,1445800.0
2022-04-25,GFS,52.720001220703125,52.77000045776367,49.279998779296875,50.2400016784668,52.720001220703125,1538800.0
2022-04-26,GFS,49.5,52.95000076293945,49.439998626708984,52.7400016784668,49.5,2164700.0
2022-04-27,GFS,51.63999938964844,52.439998626708984,48.77000045776367,49.4900016784668,51.63999938964844,1845700.0
2022-04-28,GFS,54.060001373291016,54.54999923706055,51.91999816894531,52.56999969482422,54.060001373291016,1400600.0
2022-04-29,GFS,52.290000915527344,55.970001220703125,52.27000045776367,53.43000030517578,52.290000915527344,1353600.0
2022-05-02,GFS,53.77000045776367,53.86000061035156,50.0,52.060001373291016,53.77000045776367,1913500.0
2022-05-03,GFS,54.18000030517578,54.70000076293945,52.29999923706055,53.77000045776367,54.18000030517578,1177600.0
2022-05-04,GFS,56.5099983215332,56.529998779296875,52.540000915527344,54.540000915527344,56.5099983215332,1454400.0
2022-05-05,GFS,54.93000030517578,56.33000183105469,53.61000061035156,55.70000076293945,54.93000030517578,1386600.0
2022-05-06,GFS,56.369998931884766,57.11000061035156,53.13999938964844,53.88999938964844,56.369998931884766,1715200.0
2022-05-09,GFS,52.279998779296875,56.54999923706055,50.65999984741211,54.75,52.279998779296875,2574100.0
2022-05-10,GFS,52.72999954223633,55.34000015258789,49.029998779296875,53.33000183105469,52.72999954223633,3187900.0
2022-05-11,GFS,49.029998779296875,54.20000076293945,48.16999816894531,51.599998474121094,49.029998779296875,5131600.0
2022-05-12,GFS,49.70000076293945,50.7400016784668,46.189998626708984,48.0099983215332,49.70000076293945,3299400.0
2022-05-13,GFS,52.77000045776367,53.2400016784668,50.5,50.52000045776367,52.77000045776367,2418800.0
2022-05-16,GFS,53.099998474121094,54.349998474121094,50.33000183105469,51.529998779296875,53.099998474121094,2063500.0
2022-05-17,GFS,56.0,56.0,53.060001373291016,53.7400016784668,56.0,2879300.0
2022-05-18,GFS,53.689998626708984,57.09000015258789,53.040000915527344,54.20000076293945,53.689998626708984,1478100.0
2022-05-19,GFS,54.22999954223633,55.709999084472656,52.87099838256836,53.0,54.22999954223633,1732600.0
2022-05-20,GFS,55.0,55.119998931884766,52.29999923706055,55.0,55.0,1673800.0
2022-05-23,GFS,54.540000915527344,54.779998779296875,52.029998779296875,53.77000045776367,54.540000915527344,1429900.0
2022-05-24,GFS,55.47999954223633,55.720001220703125,51.400001525878906,52.689998626708984,55.47999954223633,3480700.0
2022-05-25,GFS,58.619998931884766,59.34000015258789,53.689998626708984,54.400001525878906,58.619998931884766,2768000.0
2022-05-26,GFS,59.4900016784668,60.0,56.599998474121094,57.529998779296875,59.4900016784668,2248400.0
2022-05-27,GFS,60.099998474121094,61.16999816894531,59.29999923706055,59.709999084472656,60.099998474121094,2701400.0
2022-05-31,GFS,59.689998626708984,60.40999984741211,58.0099983215332,58.95000076293945,59.689998626708984,2464400.0
2022-06-01,GFS,58.119998931884766,61.880001068115234,56.06999969482422,59.4900016784668,58.119998931884766,2554100.0
2022-06-02,GFS,59.61000061035156,60.33000183105469,57.08000183105469,57.11000061035156,59.61000061035156,1571900.0
2022-06-03,GFS,58.7599983215332,59.82400131225586,57.38999938964844,57.470001220703125,58.7599983215332,1285600.0
2022-06-06,GFS,57.22999954223633,60.689998626708984,57.0099983215332,59.470001220703125,57.22999954223633,1554300.0
2022-06-07,GFS,56.5099983215332,56.560001373291016,54.849998474121094,56.08000183105469,56.5099983215332,1641500.0
2022-06-08,GFS,54.7400016784668,56.900001525878906,54.2599983215332,55.439998626708984,54.7400016784668,1015500.0
2022-06-09,GFS,53.14500045776367,55.76499938964844,53.029998779296875,54.18000030517578,53.14500045776367,1197000.0
2022-06-10,GFS,51.75,52.060001373291016,50.25,51.65999984741211,51.75,2219900.0
2022-06-13,GFS,48.5099983215332,50.915000915527344,48.08000183105469,50.0,48.5099983215332,2348200.0
2022-06-14,GFS,47.38999938964844,49.34000015258789,47.16999816894531,48.630001068115234,47.38999938964844,1914600.0
2022-06-15,GFS,49.459999084472656,50.22999954223633,47.849998474121094,48.0,49.459999084472656,1609300.0
2022-06-16,GFS,45.43000030517578,48.08000183105469,44.94499969482422,47.630001068115234,45.43000030517578,1916200.0
2022-06-17,GFS,44.86000061035156,46.87799835205078,44.65999984741211,45.529998779296875,44.86000061035156,2845900.0
2022-06-21,GFS,45.439998626708984,47.45000076293945,45.349998474121094,45.709999084472656,45.439998626708984,1395600.0
2022-06-22,GFS,44.810001373291016,45.400001525878906,43.79999923706055,44.43000030517578,44.810001373291016,2779400.0
2022-06-23,GFS,43.65999984741211,45.68000030517578,43.130001068115234,45.619998931884766,43.65999984741211,3027300.0
2022-06-24,GFS,45.88999938964844,46.2599983215332,43.790000915527344,43.790000915527344,45.88999938964844,3116600.0
2022-06-27,GFS,45.41999816894531,46.266998291015625,44.88999938964844,45.7599983215332,45.41999816894531,1363400.0
2022-06-28,GFS,44.369998931884766,46.40999984741211,43.96500015258789,45.61000061035156,44.369998931884766,2291400.0
2022-06-29,GFS,43.060001373291016,43.90999984741211,42.52000045776367,43.900001525878906,43.060001373291016,1591200.0
2022-06-30,GFS,40.34000015258789,42.75,39.7599983215332,42.459999084472656,40.34000015258789,3134900.0
2022-07-01,GFS,38.810001373291016,39.5,37.599998474121094,39.47999954223633,38.810001373291016,3541500.0
2022-07-05,GFS,40.56999969482422,40.58000183105469,36.810001373291016,37.90999984741211,40.56999969482422,2375800.0
2022-07-06,GFS,41.08000183105469,42.47999954223633,40.18000030517578,40.18000030517578,41.08000183105469,2703500.0
2022-07-07,GFS,43.34000015258789,43.83000183105469,41.7599983215332,41.869998931884766,43.34000015258789,2169100.0
2022-07-08,GFS,45.27000045776367,45.439998626708984,41.68000030517578,42.369998931884766,45.27000045776367,2591500.0
2022-07-11,GFS,42.88999938964844,44.709999084472656,41.86000061035156,44.709999084472656,42.88999938964844,1854400.0
2022-07-12,GFS,41.47999954223633,43.0099983215332,40.9900016784668,42.349998474121094,41.47999954223633,3120900.0
2022-07-13,GFS,41.83000183105469,42.400001525878906,40.619998931884766,40.970001220703125,41.83000183105469,1999300.0
2022-07-14,GFS,44.41999816894531,44.459999084472656,41.310001373291016,41.97999954223633,44.41999816894531,1917000.0
2022-07-15,GFS,45.970001220703125,46.119998931884766,44.41999816894531,44.84000015258789,45.970001220703125,3298300.0
2022-07-18,GFS,45.09000015258789,47.090999603271484,44.59000015258789,46.939998626708984,45.09000015258789,2827900.0
2022-07-19,GFS,46.849998474121094,47.67499923706055,44.41999816894531,45.38999938964844,46.849998474121094,2672800.0
2022-07-20,GFS,48.52000045776367,48.68000030517578,46.16999816894531,46.59000015258789,48.52000045776367,1607300.0
2022-07-21,GFS,48.65999984741211,49.20000076293945,47.33100128173828,48.279998779296875,48.65999984741211,1767600.0
2022-07-22,GFS,48.15999984741211,48.900001525878906,47.61000061035156,48.38999938964844,48.15999984741211,1502100.0
2022-07-25,GFS,46.349998474121094,47.7599983215332,44.68600082397461,47.68000030517578,46.349998474121094,2869500.0
2022-07-26,GFS,46.130001068115234,46.21799850463867,45.18000030517578,46.09000015258789,46.130001068115234,1365300.0
2022-07-27,GFS,47.43000030517578,47.84000015258789,46.52000045776367,47.16999816894531,47.43000030517578,1911200.0
2022-07-28,GFS,47.400001525878906,48.66999816894531,46.0099983215332,47.439998626708984,47.400001525878906,1587000.0
2022-07-29,GFS,51.47999954223633,52.0,46.959999084472656,47.34000015258789,51.47999954223633,4238400.0
2022-08-01,GFS,54.540000915527344,58.279998779296875,51.1150016784668,51.18000030517578,54.540000915527344,6242900.0
2022-08-02,GFS,52.75,54.630001068115234,52.08000183105469,53.560001373291016,52.75,2538900.0
2022-08-03,GFS,54.09000015258789,54.540000915527344,52.19499969482422,52.619998931884766,54.09000015258789,1638300.0
2022-08-04,GFS,53.630001068115234,53.75,51.58000183105469,53.400001525878906,53.630001068115234,2531600.0
2022-08-05,GFS,53.09000015258789,53.599998474121094,51.84299850463867,52.93000030517578,53.09000015258789,1601000.0
2022-08-08,GFS,59.189998626708984,59.57500076293945,53.29999923706055,53.43000030517578,59.189998626708984,5421300.0
2022-08-09,GFS,55.66999816894531,62.08000183105469,54.349998474121094,61.900001525878906,55.66999816894531,4050400.0
2022-08-10,GFS,57.70000076293945,58.970001220703125,56.810001373291016,57.20000076293945,57.70000076293945,3277600.0
2022-08-11,GFS,58.04999923706055,60.4900016784668,57.34000015258789,57.70000076293945,58.04999923706055,2438700.0
2022-08-12,GFS,64.94999694824219,65.95999908447266,58.349998474121094,58.41999816894531,64.94999694824219,7078500.0
2022-08-15,GFS,63.22999954223633,64.94000244140625,62.18000030517578,63.5,63.22999954223633,2105200.0
2022-08-16,GFS,63.959999084472656,64.69000244140625,61.60100173950195,62.23500061035156,63.959999084472656,1692300.0
2022-08-17,GFS,61.470001220703125,63.400001525878906,60.83000183105469,62.06999969482422,61.470001220703125,1719900.0
2022-08-18,GFS,64.1500015258789,64.5,61.15999984741211,61.34000015258789,64.1500015258789,2081100.0
2022-08-19,GFS,61.20000076293945,62.97999954223633,60.54999923706055,61.97999954223633,61.20000076293945,1731600.0
2022-08-22,GFS,59.040000915527344,60.4900016784668,58.59000015258789,59.36000061035156,59.040000915527344,1455600.0
2022-08-23,GFS,59.86000061035156,61.595001220703125,59.0,59.0,59.86000061035156,987800.0
2022-08-24,GFS,60.400001525878906,61.334999084472656,59.4119987487793,59.540000915527344,60.400001525878906,815800.0
2022-08-25,GFS,64.5,64.73999786376953,60.63999938964844,60.63999938964844,64.5,2802200.0
2022-08-26,GFS,60.650001525878906,64.30000305175781,60.18000030517578,63.689998626708984,60.650001525878906,2303500.0
2022-08-29,GFS,59.040000915527344,61.32500076293945,58.90999984741211,59.650001525878906,59.040000915527344,1099400.0
2022-08-30,GFS,61.11000061035156,61.65999984741211,58.810001373291016,59.5099983215332,61.11000061035156,2187300.0
2022-08-31,GFS,59.81999969482422,62.334999084472656,58.900001525878906,60.9900016784668,59.81999969482422,1856800.0
2022-09-01,GFS,57.43000030517578,59.17499923706055,55.79999923706055,59.16999816894531,57.43000030517578,2405300.0
2022-09-02,GFS,57.880001068115234,58.79499816894531,56.36000061035156,58.099998474121094,57.880001068115234,1312000.0
2022-09-06,GFS,58.900001525878906,59.97999954223633,57.0,58.15999984741211,58.900001525878906,3869100.0
2022-09-07,GFS,59.77000045776367,60.57600021362305,58.02000045776367,58.400001525878906,59.77000045776367,1751500.0
2022-09-08,GFS,60.220001220703125,62.18000030517578,58.52000045776367,59.38999938964844,60.220001220703125,2558000.0
2022-09-09,GFS,60.18000030517578,62.189998626708984,59.869998931884766,60.630001068115234,60.18000030517578,1749300.0
2022-09-12,GFS,60.34000015258789,61.689998626708984,59.2599983215332,59.91999816894531,60.34000015258789,1694900.0
2022-09-13,GFS,56.880001068115234,59.369998931884766,56.619998931884766,58.25,56.880001068115234,1782400.0
2022-09-14,GFS,58.31999969482422,58.880001068115234,56.75,57.13999938964844,58.31999969482422,1300100.0
2022-09-15,GFS,58.4900016784668,59.25,57.36000061035156,58.209999084472656,58.4900016784668,983000.0
2022-09-16,GFS,57.61000061035156,58.70000076293945,56.529998779296875,58.38999938964844,57.61000061035156,4092800.0
2022-09-19,GFS,57.90999984741211,58.529998779296875,56.060001373291016,56.2599983215332,57.90999984741211,1433400.0
2022-09-20,GFS,56.81999969482422,57.97999954223633,56.5,57.119998931884766,56.81999969482422,752600.0
2022-09-21,GFS,56.290000915527344,59.09199905395508,56.2599983215332,57.209999084472656,56.290000915527344,1351300.0
2022-09-22,GFS,54.86000061035156,56.34000015258789,53.65999984741211,55.70000076293945,54.86000061035156,1819100.0
2022-09-23,GFS,53.25,54.47999954223633,51.45000076293945,53.88999938964844,53.25,1873100.0
2022-09-26,GFS,52.79999923706055,54.209999084472656,52.369998931884766,52.91999816894531,52.79999923706055,885100.0
2022-09-27,GFS,52.880001068115234,54.18000030517578,52.34000015258789,53.47999954223633,52.880001068115234,1161200.0
2022-09-28,GFS,52.45000076293945,52.709999084472656,51.47999954223633,52.08000183105469,52.45000076293945,1468100.0
2022-09-29,GFS,50.130001068115234,51.5,48.94499969482422,51.237998962402344,50.130001068115234,1805700.0
2022-09-30,GFS,48.349998474121094,50.88999938964844,48.279998779296875,49.709999084472656,48.349998474121094,1494200.0
2022-10-03,GFS,49.83000183105469,49.83000183105469,47.439998626708984,48.880001068115234,49.83000183105469,2024500.0
2022-10-04,GFS,52.06999969482422,52.7400016784668,51.220001220703125,51.2400016784668,52.06999969482422,1266000.0
2022-10-05,GFS,53.02000045776367,53.11000061035156,49.86000061035156,50.81999969482422,53.02000045776367,1148200.0
2022-10-06,GFS,53.529998779296875,54.5099983215332,52.65999984741211,52.939998626708984,53.529998779296875,1555300.0
2022-10-07,GFS,50.7400016784668,52.560001373291016,50.18000030517578,51.0,50.7400016784668,1273500.0
2022-10-10,GFS,49.279998779296875,50.790000915527344,49.150001525878906,50.599998474121094,49.279998779296875,1092300.0
2022-10-11,GFS,50.02000045776367,50.71900177001953,47.470001220703125,48.04999923706055,50.02000045776367,2034800.0
2022-10-12,GFS,49.91999816894531,50.380001068115234,49.060001373291016,50.09000015258789,49.91999816894531,930100.0
2022-10-13,GFS,50.4900016784668,51.0099983215332,46.52000045776367,47.439998626708984,50.4900016784668,2397500.0
2022-10-14,GFS,48.040000915527344,51.369998931884766,47.880001068115234,51.0,48.040000915527344,1679800.0
2022-10-17,GFS,49.709999084472656,49.959999084472656,48.5,49.18000030517578,49.709999084472656,1356500.0
2022-10-18,GFS,52.380001068115234,52.88999938964844,50.689998626708984,51.59000015258789,52.380001068115234,1666200.0
2022-10-19,GFS,52.63999938964844,53.459999084472656,51.630001068115234,51.814998626708984,52.63999938964844,1090600.0
2022-10-20,GFS,53.279998779296875,54.970001220703125,52.54999923706055,53.08000183105469,53.279998779296875,1212900.0
2022-10-21,GFS,55.279998779296875,55.459999084472656,52.279998779296875,52.7400016784668,55.279998779296875,1267800.0
2022-10-24,GFS,58.7599983215332,59.560001373291016,55.25,55.25,58.7599983215332,3119400.0
2022-10-25,GFS,58.41999816894531,61.13999938964844,58.38999938964844,58.560001373291016,58.41999816894531,2064400.0
2022-10-26,GFS,57.13999938964844,58.86000061035156,55.652000427246094,57.45000076293945,57.13999938964844,1615300.0
2022-10-27,GFS,55.66999816894531,57.880001068115234,55.45000076293945,57.16999816894531,55.66999816894531,1264000.0
2022-10-28,GFS,57.25,57.959999084472656,54.880001068115234,54.880001068115234,57.25,1662200.0
2022-10-31,GFS,56.70000076293945,56.939998626708984,54.880001068115234,56.709999084472656,56.70000076293945,1357800.0
2022-11-01,GFS,57.0099983215332,58.755001068115234,56.189998626708984,58.09000015258789,57.0099983215332,1292100.0
2022-11-02,GFS,56.369998931884766,58.4900016784668,56.060001373291016,57.029998779296875,56.369998931884766,1600800.0
2022-11-03,GFS,52.689998626708984,54.375,51.0099983215332,54.31999969482422,52.689998626708984,2483200.0
2022-11-04,GFS,54.16999816894531,54.78300094604492,51.84000015258789,54.279998779296875,54.16999816894531,1989800.0
2022-11-07,GFS,56.27000045776367,56.619998931884766,53.650001525878906,54.68000030517578,56.27000045776367,1921900.0
2022-11-08,GFS,61.119998931884766,62.97999954223633,56.41999816894531,61.119998931884766,61.119998931884766,4894800.0
2022-11-09,GFS,61.0,61.470001220703125,58.22200012207031,59.25,61.0,2736400.0
2022-11-10,GFS,62.70000076293945,63.689998626708984,60.20399856567383,62.900001525878906,62.70000076293945,4138100.0
2022-11-11,GFS,64.7699966430664,66.0,62.0099983215332,63.25,64.7699966430664,3547000.0
2022-11-14,GFS,65.02999877929688,65.63999938964844,63.39799880981445,64.0999984741211,65.02999877929688,1740200.0
2022-11-15,GFS,66.58000183105469,67.97000122070312,65.6259994506836,67.47000122070312,66.58000183105469,3108700.0
2022-11-16,GFS,64.23999786376953,65.52999877929688,62.90999984741211,65.48500061035156,64.23999786376953,1512100.0
2022-11-17,GFS,66.63999938964844,66.86000061035156,61.61000061035156,62.6150016784668,66.63999938964844,1673500.0
2022-11-18,GFS,67.44999694824219,67.83000183105469,66.13899993896484,67.66999816894531,67.44999694824219,1529400.0
2022-11-21,GFS,66.06999969482422,67.38999938964844,65.98999786376953,66.12999725341797,66.06999969482422,1006100.0
2022-11-22,GFS,67.31999969482422,68.125,65.43000030517578,66.19000244140625,67.31999969482422,1698800.0
2022-11-23,GFS,67.58000183105469,68.47000122070312,66.73999786376953,67.11000061035156,67.58000183105469,1283300.0
2022-11-25,GFS,67.61000061035156,68.0,66.41000366210938,67.04000091552734,67.61000061035156,452100.0
2022-11-28,GFS,63.900001525878906,67.27999877929688,63.599998474121094,66.87000274658203,63.900001525878906,1782700.0
2022-11-29,GFS,62.869998931884766,64.25,62.709999084472656,64.0999984741211,62.869998931884766,2061800.0
2022-11-30,GFS,64.3499984741211,64.44999694824219,60.45000076293945,62.5,64.3499984741211,2418500.0
2022-12-01,GFS,63.65999984741211,64.43000030517578,61.869998931884766,64.31999969482422,63.65999984741211,1617000.0
2022-12-02,GFS,62.540000915527344,62.689998626708984,60.720001220703125,61.880001068115234,62.540000915527344,1755200.0
2022-12-05,GFS,62.13999938964844,62.95000076293945,61.40999984741211,62.439998626708984,62.13999938964844,1340300.0
2022-12-06,GFS,60.810001373291016,62.2400016784668,60.22999954223633,61.77000045776367,60.810001373291016,1163300.0
2022-12-07,GFS,60.900001525878906,61.62300109863281,59.77000045776367,60.02000045776367,60.900001525878906,1125400.0
2022-12-08,GFS,62.41999816894531,62.63999938964844,60.709999084472656,61.29999923706055,62.41999816894531,1866400.0
2022-12-09,GFS,63.41999816894531,64.56500244140625,61.86000061035156,62.31999969482422,63.41999816894531,1297900.0
2022-12-12,GFS,66.81999969482422,66.86000061035156,63.814998626708984,64.05999755859375,66.81999969482422,3411800.0
2022-12-13,GFS,65.4000015258789,69.29499816894531,65.28500366210938,68.80000305175781,65.4000015258789,2776200.0
2022-12-14,GFS,65.5,67.40499877929688,65.30999755859375,65.97000122070312,65.5,2752300.0
2022-12-15,GFS,61.86000061035156,64.77999877929688,61.79999923706055,64.75,61.86000061035156,2738300.0
2022-12-16,GFS,60.029998779296875,63.40999984741211,58.790000915527344,61.316001892089844,60.029998779296875,25953400.0
2022-12-19,GFS,58.06999969482422,59.939998626708984,57.5,59.630001068115234,58.06999969482422,2072900.0
2022-12-20,GFS,57.59000015258789,58.310001373291016,57.0,57.4900016784668,57.59000015258789,1569300.0
2022-12-21,GFS,57.5,58.849998474121094,56.560001373291016,57.79999923706055,57.5,1694400.0
2022-12-22,GFS,55.18000030517578,56.720001220703125,53.900001525878906,56.22999954223633,55.18000030517578,1858100.0
2022-12-23,GFS,54.7400016784668,54.84000015258789,53.630001068115234,54.47999954223633,54.7400016784668,747100.0
2022-12-27,GFS,53.630001068115234,54.90999984741211,53.29999923706055,54.7400016784668,53.630001068115234,1072600.0
2022-12-28,GFS,52.290000915527344,53.965999603271484,52.150001525878906,53.209999084472656,52.290000915527344,853300.0
2022-12-29,GFS,53.810001373291016,54.16999816894531,52.54999923706055,52.939998626708984,53.810001373291016,1191500.0
2022-12-30,GFS,53.88999938964844,54.005001068115234,52.45000076293945,53.029998779296875,53.88999938964844,1246300.0
2023-01-03,GFS,51.70000076293945,54.11000061035156,50.400001525878906,53.93000030517578,51.70000076293945,2295700.0
2023-01-04,GFS,52.90999984741211,53.61000061035156,52.380001068115234,52.75,52.90999984741211,1462500.0
2023-01-05,GFS,51.02000045776367,52.40999984741211,50.900001525878906,51.05500030517578,51.02000045776367,1361800.0
2023-01-06,GFS,52.75,53.04999923706055,51.209999084472656,51.92499923706055,52.75,2145600.0
2023-01-09,GFS,55.380001068115234,56.268001556396484,53.310001373291016,53.61000061035156,55.380001068115234,1216300.0
2023-01-10,GFS,55.40999984741211,55.81999969482422,54.65999984741211,54.849998474121094,55.40999984741211,802500.0
2023-01-11,GFS,57.06999969482422,57.79999923706055,54.95000076293945,55.41999816894531,57.06999969482422,1354200.0
2023-01-12,GFS,58.290000915527344,58.439998626708984,55.529998779296875,57.0,58.290000915527344,1250500.0
2023-01-13,GFS,59.13999938964844,59.18000030517578,57.7400016784668,58.0,59.13999938964844,1108100.0
2023-01-17,GFS,59.040000915527344,59.29999923706055,58.02000045776367,58.404998779296875,59.040000915527344,1335400.0
2023-01-18,GFS,58.099998474121094,60.43000030517578,57.85499954223633,59.720001220703125,58.099998474121094,1371800.0
2023-01-19,GFS,55.54999923706055,57.599998474121094,55.5,57.0099983215332,55.54999923706055,1222900.0
2023-01-20,GFS,56.45000076293945,56.880001068115234,53.95000076293945,55.54999923706055,56.45000076293945,1764000.0
2023-01-23,GFS,58.65999984741211,59.75,56.209999084472656,56.779998779296875,58.65999984741211,2277600.0
2023-01-24,GFS,59.0099983215332,59.04999923706055,57.58000183105469,58.02000045776367,59.0099983215332,1360200.0
2023-01-25,GFS,58.70000076293945,59.189998626708984,56.84000015258789,57.84000015258789,58.70000076293945,1188000.0
2023-01-26,GFS,60.13999938964844,60.47999954223633,58.560001373291016,59.33000183105469,60.13999938964844,1089500.0
2023-01-27,GFS,59.2400016784668,59.95000076293945,59.08000183105469,59.22999954223633,59.2400016784668,1336900.0
2023-01-30,GFS,57.5099983215332,59.040000915527344,57.16999816894531,58.15999984741211,57.5099983215332,1177600.0
2023-01-31,GFS,59.279998779296875,59.31999969482422,56.619998931884766,57.41999816894531,59.279998779296875,1214900.0
2023-02-01,GFS,63.189998626708984,64.02999877929688,59.380001068115234,59.45000076293945,63.189998626708984,1634400.0
2023-02-02,GFS,64.79000091552734,65.33999633789062,62.13999938964844,63.69499969482422,64.79000091552734,2397900.0
2023-02-03,GFS,63.25,64.83000183105469,62.7599983215332,63.810001373291016,63.25,1716600.0
2023-02-06,GFS,61.4900016784668,62.599998474121094,61.25,61.4900016784668,61.4900016784668,865600.0
2023-02-07,GFS,63.0,63.43000030517578,61.13999938964844,61.59000015258789,63.0,2359400.0
2023-02-08,GFS,62.720001220703125,63.7599983215332,62.31999969482422,62.52000045776367,62.720001220703125,1778000.0
2023-02-09,GFS,64.9000015258789,66.43499755859375,63.849998474121094,63.849998474121094,64.9000015258789,2923700.0
2023-02-10,GFS,64.58999633789062,64.93000030517578,63.41999816894531,64.2699966430664,64.58999633789062,1725000.0
2023-02-13,GFS,66.1500015258789,66.30000305175781,64.65499877929688,65.41000366210938,66.1500015258789,2359400.0
2023-02-14,GFS,71.7300033569336,72.5,66.5999984741211,68.0,71.7300033569336,6877400.0
2023-02-15,GFS,69.91999816894531,70.48999786376953,66.77999877929688,69.12799835205078,69.91999816894531,4296600.0
2023-02-16,GFS,69.52999877929688,71.18000030517578,67.5999984741211,67.68000030517578,69.52999877929688,2370500.0
2023-02-17,GFS,67.16000366210938,69.41000366210938,66.66000366210938,68.62000274658203,67.16000366210938,1857300.0
2023-02-21,GFS,63.11000061035156,66.73999786376953,62.66999816894531,65.96199798583984,63.11000061035156,2560400.0
2023-02-22,GFS,63.220001220703125,64.3499984741211,62.52000045776367,63.08000183105469,63.220001220703125,1328400.0
2023-02-23,GFS,64.43000030517578,66.0,62.441001892089844,65.70999908447266,64.43000030517578,1342600.0
2023-02-24,GFS,64.69000244140625,64.94000244140625,62.779998779296875,62.900001525878906,64.69000244140625,1105100.0
2023-02-27,GFS,64.88999938964844,65.86499786376953,64.72000122070312,65.27999877929688,64.88999938964844,1161700.0
2023-02-28,GFS,65.33999633789062,66.12999725341797,64.63999938964844,65.04000091552734,65.33999633789062,1201000.0
2023-03-01,GFS,65.11000061035156,67.2699966430664,64.87999725341797,65.58999633789062,65.11000061035156,1319400.0
2023-03-02,GFS,65.54000091552734,65.70999908447266,62.84000015258789,63.45000076293945,65.54000091552734,884000.0
2023-03-03,GFS,66.70999908447266,66.88999938964844,65.33000183105469,65.62999725341797,66.70999908447266,986200.0
2023-03-06,GFS,66.19000244140625,67.92500305175781,66.04000091552734,67.0,66.19000244140625,822400.0
2023-03-07,GFS,65.05999755859375,67.0999984741211,64.56999969482422,66.30000305175781,65.05999755859375,1144700.0
2023-03-08,GFS,67.51000213623047,67.97000122070312,65.4000015258789,65.55000305175781,67.51000213623047,1352900.0
2023-03-09,GFS,66.4000015258789,68.5999984741211,65.93000030517578,67.5,66.4000015258789,1331500.0
2023-03-10,GFS,64.19999694824219,66.80000305175781,63.47999954223633,66.7300033569336,64.19999694824219,1010300.0
2023-03-13,GFS,64.05000305175781,65.08000183105469,62.58000183105469,63.88999938964844,64.05000305175781,1066900.0
2023-03-14,GFS,65.8499984741211,66.87000274658203,64.73999786376953,64.73999786376953,65.8499984741211,1059900.0
2023-03-15,GFS,64.75,65.4000015258789,62.959999084472656,64.95999908447266,64.75,1678600.0
2023-03-16,GFS,66.7699966430664,67.18000030517578,64.12000274658203,64.54000091552734,66.7699966430664,1200500.0
2023-03-17,GFS,66.45999908447266,67.69999694824219,65.44000244140625,66.62999725341797,66.45999908447266,1994100.0
2023-03-20,GFS,68.08999633789062,68.16999816894531,65.9000015258789,66.5,68.08999633789062,1322100.0
2023-03-21,GFS,68.83999633789062,70.30000305175781,67.95999908447266,68.9000015258789,68.83999633789062,1045900.0
2023-03-22,GFS,68.26000213623047,70.44499969482422,68.19000244140625,69.01000213623047,68.26000213623047,1252100.0
2023-03-23,GFS,69.73999786376953,70.86499786376953,68.29000091552734,69.12999725341797,69.73999786376953,1479500.0
2023-03-24,GFS,69.05000305175781,69.86199951171875,68.30000305175781,69.41999816894531,69.05000305175781,887300.0
2023-03-27,GFS,67.80000305175781,69.68000030517578,67.5780029296875,69.27999877929688,67.80000305175781,715700.0
2023-03-28,GFS,66.25,67.6500015258789,65.5999984741211,67.5,66.25,1493100.0
2023-03-29,GFS,69.41999816894531,69.92500305175781,67.16000366210938,67.43000030517578,69.41999816894531,1036700.0
2023-03-30,GFS,70.55999755859375,71.77999877929688,69.76000213623047,70.11000061035156,70.55999755859375,1488800.0
2023-03-31,GFS,72.18000030517578,72.33999633789062,70.20999908447266,70.68000030517578,72.18000030517578,1315000.0
2023-04-03,GFS,70.70999908447266,72.37000274658203,69.82099914550781,72.0199966430664,70.70999908447266,1147300.0
2023-04-04,GFS,69.33999633789062,71.25900268554688,68.91000366210938,71.06999969482422,69.33999633789062,874900.0
2023-04-05,GFS,66.22000122070312,68.6500015258789,65.73999786376953,68.6500015258789,66.22000122070312,1588100.0
2023-04-06,GFS,66.9000015258789,68.51499938964844,65.29000091552734,65.54000091552734,66.9000015258789,1431700.0
2023-04-10,GFS,67.75,67.80000305175781,65.55999755859375,66.00199890136719,67.75,1013400.0
2023-04-11,GFS,67.69999694824219,68.37000274658203,67.41999816894531,68.18000030517578,67.69999694824219,905200.0
2023-04-12,GFS,66.05999755859375,69.0,66.0,68.54000091552734,66.05999755859375,819100.0
2023-04-13,GFS,65.93000030517578,66.8010025024414,65.33000183105469,65.98999786376953,65.93000030517578,1130600.0
2023-04-14,GFS,65.8499984741211,66.80000305175781,64.93000030517578,65.68000030517578,65.8499984741211,745000.0
2023-04-17,GFS,65.25,65.4800033569336,64.20999908447266,65.0999984741211,65.25,719700.0
2023-04-18,GFS,65.12000274658203,66.48500061035156,64.5999984741211,66.12000274658203,65.12000274658203,1220900.0
2023-04-19,GFS,63.97999954223633,64.38999938964844,63.56999969482422,64.18000030517578,63.97999954223633,1129000.0
2023-04-20,GFS,62.70000076293945,64.30599975585938,62.209999084472656,63.0,62.70000076293945,1689400.0
2023-04-21,GFS,61.880001068115234,62.400001525878906,60.7400016784668,62.060001373291016,61.880001068115234,1109800.0
2023-04-24,GFS,60.97999954223633,62.08000183105469,60.63999938964844,61.88999938964844,60.97999954223633,1027700.0
2023-04-25,GFS,58.470001220703125,60.369998931884766,58.2400016784668,60.369998931884766,58.470001220703125,1476400.0
2023-04-26,GFS,58.25,59.40999984741211,57.95000076293945,58.63999938964844,58.25,1244200.0
2023-04-27,GFS,58.0099983215332,58.30500030517578,57.36000061035156,58.20000076293945,58.0099983215332,1537100.0
2023-04-28,GFS,58.79999923706055,59.599998474121094,58.34000015258789,58.720001220703125,58.79999923706055,1633400.0
2023-05-01,GFS,59.18000030517578,59.380001068115234,58.459999084472656,58.790000915527344,59.18000030517578,1734300.0
2023-05-02,GFS,59.38999938964844,59.959999084472656,59.060001373291016,59.22999954223633,59.38999938964844,1524000.0
2023-05-03,GFS,59.43000030517578,60.209999084472656,59.029998779296875,59.5099983215332,59.43000030517578,1385900.0
2023-05-04,GFS,58.220001220703125,59.45000076293945,57.744998931884766,59.08000183105469,58.220001220703125,2326900.0
2023-05-05,GFS,59.40999984741211,59.83000183105469,58.22999954223633,58.439998626708984,59.40999984741211,1541900.0
2023-05-08,GFS,59.79999923706055,59.79999923706055,58.47999954223633,59.529998779296875,59.79999923706055,1625100.0
2023-05-09,GFS,54.22999954223633,56.75,54.209999084472656,55.94200134277344,54.22999954223633,5368800.0
2023-05-10,GFS,54.5,55.650001525878906,54.040000915527344,54.36000061035156,54.5,2085000.0
2023-05-11,GFS,53.97999954223633,54.84000015258789,53.5,54.369998931884766,53.97999954223633,1501900.0
2023-05-12,GFS,53.720001220703125,54.880001068115234,53.2400016784668,54.5099983215332,53.720001220703125,1324300.0
2023-05-15,GFS,54.779998779296875,55.025001525878906,53.29999923706055,53.66999816894531,54.779998779296875,992600.0
2023-05-16,GFS,54.22999954223633,55.11000061035156,53.78499984741211,54.45000076293945,54.22999954223633,1021500.0
2023-05-17,GFS,55.7400016784668,56.28799819946289,54.21500015258789,54.59000015258789,55.7400016784668,1272000.0
2023-05-18,GFS,56.88999938964844,57.040000915527344,55.81999969482422,56.400001525878906,56.88999938964844,1168700.0
2023-05-19,GFS,56.970001220703125,57.33000183105469,56.29499816894531,57.20000076293945,56.970001220703125,1050600.0
2023-05-22,GFS,57.400001525878906,57.59000015258789,56.630001068115234,56.970001220703125,57.400001525878906,697800.0
2023-05-23,GFS,57.52000045776367,57.7599983215332,56.7599983215332,56.939998626708984,57.52000045776367,1202400.0
2023-05-24,GFS,55.5099983215332,56.79499816894531,55.01499938964844,56.779998779296875,55.5099983215332,1314100.0
2023-05-25,GFS,56.40999984741211,56.90999984741211,55.040000915527344,56.61000061035156,56.40999984741211,2087900.0
2023-05-26,GFS,60.04999923706055,60.52000045776367,56.93000030517578,56.93000030517578,60.04999923706055,2693300.0
2023-05-30,GFS,60.689998626708984,62.255001068115234,59.70000076293945,62.08000183105469,60.689998626708984,1672400.0
2023-05-31,GFS,58.33000183105469,60.16999816894531,58.2599983215332,59.970001220703125,58.33000183105469,1656300.0
2023-06-01,GFS,59.349998474121094,59.564998626708984,57.35599899291992,58.810001373291016,59.349998474121094,1521000.0
2023-06-02,GFS,59.16999816894531,60.540000915527344,57.79999923706055,60.0,59.16999816894531,1117500.0
2023-06-05,GFS,56.630001068115234,58.95000076293945,56.40999984741211,58.95000076293945,56.630001068115234,1484900.0
2023-06-06,GFS,57.400001525878906,57.560001373291016,56.334999084472656,56.470001220703125,57.400001525878906,1160300.0
2023-06-07,GFS,59.20000076293945,60.28499984741211,57.689998626708984,57.689998626708984,59.20000076293945,1734100.0
2023-06-08,GFS,59.400001525878906,59.875,58.67499923706055,59.400001525878906,59.400001525878906,730800.0
2023-06-09,GFS,59.43000030517578,60.84000015258789,59.0,59.810001373291016,59.43000030517578,1154500.0
2023-06-12,GFS,62.29999923706055,62.33000183105469,60.130001068115234,60.29999923706055,62.29999923706055,1756000.0
2023-06-13,GFS,62.88999938964844,63.790000915527344,62.7599983215332,63.13999938964844,62.88999938964844,1371800.0
2023-06-14,GFS,62.47999954223633,63.17499923706055,61.19499969482422,62.709999084472656,62.47999954223633,1248000.0
2023-06-15,GFS,62.939998626708984,63.529998779296875,61.849998474121094,61.849998474121094,62.939998626708984,1116800.0
2023-06-16,GFS,62.459999084472656,63.720001220703125,61.779998779296875,63.720001220703125,62.459999084472656,2642500.0
2023-06-20,GFS,61.849998474121094,63.130001068115234,60.880001068115234,62.689998626708984,61.849998474121094,1048100.0
2023-06-21,GFS,59.439998626708984,61.44499969482422,59.375,61.2599983215332,59.439998626708984,928100.0
2023-06-22,GFS,59.61000061035156,59.849998474121094,58.720001220703125,59.13999938964844,59.61000061035156,585200.0
2023-06-23,GFS,57.689998626708984,58.79999923706055,57.40999984741211,58.459999084472656,57.689998626708984,1806000.0
2023-06-26,GFS,59.86000061035156,60.369998931884766,58.11000061035156,58.11000061035156,59.86000061035156,1549300.0
2023-06-27,GFS,62.83000183105469,63.029998779296875,59.56999969482422,60.16999816894531,62.83000183105469,1435600.0
2023-06-28,GFS,62.970001220703125,64.33000183105469,61.810001373291016,62.25,62.970001220703125,1617400.0
2023-06-29,GFS,63.09000015258789,63.130001068115234,61.880001068115234,63.099998474121094,63.09000015258789,1236600.0
2023-06-30,GFS,64.58000183105469,65.05000305175781,63.68000030517578,64.02999877929688,64.58000183105469,1259900.0
2023-07-03,GFS,64.73999786376953,65.34500122070312,63.7400016784668,65.08000183105469,64.73999786376953,637000.0
2023-07-05,GFS,63.349998474121094,64.44000244140625,63.084999084472656,64.38999938964844,63.349998474121094,718200.0
2023-07-06,GFS,61.790000915527344,62.19499969482422,60.84000015258789,62.06999969482422,61.790000915527344,1342800.0
2023-07-07,GFS,62.540000915527344,63.39500045776367,61.630001068115234,61.880001068115234,62.540000915527344,758300.0
2023-07-10,GFS,64.33000183105469,64.44999694824219,62.61000061035156,63.16999816894531,64.33000183105469,1778200.0
2023-07-11,GFS,64.19999694824219,64.38999938964844,61.66999816894531,64.33000183105469,64.19999694824219,2129300.0
2023-07-12,GFS,65.55000305175781,66.22000122070312,65.05999755859375,65.18000030517578,65.55000305175781,1287700.0
2023-07-13,GFS,66.73999786376953,66.93000030517578,65.88500213623047,66.18000030517578,66.73999786376953,1145600.0
2023-07-14,GFS,66.72000122070312,66.98999786376953,66.0999984741211,66.63999938964844,66.72000122070312,1020700.0
2023-07-17,GFS,68.0999984741211,68.56999969482422,66.45999908447266,66.66999816894531,68.0999984741211,1741000.0
2023-07-18,GFS,67.44999694824219,68.16999816894531,66.48100280761719,67.33000183105469,67.44999694824219,1660400.0
2023-07-19,GFS,66.7300033569336,67.80999755859375,66.47000122070312,67.44999694824219,66.7300033569336,1014700.0
2023-07-20,GFS,64.31999969482422,66.0,63.85100173950195,65.80000305175781,64.31999969482422,2411800.0
2023-07-21,GFS,63.75,65.5,62.89500045776367,65.25,63.75,6456200.0
2023-07-24,GFS,61.849998474121094,64.43000030517578,61.66999816894531,63.755001068115234,61.849998474121094,1782700.0
2023-07-25,GFS,62.439998626708984,63.279998779296875,61.849998474121094,61.849998474121094,62.439998626708984,1302700.0
2023-07-26,GFS,60.650001525878906,61.7599983215332,60.369998931884766,61.68000030517578,60.650001525878906,1502900.0
2023-07-27,GFS,61.459999084472656,63.77399826049805,61.04999923706055,62.189998626708984,61.459999084472656,1741400.0
2023-07-28,GFS,62.75,63.08000183105469,61.8650016784668,62.650001525878906,62.75,1340000.0
2023-07-31,GFS,63.689998626708984,63.849998474121094,62.665000915527344,62.70000076293945,63.689998626708984,1093800.0
2023-08-01,GFS,62.22999954223633,63.689998626708984,62.20000076293945,63.33000183105469,62.22999954223633,848400.0
2023-08-02,GFS,60.349998474121094,61.209999084472656,59.77000045776367,61.209999084472656,60.349998474121094,1455300.0
2023-08-03,GFS,59.65999984741211,60.06999969482422,58.79999923706055,59.4900016784668,59.65999984741211,1499000.0
2023-08-04,GFS,58.77000045776367,59.88999938964844,58.45000076293945,59.459999084472656,58.77000045776367,2299600.0
2023-08-07,GFS,59.150001525878906,59.71699905395508,58.4900016784668,59.20000076293945,59.150001525878906,2122000.0
2023-08-08,GFS,60.130001068115234,60.494998931884766,55.650001525878906,55.790000915527344,60.130001068115234,3800200.0
2023-08-09,GFS,59.209999084472656,60.15999984741211,58.790000915527344,59.72999954223633,59.209999084472656,1635100.0
2023-08-10,GFS,58.4900016784668,60.709999084472656,58.31999969482422,60.0,58.4900016784668,944200.0
2023-08-11,GFS,56.880001068115234,57.279998779296875,55.70000076293945,57.2400016784668,56.880001068115234,2487000.0
2023-08-14,GFS,58.189998626708984,58.20000076293945,56.13999938964844,56.66999816894531,58.189998626708984,962100.0
2023-08-15,GFS,57.16999816894531,57.94499969482422,56.72999954223633,57.689998626708984,57.16999816894531,817300.0
2023-08-16,GFS,55.95000076293945,57.31999969482422,55.95000076293945,56.849998474121094,55.95000076293945,1083400.0
2023-08-17,GFS,54.650001525878906,56.20000076293945,54.595001220703125,56.08000183105469,54.650001525878906,1583000.0
2023-08-18,GFS,53.90999984741211,54.54999923706055,52.97999954223633,54.349998474121094,53.90999984741211,1736100.0
2023-08-21,GFS,54.970001220703125,55.220001220703125,53.65999984741211,53.83000183105469,54.970001220703125,1267600.0
2023-08-22,GFS,54.029998779296875,55.73500061035156,53.2400016784668,55.66999816894531,54.029998779296875,1005900.0
2023-08-23,GFS,54.630001068115234,55.06999969482422,53.43000030517578,53.90999984741211,54.630001068115234,2268900.0
2023-08-24,GFS,52.16999816894531,55.279998779296875,52.04999923706055,55.279998779296875,52.16999816894531,1992800.0
2023-08-25,GFS,52.52000045776367,52.79999923706055,51.40999984741211,52.5,52.52000045776367,1275600.0
2023-08-28,GFS,52.7400016784668,53.400001525878906,52.310001373291016,53.209999084472656,52.7400016784668,841800.0
2023-08-29,GFS,54.529998779296875,54.77000045776367,51.95000076293945,52.119998931884766,54.529998779296875,1569900.0
2023-08-30,GFS,54.689998626708984,55.064998626708984,53.80699920654297,54.349998474121094,54.689998626708984,820200.0
2023-08-31,GFS,55.25,55.470001220703125,54.34000015258789,54.4900016784668,55.25,849800.0
2023-09-01,GFS,55.439998626708984,55.95000076293945,55.02000045776367,55.79999923706055,55.439998626708984,878900.0
2023-09-05,GFS,56.150001525878906,56.45000076293945,54.900001525878906,55.27000045776367,56.150001525878906,831900.0
2023-09-06,GFS,55.779998779296875,56.689998626708984,55.209999084472656,56.029998779296875,55.779998779296875,828600.0
2023-09-07,GFS,56.529998779296875,56.66999816894531,54.33000183105469,54.54999923706055,56.529998779296875,1712900.0
2023-09-08,GFS,57.9900016784668,58.459999084472656,56.54999923706055,56.59000015258789,57.9900016784668,2073900.0
2023-09-11,GFS,59.0099983215332,59.189998626708984,57.47999954223633,58.56999969482422,59.0099983215332,1441300.0
2023-09-12,GFS,60.06999969482422,60.599998474121094,58.5099983215332,58.650001525878906,60.06999969482422,1631300.0
2023-09-13,GFS,59.810001373291016,61.13999938964844,59.52000045776367,60.0,59.810001373291016,1145200.0
2023-09-14,GFS,60.7599983215332,61.060001373291016,59.23099899291992,60.45000076293945,60.7599983215332,1329700.0
2023-09-15,GFS,58.08000183105469,60.849998474121094,57.709999084472656,60.404998779296875,58.08000183105469,2235000.0
2023-09-18,GFS,58.25,58.8120002746582,57.849998474121094,57.900001525878906,58.25,848000.0
2023-09-19,GFS,57.86000061035156,58.189998626708984,56.7400016784668,58.189998626708984,57.86000061035156,1339300.0
2023-09-20,GFS,57.349998474121094,58.790000915527344,57.290000915527344,57.97999954223633,57.349998474121094,982600.0
2023-09-21,GFS,57.310001373291016,58.65999984741211,56.43000030517578,56.7400016784668,57.310001373291016,1928100.0
2023-09-22,GFS,56.83000183105469,58.36000061035156,56.720001220703125,57.77000045776367,56.83000183105469,1085400.0
2023-09-25,GFS,57.2599983215332,57.334999084472656,55.9900016784668,56.310001373291016,57.2599983215332,1219700.0
2023-09-26,GFS,56.22999954223633,57.5099983215332,55.93000030517578,56.88999938964844,56.22999954223633,1151900.0
2023-09-27,GFS,57.810001373291016,58.130001068115234,56.215999603271484,56.77000045776367,57.810001373291016,1246400.0
2023-09-28,GFS,58.599998474121094,59.869998931884766,57.29999923706055,58.189998626708984,58.599998474121094,1086200.0
2023-09-29,GFS,58.189998626708984,59.5,57.91999816894531,59.16999816894531,58.189998626708984,1024200.0
2023-10-02,GFS,57.970001220703125,58.7400016784668,57.369998931884766,57.959999084472656,57.970001220703125,1102700.0
2023-10-03,GFS,56.060001373291016,58.099998474121094,55.36000061035156,57.279998779296875,56.060001373291016,1444300.0
2023-10-04,GFS,57.060001373291016,57.380001068115234,55.81999969482422,56.47999954223633,57.060001373291016,1208500.0
2023-10-05,GFS,56.470001220703125,57.45000076293945,55.650001525878906,57.33000183105469,56.470001220703125,1025500.0
2023-10-06,GFS,56.91999816894531,57.25,55.56999969482422,55.880001068115234,56.91999816894531,1131600.0
2023-10-09,GFS,56.47999954223633,56.689998626708984,55.7400016784668,56.31999969482422,56.47999954223633,852500.0
2023-10-10,GFS,58.02000045776367,58.689998626708984,56.540000915527344,56.540000915527344,58.02000045776367,884900.0
2023-10-11,GFS,57.22999954223633,58.70000076293945,56.875,58.380001068115234,57.22999954223633,1183600.0
2023-10-12,GFS,57.22999954223633,58.529998779296875,56.875,57.41999816894531,57.22999954223633,832200.0
2023-10-13,GFS,55.650001525878906,57.380001068115234,55.189998626708984,57.209999084472656,55.650001525878906,997700.0
2023-10-16,GFS,56.52000045776367,56.84000015258789,55.6150016784668,56.0099983215332,56.52000045776367,1008100.0
2023-10-17,GFS,56.47999954223633,57.0,55.25,55.709999084472656,56.47999954223633,894400.0
2023-10-18,GFS,55.61000061035156,56.25,55.20000076293945,55.689998626708984,55.61000061035156,819400.0
2023-10-19,GFS,55.83000183105469,57.04999923706055,55.68000030517578,56.54999923706055,55.83000183105469,1027800.0
2023-10-20,GFS,54.36000061035156,56.20500183105469,54.0099983215332,56.099998474121094,54.36000061035156,1463800.0
2023-10-23,GFS,53.95000076293945,55.029998779296875,53.459999084472656,54.58000183105469,53.95000076293945,945700.0
2023-10-24,GFS,54.38999938964844,54.90999984741211,53.95000076293945,54.11000061035156,54.38999938964844,1262300.0
2023-10-25,GFS,51.59000015258789,53.810001373291016,51.141998291015625,53.5,51.59000015258789,1789400.0
2023-10-26,GFS,52.060001373291016,53.06999969482422,51.540000915527344,51.540000915527344,52.060001373291016,1223000.0
2023-10-27,GFS,51.97999954223633,52.7400016784668,51.720001220703125,52.40999984741211,51.97999954223633,702100.0
2023-10-30,GFS,49.90999984741211,52.0,49.709999084472656,51.97999954223633,49.90999984741211,1640700.0
2023-10-31,GFS,49.619998931884766,50.04999923706055,48.540000915527344,50.0,49.619998931884766,1502400.0
2023-11-01,GFS,48.849998474121094,49.75,48.1150016784668,49.75,48.849998474121094,3123700.0
2023-11-02,GFS,50.380001068115234,50.790000915527344,49.400001525878906,49.970001220703125,50.380001068115234,1984300.0
2023-11-03,GFS,52.849998474121094,53.29999923706055,51.2599983215332,51.310001373291016,52.849998474121094,1945700.0
2023-11-06,GFS,51.65999984741211,53.869998931884766,51.33000183105469,53.20000076293945,51.65999984741211,1932200.0
2023-11-07,GFS,54.27000045776367,56.459999084472656,53.0,54.5,54.27000045776367,3809000.0
2023-11-08,GFS,53.02000045776367,54.869998931884766,52.709999084472656,54.5099983215332,53.02000045776367,1690000.0
2023-11-09,GFS,50.810001373291016,53.150001525878906,50.560001373291016,53.099998474121094,50.810001373291016,1697000.0
2023-11-10,GFS,51.970001220703125,52.0,50.060001373291016,51.08000183105469,51.970001220703125,2371900.0
2023-11-13,GFS,52.130001068115234,52.400001525878906,51.130001068115234,51.41999816894531,52.130001068115234,1139700.0
2023-11-14,GFS,55.790000915527344,56.04999923706055,53.709999084472656,54.0099983215332,55.790000915527344,2241900.0
2023-11-15,GFS,56.13999938964844,57.32500076293945,55.91999816894531,56.09000015258789,56.13999938964844,1375500.0
2023-11-16,GFS,56.41999816894531,57.349998474121094,55.869998931884766,56.41999816894531,56.41999816894531,1039200.0
2023-11-17,GFS,56.310001373291016,56.720001220703125,55.95000076293945,56.5,56.310001373291016,819900.0
2023-11-20,GFS,58.41999816894531,58.68000030517578,56.33100128173828,56.369998931884766,58.41999816894531,1534100.0
2023-11-21,GFS,56.4900016784668,58.04999923706055,56.06999969482422,58.040000915527344,56.4900016784668,747400.0
2023-11-22,GFS,56.869998931884766,57.59000015258789,56.584999084472656,57.18000030517578,56.869998931884766,731100.0
2023-11-24,GFS,55.959999084472656,56.790000915527344,55.92499923706055,56.33000183105469,55.959999084472656,625600.0
2023-11-27,GFS,55.369998931884766,56.01499938964844,54.66999816894531,55.5099983215332,55.369998931884766,1051500.0
2023-11-28,GFS,54.84000015258789,55.38999938964844,54.5099983215332,55.150001525878906,54.84000015258789,788300.0
2023-11-29,GFS,54.95000076293945,56.59000015258789,54.849998474121094,55.689998626708984,54.95000076293945,1063500.0
2023-11-30,GFS,53.689998626708984,55.20000076293945,53.5,55.04999923706055,53.689998626708984,1322500.0
2023-12-01,GFS,53.630001068115234,54.09000015258789,53.27000045776367,53.4900016784668,53.630001068115234,1307700.0
2023-12-04,GFS,52.459999084472656,53.18000030517578,51.459999084472656,53.0099983215332,52.459999084472656,2478800.0
2023-12-05,GFS,51.619998931884766,52.189998626708984,51.189998626708984,51.95000076293945,51.619998931884766,1341000.0
2023-12-06,GFS,51.08000183105469,52.78499984741211,50.97999954223633,52.439998626708984,51.08000183105469,1257600.0
2023-12-07,GFS,52.7599983215332,53.13999938964844,51.25,51.65999984741211,52.7599983215332,2109800.0
2023-12-08,GFS,52.5,53.32699966430664,52.189998626708984,52.380001068115234,52.5,2969000.0
2023-12-11,GFS,55.349998474121094,55.959999084472656,53.279998779296875,53.349998474121094,55.349998474121094,2655900.0
2023-12-12,GFS,56.310001373291016,56.48500061035156,55.11000061035156,55.40999984741211,56.310001373291016,1975800.0
2023-12-13,GFS,57.75,57.880001068115234,55.79999923706055,56.5,57.75,1620100.0
2023-12-14,GFS,59.220001220703125,60.7599983215332,58.189998626708984,58.5,59.220001220703125,2387000.0
2023-12-15,GFS,58.75,60.255001068115234,57.970001220703125,59.220001220703125,58.75,3838300.0
2023-12-18,GFS,58.52000045776367,58.98899841308594,57.564998626708984,58.93000030517578,58.52000045776367,1130200.0
2023-12-19,GFS,58.630001068115234,59.470001220703125,58.36000061035156,58.79999923706055,58.630001068115234,796000.0
2023-12-20,GFS,58.040000915527344,58.95000076293945,57.90999984741211,58.25,58.040000915527344,1438200.0
2023-12-21,GFS,59.810001373291016,60.07899856567383,58.90999984741211,59.099998474121094,59.810001373291016,1027400.0
2023-12-22,GFS,60.34000015258789,60.84000015258789,59.779998779296875,60.0,60.34000015258789,855100.0
2023-12-26,GFS,61.9900016784668,62.130001068115234,60.624000549316406,60.72999954223633,61.9900016784668,783600.0
2023-12-27,GFS,62.2400016784668,62.61000061035156,61.810001373291016,62.4900016784668,62.2400016784668,829300.0
2023-12-28,GFS,61.5099983215332,62.61000061035156,61.29999923706055,62.61000061035156,61.5099983215332,743600.0
2023-12-29,GFS,60.599998474121094,61.40800094604492,60.13999938964844,61.380001068115234,60.599998474121094,962100.0
2024-01-02,GFS,58.0,60.4900016784668,57.46500015258789,59.869998931884766,58.0,1423400.0
2024-01-03,GFS,57.02000045776367,57.72999954223633,56.2400016784668,57.0,57.02000045776367,1299500.0
2024-01-04,GFS,55.83000183105469,56.83000183105469,55.560001373291016,55.560001373291016,55.83000183105469,975500.0
2024-01-05,GFS,56.040000915527344,56.779998779296875,55.599998474121094,55.91999816894531,56.040000915527344,761100.0
2024-01-08,GFS,58.20000076293945,59.099998474121094,56.099998474121094,56.16999816894531,58.20000076293945,1559200.0
2024-01-09,GFS,58.41999816894531,58.77000045776367,56.91999816894531,57.060001373291016,58.41999816894531,1257700.0
2024-01-10,GFS,57.18000030517578,58.11000061035156,56.84000015258789,58.11000061035156,57.18000030517578,694500.0
2024-01-11,GFS,56.95000076293945,57.6349983215332,56.06999969482422,57.20000076293945,56.95000076293945,773800.0
2024-01-12,GFS,57.38999938964844,57.76499938964844,56.70000076293945,57.27000045776367,57.38999938964844,799000.0
2024-01-16,GFS,55.61000061035156,56.58000183105469,54.77000045776367,56.58000183105469,55.61000061035156,1968600.0
2024-01-17,GFS,54.869998931884766,55.02000045776367,52.790000915527344,54.5,54.869998931884766,1619900.0
2024-01-18,GFS,56.77000045776367,57.154998779296875,55.150001525878906,55.959999084472656,56.77000045776367,1764900.0
2024-01-19,GFS,59.16999816894531,59.25,56.49599838256836,57.189998626708984,59.16999816894531,1832300.0
2024-01-22,GFS,58.7400016784668,59.869998931884766,57.77000045776367,59.47999954223633,58.7400016784668,1499700.0
2024-01-23,GFS,60.41999816894531,60.790000915527344,58.880001068115234,59.279998779296875,60.41999816894531,1389700.0
2024-01-24,GFS,60.27000045776367,61.4900016784668,59.90999984741211,60.86000061035156,60.27000045776367,1177200.0
2024-01-25,GFS,59.33000183105469,61.27000045776367,58.76499938964844,61.150001525878906,59.33000183105469,1408800.0
2024-01-26,GFS,56.5,58.27000045776367,55.93000030517578,58.220001220703125,56.5,2240400.0
2024-01-29,GFS,57.349998474121094,57.56999969482422,56.369998931884766,56.599998474121094,57.349998474121094,1381200.0
2024-01-30,GFS,56.470001220703125,56.95500183105469,55.994998931884766,56.720001220703125,56.470001220703125,1136400.0
2024-01-31,GFS,54.97999954223633,56.400001525878906,54.869998931884766,55.849998474121094,54.97999954223633,1393100.0
2024-02-01,GFS,54.65999984741211,55.400001525878906,54.29999923706055,55.099998474121094,54.65999984741211,1383700.0
2024-02-02,GFS,55.27000045776367,55.47999954223633,53.90999984741211,54.06999969482422,55.27000045776367,1114600.0
2024-02-05,GFS,51.564998626708984,53.599998474121094,51.54899978637695,53.119998931884766,51.564998626708984,3297600.0
2024-02-06,GFS,51.650001525878906,52.0099983215332,51.099998474121094,51.310001373291016,51.650001525878906,1856100.0
2024-02-07,GFS,52.540000915527344,52.73500061035156,51.119998931884766,52.380001068115234,52.540000915527344,1419300.0
2024-02-08,GFS,54.779998779296875,55.790000915527344,52.439998626708984,52.689998626708984,54.779998779296875,2453700.0
2024-02-09,GFS,55.939998626708984,56.2599983215332,54.650001525878906,55.04999923706055,55.939998626708984,2308400.0
2024-02-12,GFS,55.81999969482422,57.209999084472656,55.67499923706055,55.9900016784668,55.81999969482422,2536600.0
2024-02-13,GFS,54.65999984741211,56.33000183105469,53.18000030517578,53.68000030517578,54.65999984741211,4136900.0
2024-02-14,GFS,54.970001220703125,55.25,53.59000015258789,54.220001220703125,54.970001220703125,2578300.0
2024-02-15,GFS,54.33000183105469,55.61000061035156,53.75,55.439998626708984,54.33000183105469,1958200.0
2024-02-16,GFS,53.380001068115234,54.349998474121094,52.189998626708984,54.27000045776367,53.380001068115234,2499600.0
2024-02-20,GFS,54.5,56.130001068115234,53.29199981689453,55.900001525878906,54.5,4351000.0
2024-02-21,GFS,53.38999938964844,54.400001525878906,52.400001525878906,54.38999938964844,53.38999938964844,2084900.0
2024-02-22,GFS,54.11000061035156,54.77000045776367,52.900001525878906,54.5099983215332,54.11000061035156,2684400.0
2024-02-23,GFS,53.150001525878906,54.33300018310547,52.98500061035156,54.15999984741211,53.150001525878906,1051700.0
2024-02-26,GFS,54.52000045776367,54.54999923706055,53.38800048828125,53.41999816894531,54.52000045776367,973000.0
2024-02-27,GFS,53.5,55.099998474121094,53.470001220703125,55.0,53.5,1386300.0
2024-02-28,GFS,52.63999938964844,53.220001220703125,52.369998931884766,52.970001220703125,52.63999938964844,1137800.0
2024-02-29,GFS,54.66999816894531,54.77000045776367,52.97999954223633,53.15999984741211,54.66999816894531,1972100.0
2024-03-01,GFS,55.65999984741211,56.400001525878906,54.0099983215332,54.970001220703125,55.65999984741211,1474300.0
2024-03-04,GFS,54.619998931884766,55.9900016784668,54.5099983215332,55.939998626708984,54.619998931884766,1687900.0
2024-03-05,GFS,52.529998779296875,54.0099983215332,51.95000076293945,53.08000183105469,52.529998779296875,1998100.0
2024-03-06,GFS,52.56999969482422,53.33000183105469,52.290000915527344,52.84000015258789,52.56999969482422,1349400.0
2024-03-07,GFS,53.79999923706055,55.099998474121094,53.15999984741211,53.349998474121094,53.79999923706055,1429400.0
2024-03-08,GFS,52.40999984741211,54.13999938964844,52.220001220703125,53.441001892089844,52.40999984741211,1698900.0
2024-03-11,GFS,53.459999084472656,53.52000045776367,51.459999084472656,52.25,53.459999084472656,1404100.0
2024-03-12,GFS,54.0,54.130001068115234,52.880001068115234,53.90999984741211,54.0,1301300.0
2024-03-13,GFS,53.72999954223633,54.18000030517578,53.150001525878906,53.63999938964844,53.72999954223633,1057600.0
2024-03-14,GFS,52.560001373291016,53.79499816894531,52.13999938964844,53.70000076293945,52.560001373291016,1664500.0
2024-03-15,GFS,51.880001068115234,52.650001525878906,51.77299880981445,52.099998474121094,51.880001068115234,2652800.0
2024-03-18,GFS,52.099998474121094,52.970001220703125,51.91999816894531,52.0,52.099998474121094,1192700.0
2024-03-19,GFS,51.290000915527344,51.79499816894531,50.678001403808594,51.58000183105469,51.290000915527344,864400.0
2024-03-20,GFS,52.439998626708984,52.540000915527344,50.56999969482422,51.20000076293945,52.439998626708984,986100.0
2024-03-21,GFS,52.47999954223633,54.220001220703125,52.41999816894531,53.560001373291016,52.47999954223633,1118400.0
2024-03-22,GFS,52.209999084472656,52.54999923706055,51.66999816894531,52.22999954223633,52.209999084472656,579800.0
2024-03-25,GFS,51.849998474121094,52.189998626708984,51.5,51.5,51.849998474121094,519000.0
2024-03-26,GFS,50.790000915527344,52.18000030517578,50.599998474121094,51.90999984741211,50.790000915527344,1488900.0
2024-03-27,GFS,51.72999954223633,51.86000061035156,51.040000915527344,51.54999923706055,51.72999954223633,1312100.0
2024-03-28,GFS,52.11000061035156,52.744998931884766,51.709999084472656,51.709999084472656,52.11000061035156,988600.0
2024-04-01,GFS,51.790000915527344,53.20000076293945,51.709999084472656,52.369998931884766,51.790000915527344,836100.0
2024-04-02,GFS,51.11000061035156,51.349998474121094,50.8129997253418,51.349998474121094,51.11000061035156,885400.0
2024-04-03,GFS,51.22999954223633,51.4900016784668,50.31999969482422,50.66999816894531,51.22999954223633,1323000.0
2024-04-04,GFS,50.52000045776367,52.779998779296875,50.47999954223633,52.220001220703125,50.52000045776367,1011700.0
2024-04-05,GFS,50.54999923706055,51.119998931884766,49.900001525878906,50.599998474121094,50.54999923706055,994300.0
2024-04-08,GFS,50.2599983215332,51.150001525878906,50.02000045776367,50.099998474121094,50.2599983215332,775900.0
2024-04-09,GFS,51.689998626708984,52.130001068115234,50.65999984741211,50.779998779296875,51.689998626708984,1470800.0
2024-04-10,GFS,49.349998474121094,50.7140007019043,48.89500045776367,50.5,49.349998474121094,1876300.0
2024-04-11,GFS,51.189998626708984,51.46500015258789,49.20000076293945,49.72999954223633,51.189998626708984,1483000.0
2024-04-12,GFS,49.380001068115234,50.25,49.185001373291016,50.099998474121094,49.380001068115234,1476200.0
2024-04-15,GFS,47.2599983215332,50.189998626708984,46.72999954223633,50.130001068115234,47.2599983215332,2581700.0
2024-04-16,GFS,47.79999923706055,48.529998779296875,47.02000045776367,47.630001068115234,47.79999923706055,1175800.0
2024-04-17,GFS,47.36000061035156,48.2599983215332,47.20000076293945,47.709999084472656,47.36000061035156,1242900.0
2024-04-18,GFS,46.88999938964844,47.29999923706055,46.41999816894531,47.22999954223633,46.88999938964844,1413500.0
2024-04-19,GFS,46.2599983215332,47.220001220703125,46.22999954223633,46.81999969482422,46.2599983215332,2176500.0
2024-04-22,GFS,46.369998931884766,46.8129997253418,45.52000045776367,46.5099983215332,46.369998931884766,1286600.0
2024-04-23,GFS,46.349998474121094,47.08000183105469,46.189998626708984,46.290000915527344,46.349998474121094,1122900.0
2024-04-24,GFS,47.310001373291016,47.529998779296875,46.439998626708984,46.689998626708984,47.310001373291016,1909800.0
2024-04-25,GFS,47.790000915527344,48.36000061035156,47.31999969482422,47.439998626708984,47.790000915527344,1100500.0
2024-04-26,GFS,48.38999938964844,48.779998779296875,47.060001373291016,47.06999969482422,48.38999938964844,865300.0
2024-04-29,GFS,48.79999923706055,49.13999938964844,48.400001525878906,48.400001525878906,48.79999923706055,686900.0
2024-04-30,GFS,48.880001068115234,49.26499938964844,48.599998474121094,48.599998474121094,48.880001068115234,1471000.0
2024-05-01,GFS,47.040000915527344,48.56999969482422,46.970001220703125,48.22999954223633,47.040000915527344,1322800.0
2024-05-02,GFS,48.279998779296875,48.349998474121094,46.93000030517578,47.439998626708984,48.279998779296875,1333100.0
2024-05-03,GFS,49.27000045776367,50.16999816894531,48.720001220703125,48.810001373291016,49.27000045776367,1554900.0
2024-05-06,GFS,49.72999954223633,50.665000915527344,49.369998931884766,49.5,49.72999954223633,2047100.0
2024-05-07,GFS,53.2599983215332,55.7599983215332,52.099998474121094,52.15999984741211,53.2599983215332,3584200.0
2024-05-08,GFS,52.36000061035156,53.369998931884766,51.959999084472656,53.2599983215332,52.36000061035156,1512700.0
2024-05-09,GFS,51.599998474121094,52.47999954223633,51.310001373291016,52.47999954223633,51.599998474121094,1023200.0
2024-05-10,GFS,51.09000015258789,52.2400016784668,50.88999938964844,51.70000076293945,51.09000015258789,958700.0
2024-05-13,GFS,52.630001068115234,52.709999084472656,51.25,51.470001220703125,52.630001068115234,789000.0
2024-05-14,GFS,54.38999938964844,54.5,52.65999984741211,53.0,54.38999938964844,1474800.0
2024-05-15,GFS,54.470001220703125,54.709999084472656,53.29999923706055,54.70000076293945,54.470001220703125,1631200.0
2024-05-16,GFS,54.18000030517578,54.630001068115234,53.54999923706055,54.630001068115234,54.18000030517578,1043000.0
2024-05-17,GFS,53.95000076293945,54.5,53.5099983215332,54.220001220703125,53.95000076293945,870300.0
2024-05-20,GFS,54.0,54.310001373291016,53.72999954223633,54.119998931884766,54.0,1154600.0
2024-05-21,GFS,54.84000015258789,54.88999938964844,53.369998931884766,53.70000076293945,54.84000015258789,969800.0
2024-05-22,GFS,55.209999084472656,55.683998107910156,54.310001373291016,55.09000015258789,55.209999084472656,711100.0
2024-05-23,GFS,50.4900016784668,51.70000076293945,49.90299987792969,50.849998474121094,50.4900016784668,12350800.0
2024-05-24,GFS,50.75,50.91999816894531,50.4900016784668,50.810001373291016,50.75,3654700.0
2024-05-28,GFS,50.02000045776367,51.1150016784668,49.900001525878906,50.75,50.02000045776367,2923000.0
2024-05-29,GFS,48.650001525878906,49.75,48.2599983215332,49.0099983215332,48.650001525878906,1745900.0
2024-05-30,GFS,49.22999954223633,49.4900016784668,48.540000915527344,48.869998931884766,49.22999954223633,1387900.0
2024-05-31,GFS,49.0,49.5,48.10300064086914,49.400001525878906,49.0,1786900.0
2024-06-03,GFS,48.61000061035156,49.91999816894531,48.19499969482422,49.80500030517578,48.61000061035156,1549100.0
2024-06-04,GFS,47.93000030517578,48.40999984741211,47.77000045776367,48.400001525878906,47.93000030517578,1076400.0
2024-06-05,GFS,49.09000015258789,49.119998931884766,47.9900016784668,48.61000061035156,49.09000015258789,1261700.0
2024-06-06,GFS,49.099998474121094,49.345001220703125,48.43000030517578,48.86000061035156,49.099998474121094,1273900.0
2024-06-07,GFS,47.93000030517578,49.15999984741211,47.84000015258789,48.7400016784668,47.93000030517578,1539300.0
2024-06-10,GFS,47.66999816894531,48.064998626708984,47.43000030517578,47.540000915527344,47.66999816894531,1507300.0
2024-06-11,GFS,48.41999816894531,48.540000915527344,46.77000045776367,47.36000061035156,48.41999816894531,1238400.0
2024-06-12,GFS,49.29999923706055,50.2400016784668,48.77000045776367,49.43000030517578,49.29999923706055,1396900.0
2024-06-13,GFS,48.61000061035156,49.369998931884766,47.89899826049805,48.79999923706055,48.61000061035156,2175600.0
2024-06-14,GFS,49.75,49.779998779296875,48.220001220703125,48.290000915527344,49.75,1517700.0
2024-06-17,GFS,50.7599983215332,51.09000015258789,49.10499954223633,49.10499954223633,50.7599983215332,1841500.0
2024-06-18,GFS,50.83000183105469,51.11000061035156,50.33000183105469,50.709999084472656,50.83000183105469,1254300.0
2024-06-20,GFS,51.0099983215332,51.83000183105469,50.5099983215332,50.84000015258789,51.0099983215332,1799800.0
2024-06-21,GFS,51.099998474121094,51.81999969482422,50.81999969482422,51.0099983215332,51.099998474121094,3247800.0
2024-06-24,GFS,50.43000030517578,51.97999954223633,50.34000015258789,51.119998931884766,50.43000030517578,1189100.0
2024-06-25,GFS,51.0,51.08000183105469,50.09000015258789,50.959999084472656,51.0,981600.0
2024-06-26,GFS,50.84000015258789,51.34000015258789,50.59000015258789,50.83000183105469,50.84000015258789,1002200.0
2024-06-27,GFS,50.63999938964844,50.83000183105469,50.029998779296875,50.790000915527344,50.63999938964844,1215300.0
2024-06-28,GFS,50.560001373291016,51.560001373291016,50.150001525878906,50.79999923706055,50.560001373291016,2464200.0
2024-07-01,GFS,50.2599983215332,51.0,49.40999984741211,50.84000015258789,50.2599983215332,1078900.0
2024-07-02,GFS,50.84000015258789,50.849998474121094,49.90999984741211,50.16999816894531,50.84000015258789,817800.0
2024-07-03,GFS,50.7400016784668,50.849998474121094,50.26499938964844,50.68000030517578,50.7400016784668,718500.0
2024-07-05,GFS,53.13999938964844,53.290000915527344,50.7400016784668,50.880001068115234,53.13999938964844,1386500.0
2024-07-08,GFS,53.4900016784668,54.29999923706055,53.119998931884766,53.45000076293945,53.4900016784668,1124800.0
2024-07-09,GFS,53.599998474121094,53.81999969482422,52.90999984741211,53.81999969482422,53.599998474121094,714800.0
2024-07-10,GFS,55.06999969482422,55.27000045776367,53.52000045776367,53.77000045776367,55.06999969482422,1347100.0
2024-07-11,GFS,52.939998626708984,55.09000015258789,52.93000030517578,55.0,52.939998626708984,1299200.0
2024-07-12,GFS,54.47999954223633,55.099998474121094,53.119998931884766,53.529998779296875,54.47999954223633,1178800.0
2024-07-15,GFS,54.720001220703125,55.25,53.83000183105469,54.2599983215332,54.720001220703125,1005500.0
2024-07-16,GFS,54.41999816894531,54.95000076293945,53.93000030517578,54.720001220703125,54.41999816894531,898600.0
2024-07-17,GFS,58.130001068115234,61.97999954223633,57.189998626708984,57.61000061035156,58.130001068115234,6932800.0
2024-07-18,GFS,58.38999938964844,60.0,58.060001373291016,59.06999969482422,58.38999938964844,3132400.0
2024-07-19,GFS,55.5,57.83000183105469,55.45000076293945,57.65999984741211,55.5,2025300.0
2024-07-22,GFS,56.2400016784668,57.0,55.16999816894531,56.70000076293945,56.2400016784668,1881900.0
2024-07-23,GFS,53.77000045776367,55.400001525878906,53.599998474121094,55.20000076293945,53.77000045776367,1251900.0
2024-07-24,GFS,51.709999084472656,53.209999084472656,51.20000076293945,52.900001525878906,51.709999084472656,1877000.0
2024-07-25,GFS,50.939998626708984,52.345001220703125,50.459999084472656,51.61000061035156,50.939998626708984,1221700.0
2024-07-26,GFS,51.75,52.36000061035156,51.41999816894531,51.97999954223633,51.75,845200.0
2024-07-29,GFS,51.47999954223633,52.65999984741211,51.439998626708984,52.08000183105469,51.47999954223633,860100.0
2024-07-30,GFS,49.52000045776367,51.59000015258789,49.209999084472656,51.5099983215332,49.52000045776367,1558900.0
2024-07-31,GFS,51.0099983215332,51.310001373291016,49.84000015258789,50.59000015258789,51.0099983215332,1935200.0
2024-08-01,GFS,48.029998779296875,51.119998931884766,47.349998474121094,50.16999816894531,48.029998779296875,2177000.0
2024-08-02,GFS,45.470001220703125,47.20000076293945,45.14500045776367,47.20000076293945,45.470001220703125,2969400.0
2024-08-05,GFS,44.77000045776367,45.689998626708984,43.79999923706055,44.349998474121094,44.77000045776367,3448300.0
2024-08-06,GFS,43.22999954223633,46.25,43.18000030517578,44.61000061035156,43.22999954223633,3136800.0
2024-08-07,GFS,42.70000076293945,45.36000061035156,42.59000015258789,44.33000183105469,42.70000076293945,2240800.0
2024-08-08,GFS,44.33000183105469,44.63999938964844,42.70500183105469,43.34000015258789,44.33000183105469,1513300.0
2024-08-09,GFS,43.689998626708984,44.369998931884766,43.279998779296875,44.25,43.689998626708984,1060300.0
2024-08-12,GFS,43.22999954223633,44.0,42.849998474121094,43.97999954223633,43.22999954223633,946100.0
2024-08-13,GFS,44.86000061035156,44.959999084472656,43.4900016784668,43.56999969482422,44.86000061035156,1363000.0
2024-08-14,GFS,43.560001373291016,44.93000030517578,43.18000030517578,44.93000030517578,43.560001373291016,1592400.0
2024-08-15,GFS,45.43000030517578,45.66999816894531,44.0260009765625,44.31999969482422,45.43000030517578,1313200.0
2024-08-16,GFS,45.630001068115234,45.900001525878906,45.09000015258789,45.47999954223633,45.630001068115234,971100.0
2024-08-19,GFS,46.290000915527344,46.38999938964844,45.119998931884766,45.65999984741211,46.290000915527344,914100.0
2024-08-20,GFS,45.63999938964844,46.810001373291016,45.31999969482422,45.619998931884766,45.63999938964844,1278600.0
2024-08-21,GFS,46.060001373291016,46.2400016784668,45.45000076293945,45.970001220703125,46.060001373291016,771300.0
2024-08-22,GFS,44.290000915527344,46.22999954223633,44.029998779296875,46.099998474121094,44.290000915527344,1472300.0
2024-08-23,GFS,46.06999969482422,46.33000183105469,44.86000061035156,45.33000183105469,46.06999969482422,1034900.0
2024-08-26,GFS,45.900001525878906,46.5,45.68000030517578,46.15999984741211,45.900001525878906,842700.0
2024-08-27,GFS,46.09000015258789,46.34000015258789,45.38999938964844,46.029998779296875,46.09000015258789,919200.0
2024-08-28,GFS,45.349998474121094,46.20000076293945,45.029998779296875,45.88999938964844,45.349998474121094,739100.0
2024-08-29,GFS,46.02000045776367,46.970001220703125,45.775001525878906,45.81999969482422,46.02000045776367,761700.0
2024-08-30,GFS,46.68000030517578,47.52000045776367,46.5099983215332,46.93000030517578,46.68000030517578,1795500.0
2024-09-03,GFS,42.68000030517578,45.90999984741211,42.5099983215332,45.900001525878906,42.68000030517578,1837700.0
2024-09-04,GFS,41.959999084472656,42.75,41.86000061035156,42.5,41.959999084472656,1331100.0
2024-09-05,GFS,41.290000915527344,42.41999816894531,41.06999969482422,41.75,41.290000915527344,1364400.0
2024-09-06,GFS,40.119998931884766,41.18000030517578,39.88999938964844,41.18000030517578,40.119998931884766,1188100.0
2024-09-09,GFS,40.40999984741211,41.040000915527344,40.15999984741211,40.91999816894531,40.40999984741211,1091300.0
2024-09-10,GFS,39.9900016784668,40.380001068115234,39.2400016784668,40.2599983215332,39.9900016784668,1030700.0
2024-09-11,GFS,41.099998474121094,41.220001220703125,39.119998931884766,40.18000030517578,41.099998474121094,1149000.0
2024-09-12,GFS,39.88999938964844,41.0,39.7599983215332,40.83000183105469,39.88999938964844,1478400.0
2024-09-13,GFS,39.75,40.56999969482422,39.689998626708984,40.41999816894531,39.75,1440400.0
2024-09-16,GFS,39.189998626708984,39.88999938964844,38.4900016784668,39.540000915527344,39.189998626708984,1384800.0
2024-09-17,GFS,39.11000061035156,40.27000045776367,38.900001525878906,39.650001525878906,39.11000061035156,1232000.0
2024-09-18,GFS,39.18000030517578,40.54999923706055,38.832000732421875,39.0099983215332,39.18000030517578,1633600.0
2024-09-19,GFS,41.02000045776367,41.72999954223633,39.91999816894531,40.630001068115234,41.02000045776367,1998100.0
2024-09-20,GFS,39.40999984741211,40.88999938964844,39.09000015258789,40.630001068115234,39.40999984741211,2755600.0
2024-09-23,GFS,39.349998474121094,39.790000915527344,39.150001525878906,39.72999954223633,39.349998474121094,965300.0
2024-09-24,GFS,39.040000915527344,39.97999954223633,39.02000045776367,39.599998474121094,39.040000915527344,825500.0
2024-09-25,GFS,39.27000045776367,39.849998474121094,38.849998474121094,39.0,39.27000045776367,1024400.0
2024-09-26,GFS,40.7599983215332,41.0,39.56999969482422,40.95000076293945,40.7599983215332,882100.0
2024-09-27,GFS,40.95000076293945,41.72999954223633,40.77000045776367,41.119998931884766,40.95000076293945,997200.0
2024-09-30,GFS,40.25,40.689998626708984,39.90999984741211,40.150001525878906,40.25,1368000.0
2024-10-01,GFS,38.560001373291016,40.41999816894531,38.45000076293945,40.25,38.560001373291016,1406800.0
2024-10-02,GFS,39.880001068115234,40.150001525878906,38.529998779296875,38.720001220703125,39.880001068115234,1533100.0
2024-10-03,GFS,38.95000076293945,39.970001220703125,38.75,39.290000915527344,38.95000076293945,1528500.0
2024-10-04,GFS,39.650001525878906,40.207000732421875,39.290000915527344,39.85499954223633,39.650001525878906,951900.0
2024-10-07,GFS,39.72999954223633,39.880001068115234,39.02000045776367,39.029998779296875,39.72999954223633,1108900.0
2024-10-08,GFS,39.529998779296875,39.77000045776367,39.040000915527344,39.70000076293945,39.529998779296875,1129700.0
2024-10-09,GFS,39.88999938964844,40.27000045776367,39.0,39.310001373291016,39.88999938964844,968400.0
2024-10-10,GFS,40.310001373291016,40.45000076293945,39.25,39.560001373291016,40.310001373291016,1173800.0
2024-10-11,GFS,40.849998474121094,41.2400016784668,40.04999923706055,40.099998474121094,40.849998474121094,1024300.0
2024-10-14,GFS,41.33000183105469,41.375,40.43199920654297,40.900001525878906,41.33000183105469,1032000.0
2024-10-15,GFS,40.2599983215332,41.79999923706055,40.04999923706055,41.0,40.2599983215332,1478100.0
2024-10-16,GFS,40.29999923706055,41.04999923706055,40.11000061035156,40.970001220703125,40.29999923706055,1044500.0
2024-10-17,GFS,40.400001525878906,41.16999816894531,40.20000076293945,41.060001373291016,40.400001525878906,1017600.0
2024-10-18,GFS,40.43000030517578,40.97999954223633,40.290000915527344,40.61000061035156,40.43000030517578,798500.0
2024-10-21,GFS,40.0099983215332,40.57899856567383,39.529998779296875,40.310001373291016,40.0099983215332,928600.0
2024-10-22,GFS,39.29999923706055,39.97999954223633,38.810001373291016,39.97999954223633,39.29999923706055,1103800.0
2024-10-23,GFS,38.369998931884766,39.34000015258789,37.939998626708984,39.16999816894531,38.369998931884766,1167700.0
2024-10-24,GFS,39.06999969482422,39.150001525878906,38.41999816894531,38.439998626708984,39.06999969482422,755700.0
2024-10-25,GFS,40.400001525878906,41.58000183105469,39.38999938964844,39.38999938964844,40.400001525878906,1826300.0
2024-10-28,GFS,40.2400016784668,41.06999969482422,39.0099983215332,39.02000045776367,40.2400016784668,1233900.0
2024-10-29,GFS,40.720001220703125,41.369998931884766,40.06999969482422,40.220001220703125,40.720001220703125,1994700.0
2024-10-30,GFS,38.119998931884766,40.06999969482422,38.119998931884766,39.79999923706055,38.119998931884766,2278200.0
2024-10-31,GFS,36.5,38.439998626708984,35.869998931884766,38.13999938964844,36.5,2658200.0
2024-11-01,GFS,36.630001068115234,37.52000045776367,36.540000915527344,36.560001373291016,36.630001068115234,1504900.0
2024-11-04,GFS,36.0099983215332,37.20000076293945,35.849998474121094,36.63999938964844,36.0099983215332,2592400.0
2024-11-05,GFS,41.369998931884766,42.06800079345703,38.60900115966797,41.95199966430664,41.369998931884766,6780800.0
2024-11-06,GFS,46.790000915527344,47.13999938964844,43.2599983215332,44.150001525878906,46.790000915527344,6626900.0
2024-11-07,GFS,45.27000045776367,47.0,44.17499923706055,46.939998626708984,45.27000045776367,3949500.0
2024-11-08,GFS,43.97999954223633,45.0,43.0099983215332,44.95000076293945,43.97999954223633,3360600.0
2024-11-11,GFS,42.70000076293945,44.939998626708984,42.22999954223633,44.43000030517578,42.70000076293945,1974600.0
2024-11-12,GFS,42.09000015258789,42.43000030517578,41.40999984741211,42.11000061035156,42.09000015258789,1714600.0
2024-11-13,GFS,42.40999984741211,42.560001373291016,41.41999816894531,41.41999816894531,42.40999984741211,1485900.0
2024-11-14,GFS,42.75,43.75,41.9900016784668,42.47999954223633,42.75,2845200.0
2024-11-15,GFS,41.290000915527344,42.869998931884766,40.58000183105469,42.709999084472656,41.290000915527344,1647300.0
2024-11-18,GFS,42.40999984741211,42.79999923706055,41.380001068115234,41.56999969482422,42.40999984741211,1379500.0
2024-11-19,GFS,42.380001068115234,42.65999984741211,41.96500015258789,42.0,42.380001068115234,1109600.0
2024-11-20,GFS,41.65999984741211,42.869998931884766,41.02000045776367,42.81999969482422,41.65999984741211,1465000.0
2024-11-21,GFS,42.0,42.54999923706055,41.52000045776367,42.18000030517578,42.0,1240900.0
2024-11-22,GFS,42.79999923706055,43.16600036621094,41.849998474121094,42.0,42.79999923706055,1479800.0
2024-11-25,GFS,44.95000076293945,45.189998626708984,43.209999084472656,43.52000045776367,44.95000076293945,1903500.0
2024-11-26,GFS,44.11000061035156,45.470001220703125,43.79499816894531,45.029998779296875,44.11000061035156,2160000.0
2024-11-27,GFS,42.849998474121094,44.720001220703125,42.72999954223633,44.20000076293945,42.849998474121094,1922000.0
2024-11-29,GFS,43.25,43.59000015258789,42.6609992980957,43.119998931884766,43.25,868300.0
2024-12-02,GFS,45.119998931884766,45.27000045776367,43.34000015258789,43.529998779296875,45.119998931884766,1456900.0
2024-12-03,GFS,44.630001068115234,44.970001220703125,44.11000061035156,44.56999969482422,44.630001068115234,1234000.0
2024-12-04,GFS,44.380001068115234,45.742000579833984,44.099998474121094,45.33000183105469,44.380001068115234,1236500.0
2024-12-05,GFS,44.279998779296875,44.95000076293945,44.0,44.380001068115234,44.279998779296875,2669200.0
2024-12-06,GFS,44.880001068115234,45.446998596191406,44.345001220703125,44.43000030517578,44.880001068115234,2122300.0
2024-12-09,GFS,45.040000915527344,46.650001525878906,44.5099983215332,44.65999984741211,45.040000915527344,1537300.0
2024-12-10,GFS,44.20000076293945,45.0,43.90999984741211,45.0,44.20000076293945,1115300.0
2024-12-11,GFS,43.849998474121094,44.47999954223633,43.369998931884766,44.20000076293945,43.849998474121094,1349900.0
2024-12-12,GFS,43.97999954223633,44.29999923706055,43.349998474121094,43.4900016784668,43.97999954223633,985300.0
2024-12-13,GFS,43.880001068115234,44.599998474121094,43.34000015258789,43.72999954223633,43.880001068115234,1031000.0
2024-12-16,GFS,43.93000030517578,44.46099853515625,42.91999816894531,43.58000183105469,43.93000030517578,1067200.0
2024-12-17,GFS,43.86000061035156,44.814998626708984,43.7400016784668,43.7400016784668,43.86000061035156,1231600.0
2024-12-18,GFS,42.38999938964844,45.54999923706055,42.18000030517578,44.0099983215332,42.38999938964844,1806600.0
2024-12-19,GFS,41.29999923706055,42.4900016784668,41.1150016784668,42.18000030517578,41.29999923706055,1522500.0
2024-12-20,GFS,41.720001220703125,42.65999984741211,40.5,40.90999984741211,41.720001220703125,3573000.0
2024-12-23,GFS,44.029998779296875,44.79499816894531,42.040000915527344,42.11000061035156,44.029998779296875,1748500.0
2024-12-24,GFS,44.63999938964844,44.709999084472656,43.779998779296875,43.97999954223633,44.63999938964844,607500.0
2024-12-26,GFS,44.540000915527344,44.9900016784668,43.93000030517578,43.9900016784668,44.540000915527344,1661000.0
2024-12-27,GFS,44.18000030517578,44.470001220703125,43.584999084472656,44.040000915527344,44.18000030517578,962300.0
2024-12-30,GFS,43.20000076293945,43.744998931884766,42.22999954223633,43.689998626708984,43.20000076293945,1462900.0
2024-12-31,GFS,42.90999984741211,43.95000076293945,42.689998626708984,43.459999084472656,42.90999984741211,1019200.0
2025-01-02,GFS,42.47999954223633,44.25,42.310001373291016,43.13999938964844,42.47999954223633,1229700.0
2025-01-03,GFS,43.18000030517578,43.56999969482422,42.439998626708984,42.970001220703125,43.18000030517578,979500.0
2025-01-06,GFS,43.779998779296875,45.099998474121094,43.59000015258789,43.709999084472656,43.779998779296875,1450800.0
2025-01-07,GFS,43.540000915527344,44.33000183105469,43.08000183105469,43.81999969482422,43.540000915527344,1301300.0
2025-01-08,GFS,41.619998931884766,43.279998779296875,41.5099983215332,43.02000045776367,41.619998931884766,1461400.0
2025-01-10,GFS,40.959999084472656,41.15999984741211,39.720001220703125,40.75,40.959999084472656,1211900.0
2025-01-13,GFS,40.790000915527344,40.88999938964844,39.939998626708984,40.5099983215332,40.790000915527344,1291900.0
