,AAPL,ABNB,ADBE,ADI,ADP,ADSK,AEP,AMAT,AMD,AMGN,AMZN,ANSS,APP,ASML,AVGO,AXON,AZN,BIIB,BKNG,BKR,CCEP,CDNS,CDW,CEG,CHTR,CMCSA,COST,CPRT,CRWD,CSCO,CSGP,CSX,CTAS,CTSH,DASH,DDOG,DXCM,EA,EXC,FANG,FAST,FTNT,GEHC,GFS,GILD,GOOG,GOOGL,HON,IDXX,INTC,INTU,ISRG,KDP,KHC,KLAC,LIN,LRCX,LULU,MAR,MCHP,MDB,MDLZ,MELI,META,MNST,MRVL,MSFT,MSTR,MU,NFLX,NVDA,NXPI,ODFL,ON,ORLY,PANW,PAYX,PCAR,PDD,PEP,PLTR,PYPL,QCOM,REGN,ROP,ROST,SBUX,SNPS,TEAM,TMUS,TSLA,TTD,TTWO,TXN,VRSK,VRTX,WBD,WDAY,XEL,ZS
AAPL,0.0,0.0,0.0,0.0,0.0,0.0,0.0,0.0,0.0,0.0,0.0,0.0,0.0,0.0,0.0,0.0,0.0,0.0,0.0,0.0,0.0,0.0,0.0,0.0,0.0,0.0,0.0,0.0,0.0,0.0,0.0,0.0,0.0,0.0,0.0,0.0,0.0,0.0,0.0,0.0,0.0,0.0,0.0,0.0,0.0,0.0,0.0,0.0,0.0,0.0,0.0,0.0,0.0,0.0,0.0,0.0,0.0,0.0,0.0,0.0,0.0,0.0,0.0,0.0,0.0,0.0,0.0,0.0,0.0,0.0,0.0,0.0,0.0,0.0,0.0,0.0,0.0,0.0,0.0,0.0,0.0,0.0,0.0,4.440892098500626e-14,5.995204332975845e-13,8.881784197001252e-13,2.4424906541753444e-12,3.3528735343679728e-12,1.5210055437364645e-11,3.148814542441869e-10,1.3950840482834792e-09,1.4995560349007064e-09,4.136291309464468e-09,9.779088649963796e-09,1.2958017348019268e-05,2.550693205538579e-05,3.226091560559752e-05,0.00481782354277982,0.05794761117408065,1.0
ABNB,1.0,0.0,0.0,0.0,0.0,0.0,0.0,0.0,0.0,0.0,0.0,0.0,0.0,0.0,0.0,0.0,0.0,0.0,0.0,0.0,0.0,0.0,0.0,0.0,0.0,0.0,0.0,0.0,0.0,0.0,0.0,0.0,0.0,0.0,0.0,0.0,0.0,0.0,3.148814542441869e-10,0.0,0.0,0.0,0.0,0.0,0.0,0.0,0.0,0.0,0.0,0.0,0.0,0.0,0.0,0.0,0.0,0.0,0.0,0.0,0.0,0.0,0.0,0.0,0.0,0.0,0.0,0.0,0.0,0.0,0.0,0.0,0.0,0.0,0.0,0.0,0.0,0.0,0.0,0.0,0.0,0.0,3.3528735343679728e-12,4.136291309464468e-09,3.226091560559752e-05,0.0,1.2958017348019268e-05,0.0,1.4995560349007064e-09,0.0,1.5210055437364645e-11,1.3950840482834792e-09,9.779088649963796e-09,0.0,5.995204332975845e-13,0.05794761117408065,8.881784197001252e-13,2.4424906541753444e-12,4.440892098500626e-14,2.550693205538579e-05,0.00481782354277982,0.0
ADBE,1.0,0.0,0.0,0.0,0.0,0.0,0.0,0.0,0.0,0.0,0.0,0.0,0.0,0.0,0.0,0.0,0.0,0.0,0.0,0.0,0.0,0.0,0.0,0.0,0.0,0.0,0.0,0.0,0.0,0.0,0.0,0.0,0.0,0.0,0.0,0.0,0.0,0.0,0.0,0.0,0.0,0.0,0.0,0.0,0.0,0.0,0.0,0.0,0.0,0.0,0.0,0.0,0.0,0.0,0.0,0.0,0.0,0.0,0.0,0.0,0.0,0.0,0.0,0.0,0.0,0.0,0.0,0.0,0.0,0.0,0.0,0.0,0.0,0.0,0.0,0.0,0.0,0.0,4.136291309464468e-09,0.0,3.148814542441869e-10,0.0,0.0,1.5210055437364645e-11,4.440892098500626e-14,3.226091560559752e-05,3.3528735343679728e-12,1.2958017348019268e-05,5.995204332975845e-13,0.0,1.4995560349007064e-09,9.779088649963796e-09,0.0,8.881784197001252e-13,1.3950840482834792e-09,2.4424906541753444e-12,2.550693205538579e-05,0.05794761117408065,0.00481782354277982,0.0
ADI,1.0,0.0,0.0,0.0,0.0,0.0,0.0,0.0,0.0,0.0,0.0,0.0,0.0,0.0,0.0,0.0,0.0,0.0,0.0,0.0,0.0,0.0,0.0,0.0,0.0,0.0,0.0,0.0,0.0,0.0,0.0,0.0,0.0,0.0,0.0,0.0,0.0,0.0,0.0,0.0,0.0,0.0,0.0,0.0,0.0,0.0,0.0,0.0,0.0,0.0,0.0,0.0,0.0,0.0,0.0,0.0,0.0,0.0,0.0,0.0,0.0,0.0,0.0,0.0,0.0,0.0,0.0,0.0,0.0,0.0,0.0,0.0,0.0,0.0,0.0,0.0,0.0,0.0,0.0,0.0,4.136291309464468e-09,1.3950840482834792e-09,0.0,1.5210055437364645e-11,3.226091560559752e-05,1.2958017348019268e-05,3.3528735343679728e-12,1.4995560349007064e-09,0.0,3.148814542441869e-10,5.995204332975845e-13,4.440892098500626e-14,0.0,0.05794761117408065,8.881784197001252e-13,2.4424906541753444e-12,2.550693205538579e-05,9.779088649963796e-09,0.00481782354277982,0.0
ADP,1.0,0.0,0.0,0.0,0.0,0.0,0.0,0.0,0.0,0.0,0.0,0.0,0.0,0.0,0.0,0.0,0.0,0.0,0.0,0.0,0.0,0.0,0.0,0.0,0.0,0.0,0.0,0.0,0.0,0.0,0.0,0.0,0.0,0.0,0.0,0.0,0.0,0.0,0.0,0.0,0.0,0.0,0.0,0.0,0.0,0.0,0.0,0.0,0.0,0.0,0.0,0.0,0.0,0.0,0.0,0.0,0.0,0.0,0.0,0.0,0.0,0.0,0.0,0.0,0.0,0.0,0.0,0.0,0.0,0.0,0.0,0.0,0.0,0.0,0.0,0.0,0.0,0.0,0.0,3.3528735343679728e-12,0.0,0.0,0.0,3.148814542441869e-10,0.0,4.136291309464468e-09,1.4995560349007064e-09,5.995204332975845e-13,9.779088649963796e-09,8.881784197001252e-13,1.5210055437364645e-11,2.4424906541753444e-12,1.3950840482834792e-09,4.440892098500626e-14,2.550693205538579e-05,1.2958017348019268e-05,3.226091560559752e-05,0.05794761117408065,0.00481782354277982,0.0
ADSK,0.0,0.0,0.0,0.0,0.0,0.0,0.0,0.0,0.0,0.0,0.0,0.0,0.0,0.0,0.0,0.0,0.0,0.0,0.0,0.0,0.0,0.0,0.0,0.0,0.0,0.0,0.0,0.0,0.0,0.0,0.0,1.0,0.0,0.0,0.0,0.0,0.0,0.0,0.0,0.0,0.0,0.0,0.0,0.0,0.0,0.0,0.0,0.0,0.0,0.0,4.440892098500626e-14,0.0,0.0,0.0,0.0,0.0,0.0,0.0,0.0,0.0,0.0,0.0,0.0,0.0,0.0,0.0,2.4424906541753444e-12,9.779088649963796e-09,0.0,0.0,0.0,0.0,4.136291309464468e-09,0.0,0.0,0.0,0.0,0.0,8.881784197001252e-13,0.0,0.0,0.0,0.00481782354277982,5.995204332975845e-13,3.3528735343679728e-12,0.0,0.0,1.4995560349007064e-09,3.226091560559752e-05,0.0,1.2958017348019268e-05,0.0,2.550693205538579e-05,1.5210055437364645e-11,0.0,3.148814542441869e-10,0.0,1.3950840482834792e-09,0.0,0.05794761117408065
AEP,1.0,9.779088649963796e-09,1.4995560349007064e-09,4.440892098500626e-14,2.550693205538579e-05,0.0,0.0,4.136291309464468e-09,0.0,0.0,0.0,0.0,0.0,0.0,0.0,0.0,0.0,0.0,0.0,0.0,0.0,0.0,0.0,0.0,0.0,0.0,0.0,0.0,0.0,0.0,0.0,8.881784197001252e-13,0.0,0.0,0.0,2.4424906541753444e-12,0.0,0.0,0.0,0.0,0.0,5.995204332975845e-13,0.0,0.0,0.0,0.0,0.0,0.0,0.0,0.0,0.0,0.0,0.0,0.0,0.0,0.0,0.0,0.0,1.3950840482834792e-09,0.0,3.3528735343679728e-12,0.0,0.0,0.0,1.5210055437364645e-11,0.0,0.0,0.0,0.0,0.0,0.0,0.0,0.0,0.0,0.00481782354277982,0.0,0.0,0.0,0.0,0.0,0.0,0.0,0.0,0.0,0.0,0.0,0.0,0.0,0.0,0.0,0.0,0.0,0.0,0.0,0.0,1.2958017348019268e-05,0.05794761117408065,3.226091560559752e-05,3.148814542441869e-10,0.0
AMAT,1.0,0.0,0.0,0.0,0.0,0.0,0.0,0.0,0.0,0.0,0.0,0.0,0.0,0.0,0.0,0.0,0.0,0.0,0.0,0.0,0.0,0.0,0.0,0.0,0.0,0.0,0.0,0.0,0.0,0.0,0.0,0.0,0.0,0.0,0.0,0.0,0.0,0.0,0.0,0.0,0.0,0.0,0.0,0.0,0.0,0.0,0.0,0.0,0.0,0.0,0.0,0.0,0.0,0.0,0.0,0.0,0.0,0.0,0.0,0.0,0.0,0.0,0.0,0.0,0.0,0.0,0.0,0.0,0.0,0.0,0.0,0.0,0.0,0.0,0.0,0.0,0.0,0.0,0.0,0.0,0.0,3.3528735343679728e-12,0.0,4.136291309464468e-09,1.3950840482834792e-09,0.0,5.995204332975845e-13,2.4424906541753444e-12,3.148814542441869e-10,8.881784197001252e-13,1.4995560349007064e-09,9.779088649963796e-09,4.440892098500626e-14,1.5210055437364645e-11,2.550693205538579e-05,3.226091560559752e-05,1.2958017348019268e-05,0.05794761117408065,0.00481782354277982,0.0
AMD,1.0,0.0,0.0,0.0,0.0,0.0,0.0,0.0,0.0,0.0,0.0,0.0,0.0,0.0,0.0,0.0,0.0,0.0,0.0,0.0,0.0,0.0,0.0,0.0,0.0,0.0,0.0,0.0,0.0,0.0,0.0,0.0,0.0,0.0,0.0,0.0,0.0,0.0,3.148814542441869e-10,0.0,0.0,0.0,0.0,0.0,0.0,0.0,0.0,0.0,0.0,0.0,0.0,0.0,0.0,0.0,0.0,0.0,0.0,0.0,0.0,0.0,0.0,0.0,0.0,0.0,0.0,0.0,0.0,0.0,0.0,0.0,0.0,0.0,0.0,0.0,0.0,0.0,0.0,0.0,0.0,4.136291309464468e-09,0.0,0.0,9.779088649963796e-09,3.3528735343679728e-12,1.3950840482834792e-09,1.4995560349007064e-09,0.0,0.0,4.440892098500626e-14,0.0,1.2958017348019268e-05,1.5210055437364645e-11,3.226091560559752e-05,5.995204332975845e-13,8.881784197001252e-13,2.550693205538579e-05,0.05794761117408065,2.4424906541753444e-12,0.00481782354277982,0.0
AMGN,1.0,0.0,0.0,0.0,0.0,0.0,0.0,0.0,0.0,0.0,0.0,0.0,0.0,0.0,0.0,0.0,0.0,0.0,0.0,0.0,0.0,0.0,0.0,0.0,0.0,0.0,0.0,0.0,0.0,0.0,0.0,0.0,0.0,0.0,0.0,0.0,0.0,0.0,0.0,0.0,0.0,0.0,0.0,0.0,0.0,0.0,0.0,0.0,0.0,0.0,0.0,0.0,0.0,0.0,0.0,0.0,0.0,0.0,0.0,0.0,0.0,0.0,0.0,0.0,0.0,0.0,0.0,0.0,0.0,0.0,0.0,0.0,0.0,0.0,0.0,0.0,0.0,3.148814542441869e-10,4.136291309464468e-09,0.0,0.0,1.4995560349007064e-09,0.0,0.0,0.0,1.5210055437364645e-11,3.3528735343679728e-12,0.0,1.3950840482834792e-09,4.440892098500626e-14,5.995204332975845e-13,8.881784197001252e-13,9.779088649963796e-09,2.4424906541753444e-12,3.226091560559752e-05,2.550693205538579e-05,0.05794761117408065,1.2958017348019268e-05,0.00481782354277982,0.0
AMZN,1.0,0.0,0.0,0.0,0.0,0.0,0.0,0.0,0.0,0.0,0.0,0.0,0.0,0.0,0.0,0.0,0.0,0.0,0.0,0.0,0.0,0.0,0.0,0.0,0.0,0.0,0.0,0.0,0.0,0.0,0.0,0.0,0.0,0.0,0.0,0.0,0.0,0.0,0.0,0.0,0.0,0.0,0.0,0.0,0.0,0.0,0.0,0.0,0.0,0.0,0.0,0.0,0.0,0.0,0.0,0.0,0.0,0.0,0.0,0.0,0.0,0.0,0.0,0.0,0.0,0.0,0.0,0.0,0.0,0.0,0.0,0.0,0.0,0.0,0.0,0.0,0.0,0.0,0.0,0.0,0.0,3.3528735343679728e-12,0.0,3.148814542441869e-10,0.0,4.136291309464468e-09,1.5210055437364645e-11,5.995204332975845e-13,9.779088649963796e-09,1.4995560349007064e-09,2.4424906541753444e-12,8.881784197001252e-13,1.3950840482834792e-09,2.550693205538579e-05,4.440892098500626e-14,1.2958017348019268e-05,3.226091560559752e-05,0.05794761117408065,0.00481782354277982,0.0
ANSS,0.0,0.0,2.4424906541753444e-12,0.0,8.881784197001252e-13,0.0,0.0,2.550693205538579e-05,9.779088649963796e-09,1.0,0.0,4.136291309464468e-09,0.0,0.0,0.0,0.0,0.0,0.0,0.0,0.0,1.5210055437364645e-11,0.0,1.3950840482834792e-09,0.0,0.0,0.0,1.4995560349007064e-09,0.0,0.00481782354277982,0.0,0.0,0.0,0.0,5.995204332975845e-13,0.0,0.0,0.0,0.0,0.0,0.0,0.0,0.0,0.0,0.0,0.0,0.0,0.0,0.0,0.0,0.0,0.0,0.0,0.0,0.0,0.0,0.0,0.0,0.0,0.0,0.0,0.0,0.0,0.0,0.0,0.0,0.0,0.0,0.0,0.0,0.0,0.0,0.0,0.0,0.0,0.0,0.0,0.0,0.0,0.0,0.0,0.0,0.0,0.0,0.0,0.0,0.0,0.0,3.226091560559752e-05,3.3528735343679728e-12,0.05794761117408065,0.0,1.2958017348019268e-05,0.0,0.0,0.0,0.0,0.0,0.0,3.148814542441869e-10,4.440892098500626e-14
APP,1.0,0.0,0.0,0.0,0.0,0.0,0.0,0.0,0.0,0.0,0.0,0.0,0.0,0.0,0.0,0.0,0.0,0.0,0.0,0.0,0.0,0.0,0.0,0.0,0.0,0.0,0.0,0.0,0.0,0.0,0.0,0.0,0.0,0.0,0.0,0.0,0.0,0.0,0.0,0.0,0.0,0.0,0.0,0.0,0.0,0.0,0.0,0.0,0.0,0.0,0.0,0.0,0.0,0.0,0.0,0.0,0.0,0.0,0.0,0.0,0.0,0.0,0.0,0.0,0.0,0.0,0.0,0.0,0.0,0.0,0.0,0.0,0.0,0.0,0.0,0.0,0.0,0.0,0.0,0.0,0.0,0.0,3.3528735343679728e-12,3.148814542441869e-10,0.0,4.136291309464468e-09,1.5210055437364645e-11,9.779088649963796e-09,5.995204332975845e-13,1.4995560349007064e-09,2.4424906541753444e-12,8.881784197001252e-13,2.550693205538579e-05,1.3950840482834792e-09,4.440892098500626e-14,1.2958017348019268e-05,3.226091560559752e-05,0.05794761117408065,0.00481782354277982,0.0
ASML,1.0,0.0,0.0,0.0,0.0,0.0,0.0,0.0,0.0,0.0,0.0,0.0,0.0,0.0,0.0,0.0,0.0,0.0,0.0,0.0,0.0,0.0,0.0,0.0,0.0,0.0,0.0,0.0,0.0,0.0,0.0,0.0,0.0,0.0,0.0,0.0,0.0,0.0,0.0,0.0,0.0,0.0,0.0,0.0,0.0,0.0,0.0,0.0,0.0,0.0,0.0,0.0,0.0,0.0,0.0,0.0,0.0,0.0,0.0,0.0,0.0,0.0,0.0,0.0,0.0,0.0,0.0,0.0,0.0,0.0,0.0,0.0,0.0,0.0,0.0,0.0,0.0,3.148814542441869e-10,0.0,0.0,3.3528735343679728e-12,0.0,1.3950840482834792e-09,4.136291309464468e-09,0.0,1.2958017348019268e-05,0.0,9.779088649963796e-09,1.4995560349007064e-09,3.226091560559752e-05,0.0,4.440892098500626e-14,1.5210055437364645e-11,5.995204332975845e-13,8.881784197001252e-13,2.550693205538579e-05,2.4424906541753444e-12,0.05794761117408065,0.00481782354277982,0.0
AVGO,1.0,0.0,0.0,0.0,0.0,0.0,0.0,0.0,0.0,0.0,0.0,0.0,0.0,0.0,1.5210055437364645e-11,0.0,0.0,0.0,0.0,0.0,0.0,0.0,0.0,0.0,0.0,0.0,0.0,0.0,0.0,0.0,0.0,0.0,0.0,1.3950840482834792e-09,0.0,0.0,0.0,0.0,0.0,0.0,0.0,0.0,0.0,0.0,0.0,0.0,0.0,0.0,0.0,0.0,0.0,0.0,0.0,0.0,0.0,0.0,0.0,0.0,0.0,0.0,0.0,0.0,0.0,0.0,0.0,0.0,0.0,4.440892098500626e-14,0.0,0.0,0.0,0.0,0.0,4.136291309464468e-09,8.881784197001252e-13,0.0,5.995204332975845e-13,2.4424906541753444e-12,0.0,0.0,0.0,0.0,0.0,0.0,0.0,0.00481782354277982,0.0,1.4995560349007064e-09,0.0,0.0,3.148814542441869e-10,0.0,9.779088649963796e-09,2.550693205538579e-05,0.0,3.3528735343679728e-12,0.05794761117408065,1.2958017348019268e-05,3.226091560559752e-05,0.0
AXON,5.995204332975845e-13,0.0,0.0,0.00481782354277982,0.0,0.0,8.881784197001252e-13,2.4424906541753444e-12,0.0,0.0,0.0,0.0,0.0,0.0,0.0,0.0,0.0,0.0,0.0,0.0,4.440892098500626e-14,0.0,0.0,0.0,1.0,2.550693205538579e-05,0.0,0.0,0.0,0.0,0.0,0.0,0.0,1.3950840482834792e-09,0.0,0.0,0.0,0.0,0.0,0.0,0.0,0.0,0.0,0.0,0.0,0.0,0.0,0.0,0.0,0.0,0.0,0.0,0.0,0.0,0.0,0.0,0.0,0.0,4.136291309464468e-09,0.0,0.0,0.0,1.4995560349007064e-09,0.0,3.3528735343679728e-12,0.0,0.0,0.0,0.0,0.0,0.0,0.0,0.0,9.779088649963796e-09,0.0,0.0,0.0,0.0,0.0,0.0,0.0,0.0,0.0,0.0,0.0,0.0,0.0,0.0,0.0,3.226091560559752e-05,0.0,0.0,0.0,1.2958017348019268e-05,0.0,0.0,0.0,0.05794761117408065,3.148814542441869e-10,1.5210055437364645e-11
AZN,1.0,0.0,0.0,0.0,0.0,0.0,0.0,0.0,0.0,0.0,0.0,0.0,0.0,0.0,0.0,0.0,0.0,0.0,0.0,0.0,0.0,0.0,0.0,0.0,0.0,0.0,0.0,0.0,0.0,0.0,0.0,0.0,0.0,0.0,0.0,0.0,0.0,0.0,0.0,0.0,0.0,0.0,0.0,0.0,0.0,0.0,0.0,0.0,0.0,0.0,0.0,0.0,0.0,0.0,0.0,0.0,0.0,0.0,0.0,0.0,0.0,0.0,0.0,0.0,0.0,0.0,0.0,0.0,0.0,0.0,0.0,0.0,0.0,0.0,0.0,0.0,0.0,0.0,3.148814542441869e-10,0.0,8.881784197001252e-13,4.440892098500626e-14,0.0,0.0,0.0,4.136291309464468e-09,1.3950840482834792e-09,5.995204332975845e-13,1.5210055437364645e-11,2.4424906541753444e-12,0.0,1.4995560349007064e-09,3.3528735343679728e-12,2.550693205538579e-05,9.779088649963796e-09,1.2958017348019268e-05,3.226091560559752e-05,0.00481782354277982,0.05794761117408065,0.0
BIIB,1.0,0.0,0.0,0.0,0.0,0.0,0.0,0.0,0.0,0.0,0.0,0.0,0.0,0.0,0.0,0.0,0.0,0.0,0.0,0.0,0.0,0.0,0.0,0.0,0.0,0.0,0.0,0.0,0.0,0.0,0.0,0.0,0.0,0.0,0.0,0.0,0.0,0.0,0.0,0.0,0.0,0.0,0.0,0.0,0.0,0.0,0.0,0.0,0.0,0.0,0.0,0.0,0.0,0.0,0.0,0.0,0.0,0.0,0.0,0.0,0.0,0.0,0.0,0.0,0.0,0.0,0.0,0.0,0.0,0.0,0.0,0.0,0.0,0.0,0.0,0.0,0.0,0.0,0.0,3.148814542441869e-10,0.0,1.2958017348019268e-05,0.0,0.0,1.5210055437364645e-11,4.136291309464468e-09,3.226091560559752e-05,4.440892098500626e-14,0.0,5.995204332975845e-13,8.881784197001252e-13,1.4995560349007064e-09,3.3528735343679728e-12,2.4424906541753444e-12,9.779088649963796e-09,1.3950840482834792e-09,0.05794761117408065,2.550693205538579e-05,0.00481782354277982,0.0
BKNG,1.0,0.0,0.0,0.0,0.0,0.0,0.0,0.0,0.0,0.0,0.0,0.0,0.0,2.4424906541753444e-12,0.0,0.0,0.0,0.0,0.0,0.0,0.0,0.0,0.0,0.0,0.0,0.0,0.0,0.0,0.0,0.0,0.0,0.0,0.0,0.0,1.3950840482834792e-09,0.0,0.0,0.0,4.440892098500626e-14,0.0,0.0,0.0,0.0,0.0,0.0,0.0,0.0,0.0,0.0,0.0,0.0,0.0,0.0,0.0,0.0,0.0,0.0,0.0,0.0,8.881784197001252e-13,0.0,0.0,0.0,0.0,5.995204332975845e-13,0.0,0.0,0.0,0.0,0.0,3.3528735343679728e-12,0.0,4.136291309464468e-09,0.0,0.0,0.0,0.0,1.5210055437364645e-11,0.0,2.550693205538579e-05,0.0,0.0,0.0,0.0,0.0,0.0,0.0,0.0,1.4995560349007064e-09,0.0,0.0,0.0,0.00481782354277982,0.0,3.226091560559752e-05,1.2958017348019268e-05,9.779088649963796e-09,3.148814542441869e-10,0.05794761117408065,0.0
BKR,1.0,0.0,0.0,0.0,0.0,0.0,0.0,4.440892098500626e-14,0.0,0.0,0.0,0.0,0.0,0.0,0.0,0.0,0.0,8.881784197001252e-13,0.0,0.0,5.995204332975845e-13,0.0,0.0,0.0,1.3950840482834792e-09,1.5210055437364645e-11,2.4424906541753444e-12,0.0,0.0,0.0,0.0,0.0,0.0,0.0,0.0,0.0,0.0,0.0,0.0,0.0,0.0,0.0,0.0,0.0,0.0,0.0,0.0,0.0,0.0,0.0,0.0,0.0,0.0,0.0,0.0,0.0,0.0,0.0,0.0,0.0,0.0,0.0,0.0,0.0,0.0,2.550693205538579e-05,0.0,0.0,4.136291309464468e-09,0.0,0.0,0.0,1.4995560349007064e-09,0.0,0.0,0.0,0.0,0.0,9.779088649963796e-09,3.3528735343679728e-12,0.0,0.0,0.0,0.0,0.0,0.0,0.0,0.0,0.0,0.0,0.0,0.00481782354277982,0.0,0.0,1.2958017348019268e-05,3.226091560559752e-05,0.0,3.148814542441869e-10,0.05794761117408065,0.0
CCEP,0.0,0.0,0.0,0.0,0.0,0.0,0.0,0.0,0.0,0.0,0.0,0.0,0.0,0.0,0.0,0.0,0.0,0.0,0.0,0.0,0.0,0.0,0.0,0.0,0.0,0.0,0.0,0.0,0.0,0.0,0.0,0.0,0.0,1.0,0.0,0.0,0.0,0.0,0.0,0.0,0.0,0.0,0.0,0.0,0.0,0.0,0.0,0.0,0.0,0.0,0.0,0.0,0.0,0.0,0.0,0.0,0.0,0.0,0.0,0.0,0.0,0.0,0.0,0.0,0.0,0.0,0.0,0.0,0.0,0.0,0.0,0.0,0.0,1.4995560349007064e-09,4.136291309464468e-09,0.0,0.0,0.0,0.0,0.0,0.0,1.2958017348019268e-05,0.0,3.3528735343679728e-12,0.0,0.0,0.0,3.226091560559752e-05,1.3950840482834792e-09,0.0,4.440892098500626e-14,1.5210055437364645e-11,0.05794761117408065,2.550693205538579e-05,9.779088649963796e-09,0.00481782354277982,5.995204332975845e-13,8.881784197001252e-13,2.4424906541753444e-12,3.148814542441869e-10
CDNS,1.0,0.0,0.0,0.0,0.0,0.0,0.0,0.0,0.0,0.0,0.0,0.0,0.0,0.0,0.0,0.0,0.0,0.0,0.0,0.0,0.0,0.0,0.0,0.0,0.0,0.0,0.0,0.0,0.0,0.0,0.0,0.0,0.0,0.0,0.0,0.0,0.0,0.0,0.0,0.0,0.0,0.0,0.0,0.0,0.0,1.4995560349007064e-09,0.0,0.0,0.0,0.0,0.0,0.0,0.0,0.0,0.0,0.0,0.0,0.0,0.0,0.0,0.0,0.0,0.0,0.0,0.0,0.0,0.0,0.0,0.0,1.5210055437364645e-11,3.3528735343679728e-12,2.4424906541753444e-12,5.995204332975845e-13,0.0,0.0,8.881784197001252e-13,0.0,0.0,0.0,0.0,1.3950840482834792e-09,0.0,0.0,4.440892098500626e-14,0.0,0.0,0.0,0.0,4.136291309464468e-09,1.2958017348019268e-05,0.0,0.0,0.0,3.226091560559752e-05,3.148814542441869e-10,9.779088649963796e-09,2.550693205538579e-05,0.00481782354277982,0.05794761117408065,0.0
CDW,1.0,0.0,0.0,0.0,0.0,0.0,0.0,0.0,0.0,0.0,0.0,0.0,0.0,0.0,0.0,0.0,0.0,0.0,0.0,0.0,0.0,0.0,0.0,0.0,0.0,0.0,0.0,0.0,0.0,0.0,0.0,0.0,0.0,0.0,0.0,0.0,0.0,0.0,0.0,0.0,0.0,0.0,0.0,0.0,0.0,0.0,0.0,0.0,0.0,0.0,0.0,0.0,0.0,0.0,0.0,0.0,0.0,0.0,0.0,0.0,0.0,0.0,0.0,0.0,0.0,0.0,0.0,0.0,0.0,0.0,0.0,0.0,0.0,0.0,0.0,0.0,0.0,0.0,0.0,0.0,1.3950840482834792e-09,3.148814542441869e-10,4.136291309464468e-09,1.5210055437364645e-11,1.2958017348019268e-05,3.3528735343679728e-12,0.0,0.0,5.995204332975845e-13,0.0,2.550693205538579e-05,0.05794761117408065,8.881784197001252e-13,4.440892098500626e-14,3.226091560559752e-05,9.779088649963796e-09,1.4995560349007064e-09,2.4424906541753444e-12,0.00481782354277982,0.0
CEG,1.0,0.0,0.0,0.0,0.0,0.0,0.0,0.0,0.0,0.0,0.0,0.0,0.0,0.0,0.0,0.0,0.0,0.0,0.0,0.0,0.0,0.0,0.0,0.0,0.0,0.0,0.0,0.0,0.0,0.0,0.0,0.0,0.0,0.0,0.0,0.0,0.0,0.0,0.0,0.0,0.0,0.0,0.0,0.0,0.0,0.0,0.0,0.0,0.0,0.0,0.0,0.0,0.0,0.0,0.0,0.0,0.0,0.0,0.0,0.0,0.0,0.0,0.0,0.0,0.0,0.0,0.0,0.0,0.0,0.0,0.0,3.148814542441869e-10,0.0,0.0,0.0,0.0,0.0,0.0,0.0,0.0,3.3528735343679728e-12,0.0,4.136291309464468e-09,0.0,1.3950840482834792e-09,9.779088649963796e-09,1.4995560349007064e-09,1.2958017348019268e-05,0.05794761117408065,3.226091560559752e-05,5.995204332975845e-13,0.0,4.440892098500626e-14,0.0,2.550693205538579e-05,8.881784197001252e-13,1.5210055437364645e-11,2.4424906541753444e-12,0.00481782354277982,0.0
CHTR,1.0,0.0,0.0,0.0,0.0,0.0,5.995204332975845e-13,0.0,0.0,0.0,4.440892098500626e-14,2.4424906541753444e-12,0.0,1.5210055437364645e-11,0.00481782354277982,0.0,0.0,1.3950840482834792e-09,0.0,0.0,0.0,0.0,0.0,0.0,8.881784197001252e-13,2.550693205538579e-05,0.0,0.0,0.0,0.0,0.0,0.0,0.0,0.0,0.0,1.4995560349007064e-09,0.0,0.0,0.0,0.0,0.0,0.0,4.136291309464468e-09,0.0,0.0,0.0,0.0,0.0,0.0,0.0,0.0,0.0,0.0,3.3528735343679728e-12,0.0,0.0,0.0,0.0,0.0,0.0,9.779088649963796e-09,0.0,0.0,0.0,0.0,0.0,0.0,0.0,0.0,0.0,0.0,0.0,0.0,0.0,0.0,0.0,0.0,0.0,0.0,0.0,0.0,0.0,0.0,0.0,0.0,0.0,0.0,0.0,0.0,0.0,0.0,0.0,0.0,3.226091560559752e-05,0.0,0.0,1.2958017348019268e-05,3.148814542441869e-10,0.05794761117408065,0.0
CMCSA,1.0,0.0,0.0,0.0,0.0,0.0,0.0,0.0,0.0,0.0,0.0,0.0,0.0,0.0,0.0,0.0,0.0,0.0,0.0,0.0,0.0,0.0,0.0,0.0,0.0,0.0,0.0,0.0,0.0,0.0,0.0,0.0,0.0,0.0,0.0,0.0,0.0,0.0,0.0,0.0,0.0,0.0,0.0,0.0,0.0,0.0,0.0,0.0,0.0,0.0,0.0,0.0,0.0,0.0,0.0,0.0,0.0,0.0,0.0,0.0,0.0,0.0,0.0,0.0,0.0,0.0,0.0,0.0,0.0,0.0,0.0,0.0,0.0,0.0,0.0,0.0,0.0,0.0,3.148814542441869e-10,0.0,0.0,0.0,9.779088649963796e-09,4.136291309464468e-09,1.3950840482834792e-09,0.0,1.4995560349007064e-09,1.2958017348019268e-05,1.5210055437364645e-11,5.995204332975845e-13,3.3528735343679728e-12,3.226091560559752e-05,0.0,8.881784197001252e-13,2.4424906541753444e-12,4.440892098500626e-14,0.05794761117408065,2.550693205538579e-05,0.00481782354277982,0.0
COST,1.0,0.0,0.0,0.0,0.0,0.0,0.0,0.0,0.0,0.0,0.0,0.0,0.0,0.0,0.0,0.0,0.0,0.0,0.0,0.0,0.0,0.0,0.0,0.0,0.0,0.0,0.0,0.0,0.0,0.0,0.0,0.0,0.0,0.0,0.0,0.0,0.0,0.0,0.0,0.0,0.0,0.0,0.0,0.0,0.0,0.0,0.0,0.0,0.0,0.0,0.0,0.0,0.0,0.0,0.0,0.0,0.0,0.0,0.0,0.0,0.0,0.0,0.0,0.0,0.0,0.0,0.0,0.0,0.0,0.0,0.0,0.0,0.0,0.0,0.0,0.0,0.0,0.0,0.0,0.0,1.4995560349007064e-09,0.0,0.0,0.0,3.3528735343679728e-12,5.995204332975845e-13,9.779088649963796e-09,1.3950840482834792e-09,4.136291309464468e-09,4.440892098500626e-14,8.881784197001252e-13,1.5210055437364645e-11,2.4424906541753444e-12,3.148814542441869e-10,2.550693205538579e-05,0.05794761117408065,3.226091560559752e-05,1.2958017348019268e-05,0.00481782354277982,0.0
CPRT,1.0,0.0,0.0,0.0,0.0,0.0,0.0,0.0,0.0,0.0,0.0,0.0,0.0,0.0,0.0,0.0,0.0,0.0,0.0,0.0,0.0,0.0,0.0,0.0,0.0,0.0,0.0,0.0,0.0,0.0,0.0,0.0,0.0,0.0,0.0,0.0,0.0,0.0,0.0,0.0,0.0,0.0,0.0,0.0,0.0,0.0,0.0,0.0,0.0,0.0,0.0,0.0,0.0,0.0,0.0,0.0,0.0,0.0,0.0,0.0,0.0,0.0,0.0,0.0,0.0,0.0,0.0,0.0,0.0,0.0,0.0,0.0,0.0,0.0,0.0,0.0,0.0,0.0,0.0,0.0,4.440892098500626e-14,0.0,3.148814542441869e-10,3.3528735343679728e-12,8.881784197001252e-13,4.136291309464468e-09,0.0,5.995204332975845e-13,3.226091560559752e-05,2.4424906541753444e-12,2.550693205538579e-05,9.779088649963796e-09,0.0,1.4995560349007064e-09,1.5210055437364645e-11,1.2958017348019268e-05,1.3950840482834792e-09,0.05794761117408065,0.00481782354277982,0.0
CRWD,1.0,0.0,0.0,0.0,0.0,0.0,0.0,0.0,0.0,0.0,0.0,0.0,0.0,0.0,0.0,0.0,0.0,0.0,0.0,0.0,0.0,0.0,0.0,0.0,0.0,0.0,0.0,0.0,0.0,0.0,0.0,0.0,0.0,0.0,0.0,0.0,0.0,0.0,0.0,0.0,0.0,0.0,0.0,0.0,0.0,0.0,0.0,0.0,0.0,0.0,0.0,0.0,0.0,0.0,0.0,0.0,0.0,0.0,0.0,0.0,0.0,0.0,0.0,0.0,0.0,0.0,0.0,0.0,0.0,0.0,0.0,0.0,0.0,0.0,0.0,0.0,0.0,0.0,0.0,0.0,0.0,4.136291309464468e-09,0.0,2.4424906541753444e-12,0.0,8.881784197001252e-13,5.995204332975845e-13,1.5210055437364645e-11,4.440892098500626e-14,3.3528735343679728e-12,1.4995560349007064e-09,1.3950840482834792e-09,9.779088649963796e-09,3.148814542441869e-10,3.226091560559752e-05,0.00481782354277982,1.2958017348019268e-05,2.550693205538579e-05,0.05794761117408065,0.0
CSCO,1.0,0.0,0.0,0.0,0.0,0.0,0.0,0.0,0.0,0.0,0.0,0.0,0.0,0.0,0.0,0.0,0.0,0.0,0.0,0.0,0.0,0.0,0.0,0.0,0.0,0.0,0.0,0.0,0.0,0.0,0.0,0.0,0.0,0.0,0.0,0.0,0.0,0.0,0.0,0.0,0.0,0.0,0.0,0.0,0.0,0.0,0.0,0.0,0.0,0.0,0.0,0.0,0.0,0.0,0.0,0.0,0.0,0.0,0.0,0.0,0.0,0.0,0.0,0.0,0.0,0.0,0.0,0.0,0.0,0.0,0.0,0.0,0.0,0.0,0.0,0.0,0.0,0.0,0.0,3.148814542441869e-10,4.136291309464468e-09,0.0,4.440892098500626e-14,0.0,1.5210055437364645e-11,1.3950840482834792e-09,1.2958017348019268e-05,3.3528735343679728e-12,3.226091560559752e-05,0.0,9.779088649963796e-09,1.4995560349007064e-09,0.0,2.550693205538579e-05,5.995204332975845e-13,8.881784197001252e-13,2.4424906541753444e-12,0.05794761117408065,0.00481782354277982,0.0
CSGP,0.0,1.5210055437364645e-11,0.0,2.4424906541753444e-12,8.881784197001252e-13,5.995204332975845e-13,4.440892098500626e-14,2.550693205538579e-05,0.0,0.0,0.0,0.0,0.0,0.0,0.0,0.0,0.0,1.3950840482834792e-09,0.0,0.0,0.0,0.0,0.0,0.0,0.0,1.4995560349007064e-09,4.136291309464468e-09,0.0,0.0,0.0,1.0,0.0,0.0,3.3528735343679728e-12,0.0,0.0,0.0,0.0,0.0,3.226091560559752e-05,0.0,0.0,0.0,0.0,0.0,0.0,1.2958017348019268e-05,0.0,9.779088649963796e-09,0.0,0.0,0.05794761117408065,0.0,0.0,0.0,0.0,0.0,0.0,0.0,0.0,0.0,0.0,0.0,0.0,0.0,0.0,0.0,0.0,0.0,0.0,0.0,0.0,0.0,0.0,0.0,3.148814542441869e-10,0.0,0.0,0.0,0.0,0.0,0.0,0.0,0.0,0.0,0.0,0.0,0.0,0.0,0.0,0.0,0.0,0.0,0.0,0.0,0.0,0.0,0.0,0.0,0.00481782354277982
CSX,1.0,0.0,0.0,0.0,0.0,0.0,0.0,0.0,0.0,0.0,0.0,0.0,0.0,0.0,0.0,0.0,0.0,0.0,0.0,0.0,0.0,0.0,0.0,0.0,0.0,0.0,0.0,0.0,0.0,0.0,0.0,0.0,0.0,0.0,0.0,0.0,0.0,0.0,0.0,0.0,0.0,0.0,0.0,0.0,0.0,0.0,0.0,0.0,0.0,0.0,0.0,0.0,0.0,0.0,0.0,0.0,0.0,0.0,0.0,0.0,0.0,0.0,0.0,0.0,0.0,0.0,0.0,0.0,0.0,0.0,0.0,0.0,0.0,0.0,0.0,0.0,0.0,3.148814542441869e-10,0.0,0.0,3.226091560559752e-05,4.136291309464468e-09,1.2958017348019268e-05,0.0,3.3528735343679728e-12,1.5210055437364645e-11,0.0,1.3950840482834792e-09,1.4995560349007064e-09,0.0,4.440892098500626e-14,5.995204332975845e-13,9.779088649963796e-09,8.881784197001252e-13,0.0,2.550693205538579e-05,2.4424906541753444e-12,0.05794761117408065,0.00481782354277982,0.0
CTAS,1.0,0.0,0.0,0.0,0.0,0.0,0.0,0.0,0.0,0.0,0.0,0.0,0.0,0.0,0.0,0.0,0.0,0.0,0.0,0.0,0.0,0.0,0.0,0.0,0.0,0.0,0.0,0.0,0.0,0.0,0.0,0.0,0.0,0.0,0.0,0.0,0.0,0.0,0.0,0.0,0.0,0.0,0.0,0.0,0.0,0.0,0.0,0.0,0.0,0.0,0.0,0.0,0.0,0.0,0.0,0.0,0.0,0.0,0.0,0.0,0.0,0.0,0.0,0.0,0.0,0.0,0.0,0.0,0.0,0.0,0.0,0.0,0.0,0.0,0.0,0.0,0.0,0.0,0.0,3.148814542441869e-10,3.3528735343679728e-12,0.0,0.0,4.136291309464468e-09,1.2958017348019268e-05,1.3950840482834792e-09,3.226091560559752e-05,0.0,1.5210055437364645e-11,9.779088649963796e-09,0.0,1.4995560349007064e-09,4.440892098500626e-14,5.995204332975845e-13,8.881784197001252e-13,2.4424906541753444e-12,2.550693205538579e-05,0.05794761117408065,0.00481782354277982,0.0
CTSH,1.0,0.0,0.0,0.0,0.0,0.0,0.0,0.0,0.0,0.0,0.0,0.0,0.0,0.0,0.0,0.0,0.0,0.0,0.0,0.0,0.0,0.0,0.0,0.0,0.0,0.0,0.0,0.0,0.0,0.0,0.0,0.0,0.0,0.0,0.0,0.0,0.0,0.0,0.0,0.0,0.0,0.0,0.0,0.0,0.0,0.0,0.0,0.0,0.0,0.0,0.0,0.0,0.0,0.0,0.0,0.0,0.0,0.0,0.0,0.0,0.0,0.0,0.0,0.0,0.0,0.0,0.0,0.0,0.0,0.0,0.0,0.0,0.0,0.0,1.3950840482834792e-09,0.0,0.0,0.0,0.0,0.0,3.148814542441869e-10,0.0,0.0,0.0,4.136291309464468e-09,0.0,4.440892098500626e-14,9.779088649963796e-09,3.3528735343679728e-12,1.4995560349007064e-09,1.5210055437364645e-11,2.550693205538579e-05,3.226091560559752e-05,1.2958017348019268e-05,8.881784197001252e-13,5.995204332975845e-13,2.4424906541753444e-12,0.05794761117408065,0.00481782354277982,0.0
DASH,1.0,0.0,0.0,0.0,0.0,0.0,0.0,0.0,0.0,0.0,0.0,0.0,0.0,0.0,0.0,0.0,0.0,0.0,0.0,0.0,0.0,0.0,0.0,0.0,0.0,0.0,0.0,0.0,0.0,0.0,0.0,0.0,0.0,3.148814542441869e-10,0.0,0.0,0.0,0.0,0.0,0.0,0.0,0.0,0.0,0.0,0.0,0.0,0.0,0.0,0.0,0.0,0.0,0.0,0.0,0.0,0.0,0.0,0.0,0.0,0.0,0.0,0.0,0.0,0.0,0.0,0.0,0.0,0.0,0.0,0.0,0.0,0.0,0.0,0.0,0.0,0.0,0.0,0.0,0.0,0.0,0.0,1.4995560349007064e-09,4.136291309464468e-09,0.0,0.0,3.3528735343679728e-12,0.0,1.3950840482834792e-09,1.2958017348019268e-05,0.0,1.5210055437364645e-11,3.226091560559752e-05,0.05794761117408065,9.779088649963796e-09,5.995204332975845e-13,4.440892098500626e-14,8.881784197001252e-13,2.4424906541753444e-12,2.550693205538579e-05,0.00481782354277982,0.0
DDOG,1.0,4.440892098500626e-14,0.0,0.0,0.0,0.0,0.0,0.0,0.0,0.0,0.00481782354277982,1.5210055437364645e-11,5.995204332975845e-13,0.0,0.0,2.4424906541753444e-12,0.0,0.0,0.0,0.0,8.881784197001252e-13,0.0,0.0,0.0,0.0,0.0,0.0,0.0,0.0,0.0,0.0,0.0,0.0,0.0,0.0,0.0,0.0,0.0,1.4995560349007064e-09,2.550693205538579e-05,1.3950840482834792e-09,0.0,0.0,0.0,0.0,0.0,0.0,0.0,0.0,0.0,0.0,0.0,0.0,0.0,0.0,0.0,0.0,0.0,0.0,0.0,0.0,0.0,0.0,0.0,0.0,4.136291309464468e-09,0.0,0.0,0.0,0.0,0.0,0.0,0.0,0.0,3.3528735343679728e-12,0.0,0.0,0.0,0.0,0.0,0.0,9.779088649963796e-09,0.0,0.0,0.0,0.0,0.0,0.0,0.0,0.0,0.0,0.0,0.0,0.0,3.226091560559752e-05,0.0,3.148814542441869e-10,0.05794761117408065,1.2958017348019268e-05,0.0
DXCM,1.0,0.0,0.0,0.0,0.0,0.0,0.0,0.0,0.0,0.0,0.0,0.0,0.0,0.0,0.0,0.0,0.0,0.0,0.0,0.0,0.0,0.0,0.0,0.0,0.0,0.0,0.0,0.0,0.0,0.0,0.0,0.0,0.0,0.0,0.0,0.0,0.0,0.0,0.0,0.0,0.0,0.0,0.0,0.0,0.0,0.0,0.0,0.0,0.0,0.0,0.0,0.0,0.0,0.0,0.0,0.0,0.0,0.0,0.0,0.0,0.0,0.0,0.0,0.0,0.0,0.0,0.0,0.0,0.0,0.0,0.0,0.0,0.0,0.0,0.0,0.0,0.0,0.0,0.0,3.148814542441869e-10,4.136291309464468e-09,0.0,0.0,1.4995560349007064e-09,9.779088649963796e-09,0.0,4.440892098500626e-14,3.3528735343679728e-12,0.0,1.5210055437364645e-11,3.226091560559752e-05,8.881784197001252e-13,2.4424906541753444e-12,1.2958017348019268e-05,2.550693205538579e-05,0.05794761117408065,1.3950840482834792e-09,5.995204332975845e-13,0.00481782354277982,0.0
EA,1.0,0.0,0.0,0.0,0.0,0.0,0.0,0.0,0.0,0.0,0.0,0.0,0.0,0.0,0.0,0.0,0.0,0.0,0.0,0.0,0.0,0.0,0.0,1.5210055437364645e-11,0.0,0.0,0.0,0.0,0.0,0.0,0.0,0.0,0.0,0.0,0.0,0.0,0.0,0.0,0.0,0.0,0.0,0.0,0.0,1.3950840482834792e-09,0.0,0.0,0.0,0.0,0.0,0.0,0.0,0.0,0.0,0.0,4.440892098500626e-14,0.0,0.0,0.0,0.0,1.2958017348019268e-05,0.0,0.0,0.0,0.0,0.0,0.0,0.0,0.0,0.0,0.0,0.0,0.0,4.136291309464468e-09,0.0,3.3528735343679728e-12,5.995204332975845e-13,0.0,8.881784197001252e-13,0.0,0.0,2.550693205538579e-05,0.0,0.0,3.226091560559752e-05,0.00481782354277982,0.0,2.4424906541753444e-12,0.0,0.0,0.0,0.0,0.0,0.0,0.0,1.4995560349007064e-09,0.0,9.779088649963796e-09,3.148814542441869e-10,0.05794761117408065,0.0
EXC,1.0,0.0,0.0,0.0,0.0,0.0,0.0,0.0,0.0,0.0,0.0,0.0,0.0,0.0,0.0,0.0,0.0,0.0,0.0,0.0,0.0,0.0,0.0,0.0,0.0,0.0,0.0,0.0,0.0,0.0,0.0,0.0,0.0,0.0,0.0,0.0,0.0,0.0,0.0,0.0,0.0,0.0,0.0,0.0,0.0,0.0,0.0,0.0,0.0,0.0,0.0,0.0,0.0,0.0,0.0,0.0,0.0,0.0,0.0,0.0,0.0,0.0,0.0,0.0,0.0,0.0,0.0,0.0,0.0,0.0,0.0,0.0,0.0,0.0,0.0,0.0,0.0,0.0,0.0,4.440892098500626e-14,0.0,0.0,4.136291309464468e-09,3.3528735343679728e-12,8.881784197001252e-13,0.0,0.0,2.4424906541753444e-12,5.995204332975845e-13,1.5210055437364645e-11,9.779088649963796e-09,1.2958017348019268e-05,1.4995560349007064e-09,1.3950840482834792e-09,3.226091560559752e-05,2.550693205538579e-05,3.148814542441869e-10,0.05794761117408065,0.00481782354277982,0.0
FANG,1.0,0.0,0.0,0.0,0.0,0.0,0.0,0.0,0.0,0.0,0.0,0.0,0.0,0.0,0.0,0.0,0.0,0.0,0.0,0.0,0.0,0.0,0.0,0.0,0.0,0.0,0.0,0.0,0.0,0.0,0.0,0.0,0.0,0.0,0.0,0.0,0.0,0.0,0.0,0.0,0.0,0.0,0.0,0.0,0.0,0.0,0.0,0.0,0.0,0.0,0.0,0.0,0.0,0.0,0.0,0.0,0.0,0.0,0.0,0.0,0.0,0.0,3.148814542441869e-10,0.0,0.0,0.0,0.0,0.0,0.0,0.0,0.0,0.0,0.0,0.0,0.0,0.0,0.0,0.0,3.3528735343679728e-12,0.0,0.0,4.136291309464468e-09,0.0,0.05794761117408065,1.2958017348019268e-05,0.0,0.0,0.0,4.440892098500626e-14,5.995204332975845e-13,1.3950840482834792e-09,9.779088649963796e-09,8.881784197001252e-13,1.4995560349007064e-09,1.5210055437364645e-11,2.4424906541753444e-12,3.226091560559752e-05,2.550693205538579e-05,0.00481782354277982,0.0
FAST,1.0,0.0,0.0,0.0,0.0,0.0,0.0,0.0,0.0,0.0,0.0,0.0,0.0,0.0,0.0,0.0,0.0,0.0,0.0,0.0,0.0,0.0,0.0,0.0,0.0,0.0,0.0,0.0,0.0,0.0,0.0,0.0,0.0,0.0,0.0,0.0,0.0,0.0,0.0,0.0,0.0,0.0,0.0,0.0,0.0,0.0,0.0,0.0,0.0,0.0,0.0,0.0,0.0,0.0,0.0,0.0,0.0,0.0,0.0,0.0,0.0,0.0,0.0,0.0,0.0,0.0,0.0,0.0,0.0,0.0,0.0,0.0,3.148814542441869e-10,0.0,0.0,0.0,0.0,0.0,0.0,0.0,0.0,4.136291309464468e-09,0.0,0.0,9.779088649963796e-09,1.4995560349007064e-09,1.2958017348019268e-05,3.3528735343679728e-12,1.3950840482834792e-09,4.440892098500626e-14,0.0,1.5210055437364645e-11,5.995204332975845e-13,8.881784197001252e-13,3.226091560559752e-05,2.550693205538579e-05,0.05794761117408065,2.4424906541753444e-12,0.00481782354277982,0.0
FTNT,1.0,0.0,0.0,0.0,0.0,0.0,0.0,0.0,0.0,0.0,0.0,0.0,0.0,2.4424906541753444e-12,0.0,0.0,0.0,0.0,0.0,0.0,0.0,0.0,0.0,0.0,0.0,0.0,0.0,0.0,0.0,0.0,0.0,0.0,0.0,0.0,0.0,0.0,0.0,0.0,0.0,0.0,0.0,0.0,0.0,0.0,0.0,0.0,0.0,0.0,0.0,0.0,0.0,0.0,0.0,0.0,0.0,8.881784197001252e-13,0.0,0.0,0.0,0.0,5.995204332975845e-13,0.0,0.0,0.0,0.0,0.0,0.0,0.0,0.0,0.0,0.0,1.3950840482834792e-09,3.3528735343679728e-12,0.0,0.0,0.0,0.0,0.0,0.0,0.0,0.0,0.0,0.0,4.440892098500626e-14,1.5210055437364645e-11,0.0,0.0,0.0,0.0,4.136291309464468e-09,2.550693205538579e-05,0.0,1.4995560349007064e-09,9.779088649963796e-09,0.00481782354277982,3.226091560559752e-05,1.2958017348019268e-05,0.05794761117408065,3.148814542441869e-10,0.0
GEHC,1.0,0.0,0.0,0.0,0.0,0.0,0.0,0.0,0.0,0.0,0.0,0.0,0.0,0.0,0.0,0.0,0.0,0.0,0.0,0.0,0.0,0.0,0.0,0.0,0.0,0.0,0.0,0.0,0.0,0.0,0.0,0.0,0.0,0.0,0.0,0.0,0.0,3.148814542441869e-10,0.0,0.0,0.0,0.0,0.0,0.0,0.0,0.0,0.0,0.0,0.0,0.0,0.0,0.0,0.0,0.0,0.0,0.0,0.0,0.0,0.0,0.0,0.0,0.0,0.0,0.0,0.0,0.0,0.0,0.0,0.0,0.0,0.0,0.0,0.0,0.0,0.0,0.0,0.0,0.0,0.0,0.0,4.136291309464468e-09,0.0,3.3528735343679728e-12,9.779088649963796e-09,0.0,0.0,1.4995560349007064e-09,0.0,1.5210055437364645e-11,1.2958017348019268e-05,1.3950840482834792e-09,4.440892098500626e-14,5.995204332975845e-13,3.226091560559752e-05,8.881784197001252e-13,0.05794761117408065,2.4424906541753444e-12,2.550693205538579e-05,0.00481782354277982,0.0
GFS,1.2958017348019268e-05,0.0,0.0,0.0,3.3528735343679728e-12,0.0,0.0,0.0,0.0,0.0,0.0,0.0,0.0,0.0,0.0,0.0,0.0,0.0,0.0,0.0,0.0,0.0,0.0,0.0,0.0,0.0,0.0,0.0,0.0,1.0,0.0,5.995204332975845e-13,0.0,8.881784197001252e-13,2.4424906541753444e-12,0.0,0.0,0.0,0.0,0.0,0.0,0.0,0.0,0.0,0.0,0.0,0.0,0.0,0.0,0.0,0.0,0.0,0.0,0.0,0.0,0.0,0.0,0.0,0.0,0.0,1.4995560349007064e-09,0.0,0.0,0.0,0.0,0.0,4.136291309464468e-09,0.0,0.0,0.0,0.0,0.0,0.0,0.0,0.0,0.0,0.0,4.440892098500626e-14,0.0,0.0,0.0,0.0,0.0,1.3950840482834792e-09,0.0,0.0,1.5210055437364645e-11,9.779088649963796e-09,0.00481782354277982,0.0,0.0,0.0,0.0,0.0,2.550693205538579e-05,0.0,0.05794761117408065,3.148814542441869e-10,0.0,3.226091560559752e-05
GILD,1.0,0.0,0.0,0.0,0.0,0.0,0.0,0.0,0.0,0.0,0.0,1.5210055437364645e-11,0.0,0.0,2.4424906541753444e-12,0.0,0.0,0.0,0.0,0.0,0.0,0.0,0.0,0.0,0.0,0.0,0.0,0.0,0.0,0.0,0.0,0.0,0.0,0.0,0.0,0.0,0.0,1.3950840482834792e-09,0.0,0.0,0.0,0.0,0.0,0.0,0.0,0.0,0.0,0.0,0.0,0.0,0.0,0.0,0.0,0.0,0.0,0.0,0.0,0.0,8.881784197001252e-13,0.0,0.0,0.0,5.995204332975845e-13,0.0,0.0,0.0,0.0,0.0,0.0,0.0,0.0,0.0,0.0,0.0,0.0,0.0,0.0,3.3528735343679728e-12,0.0,0.0,0.0,4.440892098500626e-14,0.0,0.0,0.0,0.0,0.0,0.0,1.4995560349007064e-09,0.0,4.136291309464468e-09,9.779088649963796e-09,2.550693205538579e-05,0.00481782354277982,0.0,0.05794761117408065,3.148814542441869e-10,3.226091560559752e-05,1.2958017348019268e-05,0.0
GOOG,0.0,0.0,0.0,4.440892098500626e-14,0.0,0.0,0.0,0.0,0.0,0.0,0.0,0.0,0.0,0.0,0.0,0.0,0.0,2.550693205538579e-05,0.0,0.0,0.0,0.0,0.0,0.0,0.0,0.0,0.0,0.0,0.0,0.0,0.0,0.0,0.0,0.0,9.779088649963796e-09,0.0,0.0,0.0,0.0,0.0,0.0,0.0,0.0,0.0,1.0,0.0,0.0,0.0,0.0,0.0,0.0,0.0,0.0,1.4995560349007064e-09,0.0,0.0,0.0,0.0,0.0,0.0,0.0,0.0,0.0,0.0,0.0,1.3950840482834792e-09,0.0,0.0,0.0,0.0,0.0,0.0,0.0,0.0,0.0,0.0,2.4424906541753444e-12,0.0,0.0,0.0,0.0,1.5210055437364645e-11,8.881784197001252e-13,0.0,0.0,0.0,0.0,0.0,0.0,0.0,0.00481782354277982,0.0,3.3528735343679728e-12,0.0,5.995204332975845e-13,3.148814542441869e-10,1.2958017348019268e-05,3.226091560559752e-05,0.05794761117408065,4.136291309464468e-09
GOOGL,0.0,0.0,0.0,0.0,0.0,2.4424906541753444e-12,0.0,0.0,0.0,4.440892098500626e-14,0.0,0.0,0.0,0.0,0.0,0.0,1.0,8.881784197001252e-13,5.995204332975845e-13,0.0,0.0,0.0,0.0,2.550693205538579e-05,0.0,0.0,0.0,0.0,4.136291309464468e-09,0.0,0.0,0.0,0.0,0.0,0.0,9.779088649963796e-09,0.0,1.3950840482834792e-09,0.0,0.0,0.0,0.0,0.0,0.0,0.0,0.0,0.0,0.0,0.0,0.0,0.0,0.0,0.0,0.0,0.0,0.0,0.0,0.0,0.0,3.3528735343679728e-12,0.0,0.0,0.0,0.0,0.0,0.0,0.0,1.5210055437364645e-11,0.0,0.0,0.0,0.0,0.0,0.0,0.0,0.0,0.0,0.0,0.0,0.00481782354277982,0.0,0.0,0.0,0.0,0.0,0.0,0.0,0.0,3.148814542441869e-10,3.226091560559752e-05,0.0,0.0,1.2958017348019268e-05,0.0,0.0,0.0,0.0,0.0,0.05794761117408065,1.4995560349007064e-09
HON,1.0,0.0,0.0,0.0,0.0,0.0,0.0,0.0,0.0,0.0,0.0,0.0,0.0,0.0,0.0,0.0,0.0,0.0,0.0,0.0,0.0,0.0,0.0,0.0,0.0,0.0,0.0,0.0,0.0,0.0,0.0,0.0,0.0,0.0,0.0,0.0,0.0,0.0,0.0,0.0,0.0,0.0,0.0,0.0,0.0,0.0,0.0,0.0,0.0,0.0,0.0,0.0,0.0,0.0,0.0,0.0,0.0,0.0,0.0,0.0,0.0,0.0,0.0,0.0,0.0,0.0,0.0,0.0,0.0,0.0,3.3528735343679728e-12,0.0,0.0,0.0,0.0,0.0,0.0,1.5210055437364645e-11,0.0,0.0,0.0,0.0,1.3950840482834792e-09,5.995204332975845e-13,0.0,0.0,8.881784197001252e-13,4.136291309464468e-09,2.4424906541753444e-12,0.0,4.440892098500626e-14,1.4995560349007064e-09,1.2958017348019268e-05,3.226091560559752e-05,3.148814542441869e-10,0.00481782354277982,2.550693205538579e-05,9.779088649963796e-09,0.05794761117408065,0.0
IDXX,1.0,0.0,0.0,0.0,0.0,0.0,0.0,0.0,0.0,0.0,0.0,0.0,0.0,0.0,0.0,0.0,0.0,0.0,0.0,0.0,0.0,0.0,0.0,0.0,0.0,0.0,0.0,0.0,0.0,0.0,0.0,0.0,0.0,0.0,0.0,0.0,0.0,0.0,0.0,0.0,0.0,0.0,0.0,0.0,0.0,0.0,0.0,0.0,0.0,0.0,0.0,0.0,0.0,0.0,0.0,0.0,0.0,0.0,0.0,0.0,0.0,0.0,0.0,0.0,0.0,0.0,0.0,0.0,0.0,0.0,0.0,0.0,0.0,0.0,0.0,0.0,0.0,0.0,0.0,3.148814542441869e-10,1.3950840482834792e-09,0.0,4.136291309464468e-09,1.4995560349007064e-09,3.3528735343679728e-12,0.0,9.779088649963796e-09,4.440892098500626e-14,0.0,1.5210055437364645e-11,1.2958017348019268e-05,0.0,5.995204332975845e-13,2.550693205538579e-05,8.881784197001252e-13,3.226091560559752e-05,2.4424906541753444e-12,0.05794761117408065,0.00481782354277982,0.0
INTC,1.0,0.0,0.0,0.0,0.0,0.0,0.0,0.0,0.0,0.0,0.0,0.0,0.0,0.0,0.0,0.0,0.0,0.0,0.0,0.0,0.0,0.0,0.0,0.0,0.0,0.0,0.0,0.0,0.0,0.0,0.0,0.0,0.0,0.0,0.0,0.0,0.0,0.0,0.0,0.0,0.0,0.0,0.0,0.0,0.0,0.0,0.0,0.0,0.0,0.0,0.0,0.0,0.0,0.0,0.0,0.0,0.0,0.0,0.0,0.0,0.0,0.0,0.0,0.0,0.0,0.0,0.0,0.0,0.0,0.0,0.0,0.0,0.0,0.0,0.0,0.0,0.0,0.0,0.0,0.0,0.0,1.3950840482834792e-09,0.0,1.5210055437364645e-11,4.136291309464468e-09,9.779088649963796e-09,3.3528735343679728e-12,3.148814542441869e-10,0.0,5.995204332975845e-13,1.4995560349007064e-09,1.2958017348019268e-05,3.226091560559752e-05,8.881784197001252e-13,2.4424906541753444e-12,4.440892098500626e-14,2.550693205538579e-05,0.05794761117408065,0.00481782354277982,0.0
INTU,1.0,0.0,0.0,0.0,0.0,0.0,0.0,0.0,0.0,0.0,0.0,0.0,0.0,0.0,0.0,0.0,0.0,0.0,0.0,0.0,0.0,0.0,0.0,0.0,0.0,0.0,0.0,0.0,0.0,0.0,0.0,0.0,0.0,0.0,0.0,0.0,0.0,0.0,0.0,0.0,0.0,0.0,0.0,0.0,0.0,0.0,0.0,0.0,0.0,0.0,0.0,0.0,0.0,0.0,0.0,0.0,0.0,0.0,0.0,0.0,0.0,0.0,0.0,0.0,0.0,0.0,0.0,0.0,0.0,0.0,0.0,0.0,0.0,0.0,0.0,0.0,0.0,0.0,0.0,0.0,3.3528735343679728e-12,3.148814542441869e-10,0.0,0.0,4.440892098500626e-14,4.136291309464468e-09,1.3950840482834792e-09,5.995204332975845e-13,2.4424906541753444e-12,8.881784197001252e-13,0.0,1.2958017348019268e-05,3.226091560559752e-05,1.5210055437364645e-11,9.779088649963796e-09,1.4995560349007064e-09,2.550693205538579e-05,0.05794761117408065,0.00481782354277982,0.0
ISRG,1.0,0.0,0.0,0.0,0.0,0.0,0.0,0.0,0.0,0.0,0.0,0.0,0.0,0.0,0.0,0.0,0.0,0.0,0.0,0.0,0.0,0.0,0.0,0.0,0.0,0.0,0.0,0.0,0.0,0.0,0.0,0.0,0.0,0.0,0.0,0.0,0.0,0.0,0.0,0.0,0.0,0.0,0.0,0.0,0.0,0.0,0.0,0.0,0.0,0.0,0.0,0.0,0.0,0.0,0.0,0.0,0.0,0.0,0.0,0.0,0.0,0.0,0.0,0.0,0.0,0.0,0.0,0.0,0.0,0.0,0.0,0.0,0.0,0.0,0.0,0.0,0.0,0.0,0.0,3.148814542441869e-10,0.0,0.0,3.3528735343679728e-12,1.4995560349007064e-09,4.136291309464468e-09,0.0,0.0,1.2958017348019268e-05,1.5210055437364645e-11,5.995204332975845e-13,3.226091560559752e-05,9.779088649963796e-09,1.3950840482834792e-09,4.440892098500626e-14,8.881784197001252e-13,2.4424906541753444e-12,2.550693205538579e-05,0.05794761117408065,0.00481782354277982,0.0
KDP,1.0,0.0,0.0,0.0,0.0,0.0,0.0,0.0,0.0,0.0,0.0,0.0,0.0,0.0,0.0,0.0,0.0,0.0,0.0,0.0,0.0,0.0,0.0,0.0,0.0,0.0,0.0,0.0,0.0,0.0,0.0,0.0,0.0,0.0,0.0,0.0,0.0,0.0,0.0,0.0,0.0,0.0,0.0,0.0,0.0,0.0,0.0,0.0,0.0,0.0,0.0,0.0,0.0,0.0,0.0,0.0,0.0,0.0,0.0,0.0,0.0,0.0,0.0,0.0,0.0,0.0,0.0,0.0,0.0,0.0,0.0,0.0,0.0,0.0,0.0,0.0,0.0,0.0,3.3528735343679728e-12,0.0,3.148814542441869e-10,0.0,0.0,0.0,3.226091560559752e-05,5.995204332975845e-13,4.136291309464468e-09,9.779088649963796e-09,8.881784197001252e-13,1.2958017348019268e-05,0.0,1.3950840482834792e-09,0.05794761117408065,1.4995560349007064e-09,2.4424906541753444e-12,1.5210055437364645e-11,4.440892098500626e-14,0.00481782354277982,2.550693205538579e-05,0.0
KHC,0.0,0.0,0.0,0.0,0.0,2.550693205538579e-05,0.0,5.995204332975845e-13,8.881784197001252e-13,0.00481782354277982,0.0,1.5210055437364645e-11,0.0,4.440892098500626e-14,0.0,0.0,0.0,3.3528735343679728e-12,0.0,1.0,1.4995560349007064e-09,0.0,0.0,0.0,0.0,0.0,0.0,0.0,0.0,0.0,0.0,0.0,0.0,0.0,0.0,0.0,0.0,1.3950840482834792e-09,0.0,0.0,0.0,0.0,0.0,0.0,0.0,0.0,4.136291309464468e-09,0.0,0.0,0.0,0.0,0.0,0.0,0.0,3.226091560559752e-05,0.0,0.0,0.0,0.0,0.0,0.0,0.0,9.779088649963796e-09,0.0,0.0,0.0,0.0,0.0,0.0,0.0,0.0,0.0,0.0,0.0,0.0,0.0,0.0,0.0,0.05794761117408065,0.0,0.0,0.0,0.0,0.0,0.0,1.2958017348019268e-05,0.0,0.0,0.0,0.0,0.0,0.0,0.0,0.0,0.0,0.0,0.0,0.0,3.148814542441869e-10,2.4424906541753444e-12
KLAC,1.0,0.0,0.0,0.0,0.0,0.0,0.0,0.0,0.0,0.0,0.0,0.0,0.0,0.0,0.0,0.0,0.0,0.0,0.0,0.0,0.0,0.0,0.0,0.0,0.0,0.0,0.0,0.0,0.0,0.0,0.0,0.0,0.0,0.0,0.0,0.0,0.0,0.0,0.0,0.0,0.0,0.0,0.0,0.0,0.0,0.0,0.0,0.0,0.0,0.0,0.0,0.0,0.0,0.0,0.0,0.0,0.0,0.0,0.0,0.0,0.0,0.0,0.0,0.0,0.0,0.0,0.0,0.0,0.0,0.0,0.0,0.0,0.0,0.0,0.0,0.0,3.148814542441869e-10,0.0,0.0,0.0,4.136291309464468e-09,0.0,0.0,9.779088649963796e-09,1.3950840482834792e-09,0.0,1.4995560349007064e-09,3.3528735343679728e-12,4.440892098500626e-14,0.0,1.5210055437364645e-11,2.550693205538579e-05,1.2958017348019268e-05,8.881784197001252e-13,5.995204332975845e-13,2.4424906541753444e-12,3.226091560559752e-05,0.05794761117408065,0.00481782354277982,0.0
LIN,1.0,0.0,0.0,0.0,0.0,0.0,0.0,0.0,0.0,0.0,0.0,0.0,0.0,0.0,0.0,0.0,0.0,0.0,0.0,0.0,0.0,0.0,0.0,0.0,0.0,0.0,0.0,0.0,0.0,0.0,0.0,0.0,0.0,0.0,0.0,0.0,0.0,0.0,0.0,0.0,0.0,0.0,0.0,0.0,0.0,0.0,0.0,0.0,0.0,0.0,0.0,0.0,0.0,0.0,0.0,0.0,0.0,0.0,0.0,0.0,0.0,0.0,0.0,0.0,0.0,0.0,0.0,0.0,0.0,0.0,0.0,0.0,0.0,0.0,0.0,0.0,3.148814542441869e-10,0.0,0.0,0.0,3.3528735343679728e-12,4.136291309464468e-09,0.0,1.4995560349007064e-09,0.0,1.3950840482834792e-09,1.2958017348019268e-05,0.0,0.0,3.226091560559752e-05,9.779088649963796e-09,0.05794761117408065,1.5210055437364645e-11,5.995204332975845e-13,4.440892098500626e-14,2.4424906541753444e-12,8.881784197001252e-13,2.550693205538579e-05,0.00481782354277982,0.0
LRCX,1.0,0.0,0.0,0.0,0.0,0.0,0.0,0.0,0.0,0.0,0.0,0.0,0.0,0.0,0.0,0.0,0.0,0.0,0.0,0.0,0.0,0.0,0.0,0.0,0.0,0.0,0.0,0.0,0.0,0.0,0.0,0.0,0.0,0.0,0.0,0.0,0.0,0.0,0.0,0.0,0.0,0.0,0.0,0.0,0.0,0.0,0.0,0.0,0.0,0.0,0.0,0.0,0.0,0.0,0.0,0.0,0.0,0.0,0.0,0.0,0.0,0.0,0.0,0.0,0.0,0.0,0.0,0.0,0.0,0.0,0.0,0.0,0.0,0.0,0.0,0.0,0.0,0.0,0.0,0.0,0.0,3.148814542441869e-10,0.0,4.136291309464468e-09,5.995204332975845e-13,2.4424906541753444e-12,0.0,1.5210055437364645e-11,1.4995560349007064e-09,8.881784197001252e-13,1.3950840482834792e-09,3.3528735343679728e-12,9.779088649963796e-09,4.440892098500626e-14,0.05794761117408065,2.550693205538579e-05,3.226091560559752e-05,1.2958017348019268e-05,0.00481782354277982,0.0
LULU,1.0,0.0,0.0,0.0,0.0,0.0,0.0,0.0,0.0,0.0,0.0,0.0,0.0,0.0,0.0,0.0,0.0,0.0,0.0,0.0,0.0,0.0,0.0,0.0,0.0,0.0,0.0,0.0,0.0,0.0,0.0,0.0,0.0,0.0,0.0,0.0,0.0,0.0,0.0,0.0,0.0,0.0,0.0,0.0,0.0,0.0,0.0,0.0,0.0,0.0,0.0,0.0,0.0,0.0,0.0,0.0,0.0,0.0,0.0,0.0,0.0,0.0,0.0,0.0,0.0,0.0,0.0,0.0,0.0,0.0,0.0,0.0,0.0,0.0,0.0,0.0,0.0,0.0,0.0,0.0,3.148814542441869e-10,0.0,0.0,4.136291309464468e-09,3.3528735343679728e-12,1.5210055437364645e-11,1.3950840482834792e-09,0.0,8.881784197001252e-13,1.4995560349007064e-09,5.995204332975845e-13,2.4424906541753444e-12,3.226091560559752e-05,9.779088649963796e-09,1.2958017348019268e-05,4.440892098500626e-14,2.550693205538579e-05,0.05794761117408065,0.00481782354277982,0.0
MAR,9.779088649963796e-09,0.0,4.440892098500626e-14,2.4424906541753444e-12,0.0,0.0,8.881784197001252e-13,0.0,0.0,0.0,0.0,0.0,1.5210055437364645e-11,4.136291309464468e-09,1.3950840482834792e-09,0.00481782354277982,0.0,5.995204332975845e-13,0.0,1.4995560349007064e-09,0.0,0.0,0.0,0.0,0.0,0.0,0.0,0.0,0.0,0.0,0.0,0.0,0.0,0.0,1.0,0.0,0.0,0.0,0.0,0.0,0.0,0.0,0.0,0.0,0.0,0.0,0.0,0.0,0.0,0.0,0.0,0.0,0.0,0.0,0.0,0.0,0.0,0.0,0.0,0.0,0.0,0.0,0.0,0.0,0.0,0.0,0.0,0.0,0.0,0.0,0.0,0.0,0.0,0.0,0.0,0.0,0.0,0.0,0.0,0.0,0.0,3.3528735343679728e-12,3.226091560559752e-05,0.0,0.0,0.0,0.0,0.0,0.0,0.0,1.2958017348019268e-05,0.0,0.05794761117408065,0.0,0.0,3.148814542441869e-10,0.0,0.0,0.0,2.550693205538579e-05
MCHP,1.0,0.0,0.0,0.0,0.0,0.0,0.0,0.0,0.0,0.0,0.0,0.0,0.0,0.0,0.0,0.0,0.0,0.0,0.0,0.0,0.0,0.0,0.0,0.0,0.0,0.0,0.0,0.0,0.0,0.0,0.0,0.0,0.0,0.0,0.0,0.0,0.0,0.0,0.0,0.0,0.0,0.0,0.0,0.0,0.0,0.0,0.0,0.0,0.0,0.0,0.0,0.0,0.0,0.0,0.0,0.0,0.0,0.0,0.0,0.0,0.0,0.0,0.0,0.0,0.0,0.0,0.0,0.0,0.0,0.0,0.0,0.0,0.0,0.0,0.0,0.0,0.0,3.148814542441869e-10,0.0,0.0,3.3528735343679728e-12,0.0,0.0,4.136291309464468e-09,1.3950840482834792e-09,1.2958017348019268e-05,0.0,5.995204332975845e-13,0.0,1.4995560349007064e-09,3.226091560559752e-05,1.5210055437364645e-11,9.779088649963796e-09,0.05794761117408065,2.4424906541753444e-12,8.881784197001252e-13,4.440892098500626e-14,2.550693205538579e-05,0.00481782354277982,0.0
MDB,1.0,0.0,0.0,0.0,0.0,0.0,0.0,0.0,0.0,0.0,0.0,0.0,0.0,0.0,0.0,0.0,0.0,0.0,0.0,0.0,0.0,0.0,0.0,0.0,0.0,0.0,0.0,0.0,0.0,0.0,0.0,0.0,0.0,0.0,0.0,0.0,0.0,0.0,0.0,0.0,0.0,0.0,0.0,0.0,0.0,0.0,0.0,0.0,0.0,0.0,0.0,0.0,0.0,0.0,0.0,0.0,0.0,0.0,0.0,0.0,0.0,0.0,0.0,0.0,0.0,0.0,0.0,0.0,0.0,0.0,0.0,0.0,0.0,0.0,0.0,0.0,0.0,0.0,0.0,3.148814542441869e-10,0.0,0.0,4.136291309464468e-09,1.3950840482834792e-09,3.3528735343679728e-12,1.2958017348019268e-05,3.226091560559752e-05,9.779088649963796e-09,1.5210055437364645e-11,0.0,0.0,4.440892098500626e-14,1.4995560349007064e-09,5.995204332975845e-13,2.550693205538579e-05,8.881784197001252e-13,2.4424906541753444e-12,0.05794761117408065,0.00481782354277982,0.0
MDLZ,1.0,0.0,0.0,0.0,0.0,0.0,0.0,0.0,0.0,0.0,0.0,0.0,0.0,0.0,0.0,0.0,0.0,0.0,0.0,0.0,0.0,0.0,0.0,0.0,0.0,0.0,0.0,0.0,0.0,0.0,0.0,0.0,0.0,0.0,0.0,0.0,0.0,0.0,0.0,0.0,0.0,0.0,0.0,0.0,0.0,0.0,0.0,0.0,0.0,0.0,0.0,0.0,0.0,0.0,0.0,0.0,0.0,0.0,0.0,0.0,0.0,0.0,0.0,0.0,0.0,0.0,0.0,0.0,0.0,3.148814542441869e-10,0.0,0.0,0.0,0.0,3.3528735343679728e-12,0.0,0.0,0.0,0.0,0.0,0.0,0.0,0.0,4.136291309464468e-09,1.4995560349007064e-09,9.779088649963796e-09,4.440892098500626e-14,5.995204332975845e-13,0.0,1.3950840482834792e-09,1.2958017348019268e-05,0.05794761117408065,8.881784197001252e-13,1.5210055437364645e-11,0.0,2.4424906541753444e-12,3.226091560559752e-05,2.550693205538579e-05,0.00481782354277982,0.0
MELI,4.440892098500626e-14,0.00481782354277982,3.3528735343679728e-12,0.0,0.0,1.5210055437364645e-11,0.0,0.0,0.0,0.0,0.0,2.4424906541753444e-12,0.0,5.995204332975845e-13,0.0,0.0,0.0,0.0,2.550693205538579e-05,1.0,0.0,0.0,0.0,0.0,0.0,0.0,0.0,0.0,1.4995560349007064e-09,0.0,0.0,0.0,0.0,0.0,0.0,0.0,0.0,0.0,0.0,0.0,0.0,0.0,0.0,0.0,0.0,0.0,0.0,0.0,0.0,0.0,1.3950840482834792e-09,4.136291309464468e-09,0.0,0.0,0.0,0.0,0.0,3.226091560559752e-05,0.0,0.0,0.0,0.0,0.0,9.779088649963796e-09,0.0,0.0,0.0,0.0,0.0,0.0,0.0,0.0,0.0,0.0,0.0,0.0,0.0,0.0,1.2958017348019268e-05,0.0,0.0,0.0,0.0,0.0,0.0,0.0,0.0,0.0,0.0,0.0,0.0,0.0,0.05794761117408065,0.0,0.0,0.0,0.0,0.0,3.148814542441869e-10,8.881784197001252e-13
META,1.0,0.0,0.0,0.0,0.0,0.0,0.0,0.0,0.0,0.0,0.0,0.0,0.0,0.0,0.0,0.0,0.0,0.0,0.0,0.0,0.0,0.0,0.0,0.0,0.0,0.0,0.0,0.0,0.0,0.0,0.0,0.0,0.0,0.0,0.0,0.0,0.0,0.0,0.0,0.0,0.0,0.0,0.0,0.0,0.0,0.0,0.0,0.0,0.0,0.0,0.0,0.0,0.0,0.0,0.0,0.0,0.0,0.0,0.0,0.0,0.0,0.0,0.0,0.0,0.0,0.0,0.0,0.0,0.0,0.0,0.0,0.0,0.0,0.0,0.0,0.0,0.0,0.0,0.0,3.148814542441869e-10,0.0,0.0,0.0,3.3528735343679728e-12,4.136291309464468e-09,0.0,1.4995560349007064e-09,5.995204332975845e-13,4.440892098500626e-14,2.4424906541753444e-12,1.3950840482834792e-09,8.881784197001252e-13,9.779088649963796e-09,1.5210055437364645e-11,1.2958017348019268e-05,3.226091560559752e-05,2.550693205538579e-05,0.05794761117408065,0.00481782354277982,0.0
MNST,0.0,0.0,0.0,0.0,0.0,0.0,0.0,0.0,0.0,0.0,0.0,0.0,0.0,0.0,0.0,0.0,0.0,4.440892098500626e-14,0.0,0.0,0.0,0.0,2.550693205538579e-05,0.0,0.0,0.0,0.0,1.0,0.0,0.0,0.0,0.0,0.0,0.0,1.5210055437364645e-11,0.0,0.0,5.995204332975845e-13,0.0,0.0,0.0,0.0,0.0,0.0,4.136291309464468e-09,1.4995560349007064e-09,2.4424906541753444e-12,0.0,0.0,0.0,0.0,0.0,0.0,0.0,3.3528735343679728e-12,0.0,0.0,0.0,0.0,0.0,0.0,0.00481782354277982,0.0,0.0,0.0,8.881784197001252e-13,0.0,0.0,9.779088649963796e-09,0.0,0.0,0.0,0.0,0.0,0.0,0.0,0.0,0.0,0.0,0.0,0.0,0.0,0.0,0.0,0.0,0.0,0.0,0.0,0.0,0.0,0.0,0.0,0.0,3.226091560559752e-05,0.0,1.2958017348019268e-05,0.0,3.148814542441869e-10,0.05794761117408065,1.3950840482834792e-09
MRVL,1.0,0.0,0.0,0.0,0.0,0.0,0.0,0.0,0.0,0.0,0.0,0.0,0.0,0.0,0.0,1.5210055437364645e-11,0.0,0.0,2.4424906541753444e-12,0.0,0.0,0.0,0.0,0.0,0.0,0.0,0.0,0.0,0.0,0.0,0.0,0.0,0.0,0.0,0.0,0.0,0.0,0.0,0.0,0.0,0.0,1.3950840482834792e-09,0.0,0.0,0.0,0.0,0.0,0.0,0.0,0.0,3.3528735343679728e-12,8.881784197001252e-13,0.0,0.0,0.0,0.0,0.0,0.0,0.0,0.0,0.0,0.0,0.0,0.0,0.0,0.0,0.0,0.0,0.0,0.0,5.995204332975845e-13,0.0,0.0,0.0,0.0,0.0,0.0,0.0,0.0,0.0,0.0,4.440892098500626e-14,0.0,0.0,0.0,2.550693205538579e-05,0.0,0.0,4.136291309464468e-09,0.0,0.0,1.4995560349007064e-09,0.0,9.779088649963796e-09,3.226091560559752e-05,1.2958017348019268e-05,0.00481782354277982,3.148814542441869e-10,0.05794761117408065,0.0
MSFT,1.0,0.0,0.0,0.0,0.0,0.0,0.0,0.0,0.0,0.0,0.0,0.0,0.0,0.0,0.0,0.0,0.0,0.0,0.0,0.0,0.0,0.0,0.0,0.0,0.0,0.0,0.0,0.0,0.0,0.0,0.0,0.0,0.0,0.0,0.0,0.0,0.0,0.0,0.0,0.0,0.0,0.0,0.0,0.0,0.0,0.0,0.0,0.0,0.0,0.0,0.0,0.0,0.0,0.0,0.0,0.0,0.0,0.0,0.0,0.0,0.0,0.0,0.0,0.0,0.0,0.0,0.0,0.0,0.0,0.0,0.0,0.0,0.0,0.0,0.0,0.0,0.0,0.0,0.0,0.0,0.0,3.148814542441869e-10,4.136291309464468e-09,3.3528735343679728e-12,5.995204332975845e-13,0.0,1.5210055437364645e-11,4.440892098500626e-14,1.4995560349007064e-09,8.881784197001252e-13,9.779088649963796e-09,0.0,3.226091560559752e-05,2.4424906541753444e-12,1.2958017348019268e-05,1.3950840482834792e-09,0.05794761117408065,2.550693205538579e-05,0.00481782354277982,0.0
MSTR,1.0,0.0,0.0,0.0,0.0,0.0,0.0,0.0,0.0,0.0,0.0,0.0,0.0,0.0,0.0,0.0,0.0,0.0,0.0,0.0,0.0,0.0,0.0,0.0,0.0,0.0,0.0,0.0,0.0,0.0,0.0,0.0,0.0,0.0,0.0,0.0,0.0,0.0,0.0,0.0,0.0,0.0,0.0,0.0,0.0,0.0,0.0,0.0,0.0,0.0,0.0,0.0,0.0,0.0,0.0,0.0,0.0,0.0,0.0,0.0,0.0,0.0,0.0,0.0,0.0,0.0,0.0,0.0,0.0,0.0,0.0,0.0,0.0,0.0,0.0,0.0,0.0,0.0,0.0,0.0,0.0,3.3528735343679728e-12,0.0,3.148814542441869e-10,0.0,5.995204332975845e-13,4.136291309464468e-09,1.3950840482834792e-09,4.440892098500626e-14,9.779088649963796e-09,1.5210055437364645e-11,2.4424906541753444e-12,1.4995560349007064e-09,2.550693205538579e-05,8.881784197001252e-13,1.2958017348019268e-05,3.226091560559752e-05,0.05794761117408065,0.00481782354277982,0.0
MU,1.0,0.0,0.0,0.0,0.0,0.0,0.0,0.0,0.0,0.0,0.0,0.0,0.0,0.0,0.0,0.0,0.0,0.0,0.0,0.0,0.0,0.0,0.0,0.0,0.0,0.0,0.0,0.0,0.0,0.0,0.0,0.0,0.0,0.0,0.0,0.0,0.0,3.148814542441869e-10,0.0,0.0,0.0,0.0,0.0,0.0,0.0,0.0,0.0,0.0,0.0,0.0,0.0,0.0,0.0,0.0,0.0,0.0,0.0,0.0,0.0,0.0,0.0,0.0,0.0,0.0,0.0,0.0,0.0,0.0,0.0,0.0,0.0,0.0,0.0,0.0,0.0,0.0,0.0,0.0,0.0,0.0,0.0,3.226091560559752e-05,4.136291309464468e-09,3.3528735343679728e-12,1.2958017348019268e-05,0.0,0.0,1.5210055437364645e-11,1.4995560349007064e-09,5.995204332975845e-13,0.0,1.3950840482834792e-09,0.05794761117408065,4.440892098500626e-14,9.779088649963796e-09,8.881784197001252e-13,2.4424906541753444e-12,2.550693205538579e-05,0.00481782354277982,0.0
NFLX,1.0,0.0,0.0,0.0,0.0,0.0,0.0,0.0,0.0,0.0,0.0,0.0,0.0,0.0,0.0,0.0,0.0,0.0,0.0,0.0,0.0,0.0,0.0,0.0,0.0,0.0,0.0,0.0,0.0,0.0,0.0,0.0,0.0,0.0,0.0,0.0,0.0,0.0,0.0,0.0,0.0,0.0,0.0,0.0,0.0,0.0,0.0,0.0,0.0,0.0,0.0,0.0,0.0,0.0,0.0,0.0,0.0,0.0,0.0,0.0,0.0,0.0,0.0,0.0,0.0,0.0,0.0,0.0,0.0,0.0,0.0,0.0,0.0,0.0,0.0,0.0,0.0,0.0,0.0,3.148814542441869e-10,0.0,0.0,1.4995560349007064e-09,4.136291309464468e-09,4.440892098500626e-14,3.3528735343679728e-12,0.0,0.0,1.5210055437364645e-11,1.2958017348019268e-05,3.226091560559752e-05,1.3950840482834792e-09,5.995204332975845e-13,9.779088649963796e-09,2.550693205538579e-05,0.05794761117408065,8.881784197001252e-13,2.4424906541753444e-12,0.00481782354277982,0.0
NVDA,1.0,0.0,0.0,0.0,0.0,0.0,0.0,0.0,0.0,0.0,0.0,0.0,0.0,0.0,0.0,0.0,0.0,0.0,0.0,1.5210055437364645e-11,0.0,0.0,0.0,0.0,0.0,0.0,0.0,0.0,0.0,0.0,0.0,0.0,0.0,0.0,0.0,0.0,0.0,0.0,0.0,0.0,0.0,0.0,0.0,0.0,0.0,0.0,0.0,4.440892098500626e-14,0.0,0.0,0.0,0.0,0.0,0.0,0.0,0.0,0.0,0.0,0.0,0.0,1.4995560349007064e-09,0.0,0.0,0.0,0.0,0.0,0.0,0.0,0.0,0.0,0.0,0.0,0.0,0.0,0.0,1.3950840482834792e-09,0.0,0.0,4.136291309464468e-09,2.4424906541753444e-12,0.0,8.881784197001252e-13,5.995204332975845e-13,0.0,0.0,0.0,0.0,0.0,0.00481782354277982,2.550693205538579e-05,0.0,0.0,3.148814542441869e-10,9.779088649963796e-09,0.0,3.3528735343679728e-12,3.226091560559752e-05,1.2958017348019268e-05,0.05794761117408065,0.0
NXPI,3.226091560559752e-05,0.0,0.0,0.0,0.0,0.0,0.0,0.0,3.3528735343679728e-12,0.0,0.0,0.0,0.0,0.0,0.0,0.0,0.0,0.0,0.0,0.0,0.0,0.0,0.0,1.0,0.0,0.0,0.0,0.0,0.0,0.0,0.0,0.0,0.0,0.0,0.0,0.0,0.0,0.0,0.0,0.0,0.0,0.0,0.0,0.0,0.0,0.0,0.0,0.0,0.0,0.0,0.0,0.0,0.0,5.995204332975845e-13,0.0,0.0,0.0,0.0,0.0,0.0,0.0,0.0,0.0,0.0,1.4995560349007064e-09,0.0,4.136291309464468e-09,0.0,0.0,0.0,0.0,0.0,0.0,0.0,8.881784197001252e-13,0.0,0.0,0.0,0.0,3.148814542441869e-10,0.0,0.0,0.0,0.0,1.3950840482834792e-09,4.440892098500626e-14,0.0,0.0,2.4424906541753444e-12,1.5210055437364645e-11,0.0,0.0,0.00481782354277982,9.779088649963796e-09,0.05794761117408065,2.550693205538579e-05,0.0,0.0,0.0,1.2958017348019268e-05
ODFL,1.0,0.0,0.0,0.0,0.0,0.0,0.0,0.0,0.0,0.0,0.0,0.0,0.0,0.0,0.0,0.0,0.0,0.0,0.0,0.0,0.0,0.0,0.0,0.0,0.0,0.0,0.0,0.0,0.0,0.0,0.0,0.0,0.0,0.0,0.0,0.0,0.0,0.0,0.0,0.0,0.0,0.0,0.0,0.0,0.0,0.0,0.0,0.0,0.0,0.0,0.0,0.0,0.0,0.0,0.0,0.0,0.0,0.0,0.0,0.0,0.0,0.0,0.0,0.0,0.0,0.0,0.0,0.0,0.0,0.0,0.0,0.0,0.0,0.0,0.0,0.0,0.0,0.0,0.0,3.3528735343679728e-12,0.0,1.3950840482834792e-09,4.136291309464468e-09,0.0,3.148814542441869e-10,0.0,0.0,5.995204332975845e-13,1.4995560349007064e-09,1.5210055437364645e-11,2.4424906541753444e-12,9.779088649963796e-09,4.440892098500626e-14,0.05794761117408065,8.881784197001252e-13,1.2958017348019268e-05,3.226091560559752e-05,2.550693205538579e-05,0.00481782354277982,0.0
ON,2.4424906541753444e-12,1.5210055437364645e-11,0.0,0.0,8.881784197001252e-13,0.0,3.3528735343679728e-12,0.0,0.0,0.0,0.0,0.0,0.0,0.0,0.00481782354277982,0.0,1.0,0.0,0.0,0.0,0.0,0.0,0.0,0.0,0.0,2.550693205538579e-05,0.0,0.0,0.0,0.0,0.0,1.4995560349007064e-09,4.440892098500626e-14,0.0,0.0,0.0,1.3950840482834792e-09,0.0,0.0,0.0,0.0,0.0,0.0,0.0,0.0,0.0,0.0,0.0,0.0,0.0,0.0,0.0,0.0,0.0,0.0,0.0,0.0,0.0,0.0,0.0,0.0,3.226091560559752e-05,0.0,9.779088649963796e-09,0.0,0.0,0.0,0.0,0.0,0.0,0.0,0.0,0.0,0.0,0.0,0.0,0.0,1.2958017348019268e-05,4.136291309464468e-09,0.0,0.0,0.0,0.0,0.0,0.0,0.0,0.0,0.0,0.0,0.0,0.0,0.0,0.0,0.0,0.0,0.05794761117408065,0.0,0.0,3.148814542441869e-10,5.995204332975845e-13
ORLY,1.0,0.0,0.0,0.0,0.0,0.0,0.0,0.0,0.0,0.0,0.0,0.0,0.0,0.0,0.0,0.0,0.0,0.0,0.0,0.0,0.0,0.0,0.0,0.0,0.0,0.0,0.0,0.0,0.0,0.0,1.3950840482834792e-09,0.0,0.0,0.0,0.0,0.0,0.0,0.0,0.0,0.0,0.0,0.0,0.0,0.0,0.0,0.0,0.0,0.0,0.0,0.0,0.0,0.0,0.0,0.0,0.0,0.0,0.0,0.0,0.0,0.0,0.0,0.0,0.0,0.0,0.0,0.0,0.0,0.0,0.0,0.0,0.0,0.0,0.0,0.0,0.0,0.0,0.0,0.0,0.0,0.0,4.440892098500626e-14,0.0,0.0,0.0,1.5210055437364645e-11,3.3528735343679728e-12,0.0,4.136291309464468e-09,9.779088649963796e-09,3.148814542441869e-10,5.995204332975845e-13,8.881784197001252e-13,2.4424906541753444e-12,1.4995560349007064e-09,2.550693205538579e-05,3.226091560559752e-05,1.2958017348019268e-05,0.00481782354277982,0.05794761117408065,0.0
PANW,1.0,0.0,0.0,0.0,0.0,0.0,0.0,0.0,0.0,0.0,0.0,0.0,0.0,0.0,0.0,0.0,0.0,0.0,0.0,0.0,0.0,0.0,0.0,0.0,0.0,0.0,0.0,0.0,0.0,0.0,0.0,0.0,0.0,0.0,0.0,0.0,0.0,0.0,0.0,0.0,0.0,0.0,0.0,0.0,0.0,0.0,0.0,0.0,0.0,0.0,0.0,0.0,0.0,0.0,0.0,0.0,0.0,0.0,5.995204332975845e-13,0.0,0.0,0.0,0.0,0.0,0.0,3.3528735343679728e-12,0.0,0.0,0.0,0.0,0.0,0.0,0.0,0.0,8.881784197001252e-13,0.0,0.0,0.0,0.0,0.0,9.779088649963796e-09,0.0,0.0,2.4424906541753444e-12,0.0,0.0,1.4995560349007064e-09,0.0,4.136291309464468e-09,0.0,1.5210055437364645e-11,4.440892098500626e-14,2.550693205538579e-05,3.148814542441869e-10,3.226091560559752e-05,1.3950840482834792e-09,1.2958017348019268e-05,0.05794761117408065,0.00481782354277982,0.0
PAYX,1.0,0.0,0.0,0.0,0.0,0.0,0.0,0.0,0.0,0.0,0.0,0.0,0.0,0.0,0.0,0.0,0.0,0.0,0.0,0.0,0.0,0.0,0.0,0.0,0.0,0.0,0.0,0.0,0.0,0.0,0.0,0.0,0.0,0.0,0.0,0.0,0.0,0.0,0.0,0.0,0.0,0.0,0.0,0.0,0.0,0.0,0.0,0.0,0.0,0.0,0.0,0.0,0.0,0.0,0.0,0.0,0.0,0.0,0.0,0.0,0.0,0.0,0.0,0.0,4.440892098500626e-14,0.0,0.0,0.0,0.0,0.0,0.0,0.0,0.0,0.0,0.0,0.0,1.5210055437364645e-11,0.0,0.0,0.0,0.0,9.779088649963796e-09,0.0,0.0,0.0,4.136291309464468e-09,3.148814542441869e-10,1.3950840482834792e-09,0.0,8.881784197001252e-13,1.4995560349007064e-09,5.995204332975845e-13,2.4424906541753444e-12,3.3528735343679728e-12,0.00481782354277982,2.550693205538579e-05,1.2958017348019268e-05,3.226091560559752e-05,0.05794761117408065,0.0
PCAR,1.0,0.0,0.0,0.0,0.0,0.0,0.0,0.0,0.0,0.0,0.0,0.0,0.0,1.5210055437364645e-11,0.0,0.0,2.4424906541753444e-12,0.0,0.0,0.0,0.0,0.0,0.0,0.0,0.0,0.0,0.0,0.0,0.0,0.0,0.0,0.0,0.0,0.0,0.0,0.0,0.0,0.0,0.0,0.0,0.0,0.0,0.0,0.0,0.0,0.0,0.0,0.0,4.136291309464468e-09,0.0,0.0,0.0,0.0,0.0,0.0,0.0,0.0,8.881784197001252e-13,0.0,0.0,0.0,0.0,0.0,0.0,0.0,0.0,0.0,0.0,0.0,5.995204332975845e-13,0.0,0.0,0.0,0.0,0.0,0.0,0.0,0.0,0.0,0.0,0.0,0.0,0.0,1.3950840482834792e-09,0.0,0.0,0.0,3.3528735343679728e-12,0.0,4.440892098500626e-14,0.0,2.550693205538579e-05,9.779088649963796e-09,3.226091560559752e-05,1.4995560349007064e-09,1.2958017348019268e-05,0.00481782354277982,3.148814542441869e-10,0.05794761117408065,0.0
PDD,1.0,0.0,0.0,0.0,0.0,0.0,0.0,0.0,0.0,0.0,0.0,0.0,0.0,0.0,0.0,0.0,0.0,0.0,0.0,0.0,0.0,0.0,0.0,0.0,0.0,0.0,0.0,0.0,0.0,0.0,0.0,0.0,0.0,0.0,0.0,0.0,0.0,0.0,0.0,0.0,0.0,0.0,0.0,0.0,0.0,0.0,0.0,0.0,0.0,0.0,0.0,0.0,0.0,0.0,0.0,0.0,0.0,0.0,0.0,0.0,0.0,0.0,0.0,0.0,0.0,0.0,0.0,0.0,0.0,0.0,0.0,4.136291309464468e-09,0.0,0.0,0.0,3.148814542441869e-10,0.0,0.0,0.0,0.0,0.0,0.0,0.0,3.3528735343679728e-12,0.0,1.4995560349007064e-09,1.3950840482834792e-09,4.440892098500626e-14,0.0,9.779088649963796e-09,3.226091560559752e-05,1.2958017348019268e-05,2.550693205538579e-05,2.4424906541753444e-12,8.881784197001252e-13,5.995204332975845e-13,1.5210055437364645e-11,0.05794761117408065,0.00481782354277982,0.0
PEP,1.0,0.0,0.0,0.0,0.0,0.0,0.0,0.0,0.0,0.0,0.0,0.0,0.0,0.0,0.0,0.0,0.0,0.0,0.0,0.0,0.0,0.0,0.0,0.0,0.0,0.0,0.0,0.0,0.0,0.0,0.0,0.0,0.0,0.0,0.0,0.0,0.0,0.0,0.0,0.0,0.0,0.0,0.0,0.0,0.0,0.0,0.0,0.0,0.0,0.0,0.0,0.0,0.0,0.0,0.0,0.0,0.0,0.0,0.0,0.0,0.0,0.0,0.0,0.0,0.0,0.0,0.0,0.0,0.0,0.0,0.0,0.0,0.0,0.0,0.0,0.0,0.0,0.0,0.0,3.148814542441869e-10,3.3528735343679728e-12,4.136291309464468e-09,0.0,0.0,1.3950840482834792e-09,0.0,0.0,5.995204332975845e-13,1.4995560349007064e-09,9.779088649963796e-09,1.5210055437364645e-11,4.440892098500626e-14,2.4424906541753444e-12,1.2958017348019268e-05,8.881784197001252e-13,3.226091560559752e-05,0.05794761117408065,2.550693205538579e-05,0.00481782354277982,0.0
PLTR,1.0,0.0,0.0,0.0,0.0,0.0,0.0,0.0,0.0,0.0,0.0,0.0,0.0,0.0,0.0,0.0,0.0,0.0,0.0,0.0,0.0,0.0,0.0,0.0,0.0,0.0,0.0,0.0,0.0,0.0,0.0,0.0,0.0,0.0,0.0,0.0,0.0,0.0,0.0,0.0,0.0,0.0,0.0,0.0,0.0,0.0,0.0,0.0,0.0,0.0,0.0,0.0,0.0,0.0,0.0,0.0,0.0,0.0,0.0,0.0,0.0,0.0,0.0,0.0,0.0,0.0,0.0,3.148814542441869e-10,0.0,0.0,0.0,0.0,0.0,0.0,0.0,0.0,0.0,0.0,0.0,0.0,0.0,1.3950840482834792e-09,4.136291309464468e-09,0.0,3.3528735343679728e-12,0.0,1.4995560349007064e-09,0.0,1.5210055437364645e-11,1.2958017348019268e-05,3.226091560559752e-05,9.779088649963796e-09,0.05794761117408065,5.995204332975845e-13,4.440892098500626e-14,2.4424906541753444e-12,8.881784197001252e-13,0.00481782354277982,2.550693205538579e-05,0.0
PYPL,1.0,0.0,0.0,0.0,0.0,0.0,0.0,0.0,0.0,0.0,0.0,0.0,0.0,0.0,0.0,0.0,0.0,0.0,0.0,0.0,0.0,0.0,0.0,0.0,0.0,0.0,0.0,0.0,0.0,0.0,0.0,0.0,0.0,0.0,0.0,0.0,3.148814542441869e-10,0.0,0.0,0.0,0.0,0.0,0.0,0.0,0.0,0.0,0.0,0.0,0.0,0.0,0.0,0.0,0.0,0.0,0.0,0.0,0.0,0.0,0.0,0.0,0.0,0.0,0.0,0.0,0.0,0.0,0.0,0.0,0.0,0.0,0.0,0.0,0.0,0.0,0.0,0.0,0.0,0.0,0.0,4.136291309464468e-09,0.0,0.0,0.0,1.4995560349007064e-09,0.0,0.0,9.779088649963796e-09,4.440892098500626e-14,1.3950840482834792e-09,1.5210055437364645e-11,1.2958017348019268e-05,3.3528735343679728e-12,3.226091560559752e-05,8.881784197001252e-13,0.05794761117408065,5.995204332975845e-13,2.550693205538579e-05,2.4424906541753444e-12,0.00481782354277982,0.0
QCOM,1.0,0.0,0.0,0.0,0.0,0.0,0.0,0.0,0.0,0.0,0.0,0.0,0.0,0.0,0.0,0.0,0.0,0.0,0.0,0.0,0.0,0.0,0.0,0.0,0.0,0.0,0.0,0.0,0.0,0.0,0.0,0.0,0.0,0.0,0.0,0.0,0.0,0.0,0.0,0.0,0.0,0.0,0.0,0.0,0.0,0.0,0.0,0.0,0.0,0.0,0.0,0.0,0.0,0.0,0.0,0.0,0.0,0.0,0.0,0.0,0.0,0.0,0.0,0.0,0.0,0.0,0.0,0.0,0.0,0.0,0.0,0.0,0.0,0.0,0.0,0.0,0.0,0.0,0.0,0.0,0.0,1.3950840482834792e-09,4.136291309464468e-09,0.0,2.4424906541753444e-12,1.5210055437364645e-11,5.995204332975845e-13,3.3528735343679728e-12,8.881784197001252e-13,4.440892098500626e-14,2.550693205538579e-05,0.0,1.4995560349007064e-09,9.779088649963796e-09,3.226091560559752e-05,1.2958017348019268e-05,3.148814542441869e-10,0.00481782354277982,0.05794761117408065,0.0
REGN,1.0,0.0,0.0,0.0,0.0,0.0,0.0,0.0,0.0,0.0,0.0,0.0,0.0,0.0,2.4424906541753444e-12,0.0,0.0,0.0,0.0,0.0,0.0,0.0,0.0,0.0,0.0,0.0,0.0,0.0,0.0,0.0,0.0,0.0,0.0,0.0,0.0,0.0,0.0,1.3950840482834792e-09,0.0,0.0,0.0,0.0,0.0,3.3528735343679728e-12,0.0,0.0,0.0,0.0,0.0,0.0,0.0,0.0,0.0,0.0,8.881784197001252e-13,0.0,0.0,0.0,0.0,0.0,0.0,0.0,0.0,5.995204332975845e-13,0.0,0.0,0.0,0.0,0.0,0.0,0.0,0.0,0.0,0.0,0.0,0.0,0.0,0.0,1.5210055437364645e-11,0.0,4.440892098500626e-14,0.0,0.0,0.0,0.0,0.0,2.550693205538579e-05,1.4995560349007064e-09,0.0,0.0,4.136291309464468e-09,0.0,9.779088649963796e-09,0.0,0.00481782354277982,0.05794761117408065,3.148814542441869e-10,3.226091560559752e-05,1.2958017348019268e-05,0.0
ROP,1.0,0.0,0.0,0.0,0.0,0.0,0.0,0.0,0.0,0.0,0.0,0.0,0.0,0.0,0.0,0.0,1.5210055437364645e-11,0.0,0.0,2.4424906541753444e-12,0.0,0.0,0.0,0.0,0.0,0.0,0.0,0.0,0.0,0.0,0.0,0.0,0.0,0.0,0.0,0.0,0.0,0.0,0.0,0.0,0.0,0.0,1.3950840482834792e-09,0.0,0.0,0.0,0.0,0.0,0.0,0.0,0.0,0.0,4.136291309464468e-09,0.0,0.0,0.0,0.0,0.0,0.0,0.0,0.0,8.881784197001252e-13,0.0,0.0,0.0,0.0,0.0,3.3528735343679728e-12,0.0,0.0,0.0,0.0,0.0,0.0,5.995204332975845e-13,0.0,0.0,0.0,0.0,0.0,0.0,0.0,0.0,0.0,0.0,0.0,0.0,1.4995560349007064e-09,0.0,4.440892098500626e-14,0.0,2.550693205538579e-05,9.779088649963796e-09,0.0,0.00481782354277982,3.226091560559752e-05,1.2958017348019268e-05,3.148814542441869e-10,0.05794761117408065,0.0
ROST,1.0,0.0,0.0,0.0,0.0,0.0,0.0,0.0,0.0,2.4424906541753444e-12,0.0,0.0,0.0,0.0,0.0,0.0,0.0,0.0,0.0,0.0,0.0,0.0,0.0,0.0,0.0,0.0,0.0,0.0,0.0,0.0,0.0,0.0,0.0,0.0,5.995204332975845e-13,0.0,0.0,0.0,0.0,0.0,0.0,0.0,8.881784197001252e-13,0.0,0.0,0.0,0.0,0.0,0.0,0.0,0.0,0.0,0.0,0.0,0.0,0.0,0.0,0.0,1.5210055437364645e-11,0.0,0.0,0.0,0.0,0.0,0.0,0.0,0.0,0.0,0.0,3.3528735343679728e-12,0.0,0.0,0.0,0.0,0.0,0.0,0.0,0.0,1.2958017348019268e-05,3.226091560559752e-05,0.0,0.0,0.0,0.0,1.3950840482834792e-09,0.0,0.00481782354277982,0.0,0.0,0.0,4.136291309464468e-09,0.0,4.440892098500626e-14,2.550693205538579e-05,1.4995560349007064e-09,0.0,9.779088649963796e-09,3.148814542441869e-10,0.05794761117408065,0.0
SBUX,1.0,0.0,0.0,0.0,0.0,0.0,0.0,0.0,0.0,0.0,0.0,0.0,0.0,0.0,0.0,0.0,0.0,0.0,0.0,0.0,0.0,0.0,0.0,0.0,0.0,0.0,0.0,0.0,0.0,0.0,0.0,0.0,0.0,0.0,0.0,0.0,0.0,0.0,0.0,0.0,0.0,0.0,0.0,0.0,0.0,0.0,0.0,0.0,0.0,0.0,0.0,0.0,0.0,0.0,0.0,0.0,0.0,0.0,0.0,0.0,0.0,0.0,0.0,0.0,0.0,0.0,0.0,0.0,0.0,0.0,0.0,0.0,0.0,0.0,0.0,0.0,1.3950840482834792e-09,0.0,0.0,0.0,4.136291309464468e-09,1.4995560349007064e-09,0.0,0.0,3.148814542441869e-10,8.881784197001252e-13,3.3528735343679728e-12,2.4424906541753444e-12,0.0,0.0,4.440892098500626e-14,5.995204332975845e-13,1.5210055437364645e-11,0.05794761117408065,9.779088649963796e-09,2.550693205538579e-05,3.226091560559752e-05,1.2958017348019268e-05,0.00481782354277982,0.0
SNPS,1.0,0.0,0.0,0.0,0.0,0.0,0.0,0.0,0.0,0.0,0.0,0.0,0.0,0.0,0.0,0.0,0.0,0.0,0.0,0.0,0.0,0.0,0.0,0.0,0.0,0.0,0.0,0.0,0.0,0.0,0.0,0.0,0.0,0.0,0.0,0.0,0.0,0.0,0.0,0.0,0.0,0.0,0.0,0.0,0.0,0.0,0.0,0.0,0.0,0.0,0.0,0.0,0.0,0.0,0.0,0.0,0.0,0.0,0.0,1.5210055437364645e-11,0.0,5.995204332975845e-13,8.881784197001252e-13,0.0,0.0,0.0,0.0,0.0,2.4424906541753444e-12,0.0,0.0,0.0,0.0,0.0,0.0,0.0,4.136291309464468e-09,4.440892098500626e-14,0.0,1.3950840482834792e-09,0.0,3.3528735343679728e-12,0.0,0.0,0.0,0.0,0.0,0.0,2.550693205538579e-05,0.0,9.779088649963796e-09,0.0,0.0,1.4995560349007064e-09,1.2958017348019268e-05,3.226091560559752e-05,0.00481782354277982,3.148814542441869e-10,0.05794761117408065,0.0
TEAM,1.0,0.0,0.0,0.0,0.0,0.0,0.0,0.0,0.0,0.0,0.0,0.0,0.0,0.0,0.0,0.0,0.0,0.0,0.0,0.0,0.0,0.0,0.0,0.0,0.0,0.0,0.0,0.0,0.0,0.0,0.0,0.0,0.0,0.0,0.0,0.0,0.0,0.0,0.0,0.0,0.0,0.0,0.0,0.0,0.0,0.0,0.0,0.0,0.0,0.0,0.0,0.0,0.0,0.0,0.0,0.0,0.0,0.0,0.0,0.0,0.0,0.0,0.0,0.0,0.0,0.0,0.0,0.0,0.0,0.0,0.0,0.0,0.0,0.0,3.148814542441869e-10,0.0,0.0,0.0,0.0,0.0,0.0,0.0,3.3528735343679728e-12,4.136291309464468e-09,9.779088649963796e-09,1.4995560349007064e-09,1.3950840482834792e-09,1.2958017348019268e-05,3.226091560559752e-05,0.05794761117408065,1.5210055437364645e-11,0.0,0.0,5.995204332975845e-13,8.881784197001252e-13,2.4424906541753444e-12,4.440892098500626e-14,2.550693205538579e-05,0.00481782354277982,0.0
TMUS,4.440892098500626e-14,0.0,2.550693205538579e-05,0.0,0.0,0.0,0.0,4.136291309464468e-09,0.0,0.0,0.0,1.0,0.0,0.0,0.0,1.4995560349007064e-09,0.0,0.0,0.0,0.0,0.0,0.0,0.0,0.0,0.0,0.0,0.0,0.0,0.0,0.0,0.0,0.0,0.0,0.0,0.0,0.0,0.0,0.0,0.0,0.0,0.0,0.0,0.0,0.0,0.0,0.0,0.0,0.0,0.0,0.0,1.3950840482834792e-09,0.0,3.3528735343679728e-12,0.0,0.0,0.0,0.0,0.0,0.0,0.0,5.995204332975845e-13,0.0,0.0,0.0,0.0,0.0,0.0,0.0,0.0,8.881784197001252e-13,2.4424906541753444e-12,0.0,0.0,0.0,0.0,1.5210055437364645e-11,0.0,0.0,0.0,0.0,0.0,0.0,0.0,0.0,0.0,0.0,0.0,0.0,0.0,0.0,0.0,0.0,0.0,0.0,3.226091560559752e-05,0.05794761117408065,0.00481782354277982,1.2958017348019268e-05,3.148814542441869e-10,9.779088649963796e-09
TSLA,1.0,0.0,0.0,0.0,0.0,0.0,0.0,0.0,0.0,0.0,0.0,0.0,0.0,0.0,0.0,0.0,0.0,0.0,0.0,0.0,0.0,0.0,0.0,1.3950840482834792e-09,0.0,0.0,0.0,0.0,0.0,0.0,0.0,0.0,0.0,0.0,0.0,0.0,0.0,0.0,0.0,0.0,0.0,0.0,0.0,0.0,0.0,0.0,0.0,0.0,0.0,0.0,0.0,0.0,0.0,0.0,0.0,0.0,0.0,0.0,0.0,0.0,0.0,0.0,0.0,0.0,0.0,0.0,0.0,0.0,0.0,0.0,0.0,0.0,0.0,0.0,0.0,0.0,0.0,0.0,0.0,0.0,0.0,0.0,0.0,0.0,4.136291309464468e-09,4.440892098500626e-14,1.4995560349007064e-09,1.5210055437364645e-11,3.3528735343679728e-12,3.148814542441869e-10,5.995204332975845e-13,2.4424906541753444e-12,8.881784197001252e-13,9.779088649963796e-09,2.550693205538579e-05,0.05794761117408065,1.2958017348019268e-05,3.226091560559752e-05,0.00481782354277982,0.0
TTD,1.0,0.0,0.0,0.0,0.0,0.0,0.0,0.0,0.0,0.0,0.0,0.0,1.5210055437364645e-11,0.0,0.0,0.0,0.0,0.0,0.0,0.0,0.0,0.0,0.0,0.0,0.0,0.0,0.0,0.0,0.0,0.0,0.0,0.0,0.0,0.0,0.0,0.0,1.3950840482834792e-09,0.0,0.0,0.0,0.0,0.0,0.0,0.0,0.0,0.0,0.0,0.0,0.0,0.0,0.0,0.0,0.0,0.0,0.0,0.0,0.0,0.0,0.0,0.0,0.0,0.0,8.881784197001252e-13,0.0,0.0,0.0,0.0,0.0,0.0,0.0,2.4424906541753444e-12,0.0,0.0,0.0,0.0,0.0,0.0,0.0,0.0,0.0,0.0,3.3528735343679728e-12,0.0,0.0,0.0,5.995204332975845e-13,0.0,4.136291309464468e-09,4.440892098500626e-14,0.00481782354277982,0.0,2.550693205538579e-05,0.0,1.4995560349007064e-09,9.779088649963796e-09,1.2958017348019268e-05,3.226091560559752e-05,3.148814542441869e-10,0.05794761117408065,0.0
TTWO,1.0,0.0,0.0,0.0,0.0,0.0,0.0,0.0,0.0,0.0,0.0,0.0,0.0,0.0,0.0,0.0,0.0,0.0,0.0,0.0,0.0,0.0,0.0,0.0,0.0,0.0,0.0,0.0,0.0,0.0,0.0,0.0,0.0,0.0,0.0,0.0,0.0,0.0,0.0,0.0,0.0,0.0,0.0,0.0,0.0,0.0,0.0,0.0,0.0,0.0,0.0,0.0,0.0,2.550693205538579e-05,0.0,0.0,0.0,0.0,0.0,0.0,4.136291309464468e-09,0.0,0.0,0.0,0.0,0.0,0.0,0.0,4.440892098500626e-14,8.881784197001252e-13,0.0,0.0,0.0,0.0,0.0,0.0,0.0,0.0,2.4424906541753444e-12,0.0,0.0,0.0,0.0,0.0,1.3950840482834792e-09,0.0,5.995204332975845e-13,0.0,0.0,9.779088649963796e-09,0.0,3.148814542441869e-10,1.4995560349007064e-09,1.5210055437364645e-11,3.226091560559752e-05,1.2958017348019268e-05,0.00481782354277982,0.05794761117408065,3.3528735343679728e-12,0.0
TXN,1.0,0.0,0.0,0.0,0.0,0.0,0.0,0.0,0.0,0.0,0.0,0.0,0.0,0.0,0.0,0.0,0.0,0.0,0.0,0.0,0.0,0.0,0.0,0.0,0.0,0.0,0.0,0.0,0.0,0.0,0.0,0.0,0.0,0.0,0.0,0.0,0.0,0.0,0.0,0.0,0.0,0.0,0.0,0.0,0.0,0.0,0.0,4.136291309464468e-09,0.0,0.0,0.0,0.0,0.0,0.0,0.0,0.0,0.0,0.0,0.0,0.0,0.0,0.0,0.0,0.0,0.0,2.4424906541753444e-12,0.0,0.0,0.0,0.0,8.881784197001252e-13,0.0,0.0,4.440892098500626e-14,0.0,2.550693205538579e-05,0.0,0.0,0.0,0.0,0.0,5.995204332975845e-13,0.0,0.0,0.0,1.3950840482834792e-09,0.0,3.226091560559752e-05,0.0,0.0,9.779088649963796e-09,0.0,1.5210055437364645e-11,3.148814542441869e-10,3.3528735343679728e-12,1.2958017348019268e-05,0.05794761117408065,1.4995560349007064e-09,0.00481782354277982,0.0
VRSK,5.995204332975845e-13,0.0,8.881784197001252e-13,0.0,0.0,2.4424906541753444e-12,0.0,0.0,0.0,0.0,0.0,0.0,0.0,0.0,1.0,0.0,0.0,0.0,0.0,0.0,0.0,0.0,0.0,0.0,0.0,0.0,0.0,0.0,0.0,0.0,0.0,0.0,0.0,0.0,0.0,0.0,0.0,0.0,3.226091560559752e-05,0.0,0.0,0.0,0.0,1.2958017348019268e-05,0.0,0.0,0.0,0.0,0.0,0.0,0.0,0.0,0.0,0.0,0.0,0.0,0.0,0.0,0.0,0.0,0.0,1.3950840482834792e-09,0.0,0.0,0.0,0.0,0.0,0.0,0.0,0.0,0.0,1.4995560349007064e-09,0.0,0.0,9.779088649963796e-09,1.5210055437364645e-11,0.0,0.0,0.0,0.0,0.0,0.0,0.0,4.136291309464468e-09,0.0,0.0,0.0,0.0,0.0,0.0,0.00481782354277982,0.0,0.0,0.0,4.440892098500626e-14,0.0,3.148814542441869e-10,2.550693205538579e-05,0.05794761117408065,3.3528735343679728e-12
VRTX,1.0,0.0,0.0,0.0,0.0,0.0,0.0,0.0,0.0,0.0,0.0,0.0,0.0,0.0,0.0,0.0,0.0,0.0,0.0,0.0,0.0,0.0,0.0,0.0,0.0,0.0,0.0,0.0,0.0,0.0,0.0,0.0,0.0,0.0,0.0,0.0,0.0,0.0,0.0,0.0,0.0,0.0,0.0,0.0,0.0,0.0,0.0,0.0,0.0,0.0,0.0,0.0,0.0,0.0,0.0,0.0,0.0,0.0,0.0,0.0,0.0,0.0,0.0,0.0,0.0,0.0,0.0,0.0,0.0,0.0,0.0,0.0,0.0,0.0,3.148814542441869e-10,0.0,0.0,0.0,0.0,4.136291309464468e-09,0.0,0.0,0.0,4.440892098500626e-14,1.4995560349007064e-09,0.0,8.881784197001252e-13,1.5210055437364645e-11,2.4424906541753444e-12,3.226091560559752e-05,0.0,1.2958017348019268e-05,9.779088649963796e-09,5.995204332975845e-13,3.3528735343679728e-12,2.550693205538579e-05,0.05794761117408065,1.3950840482834792e-09,0.00481782354277982,0.0
WBD,1.0,0.0,0.0,0.0,0.0,0.0,0.0,0.0,0.0,0.0,0.0,0.0,0.0,0.0,0.0,0.0,0.0,0.0,0.0,0.0,0.0,0.0,0.0,0.0,0.0,0.0,0.0,0.0,0.0,0.0,0.0,0.0,0.0,0.0,0.0,3.148814542441869e-10,0.0,0.0,0.0,0.0,0.0,0.0,0.0,0.0,0.0,0.0,0.0,0.0,0.0,0.0,0.0,0.0,0.0,0.0,0.0,0.0,0.0,0.0,0.0,0.0,0.0,0.0,0.0,0.0,0.0,0.0,0.0,0.0,0.0,0.0,0.0,0.0,0.0,0.0,0.0,0.0,0.0,0.0,0.0,0.0,0.0,4.136291309464468e-09,0.0,1.4995560349007064e-09,4.440892098500626e-14,1.2958017348019268e-05,0.0,3.3528735343679728e-12,1.3950840482834792e-09,9.779088649963796e-09,1.5210055437364645e-11,0.0,2.550693205538579e-05,0.05794761117408065,3.226091560559752e-05,5.995204332975845e-13,8.881784197001252e-13,2.4424906541753444e-12,0.00481782354277982,0.0
WDAY,1.0,0.0,0.0,0.0,0.0,0.0,0.0,0.0,0.0,0.0,0.0,0.0,0.0,0.0,0.0,0.0,0.0,0.0,0.0,0.0,0.0,0.0,0.0,0.0,0.0,0.0,0.0,0.0,0.0,0.0,0.0,0.0,0.0,0.0,0.0,0.0,0.0,0.0,0.0,0.0,0.0,0.0,0.0,0.0,0.0,0.0,0.0,0.0,0.0,0.0,0.0,0.0,0.0,0.0,0.0,0.0,0.0,0.0,0.0,0.0,0.0,0.0,0.0,0.0,0.0,0.0,0.0,0.0,0.0,0.0,0.0,0.0,0.0,0.0,0.0,0.0,0.0,0.0,0.0,1.3950840482834792e-09,5.995204332975845e-13,1.5210055437364645e-11,3.3528735343679728e-12,8.881784197001252e-13,0.0,0.0,4.136291309464468e-09,2.4424906541753444e-12,0.0,1.4995560349007064e-09,1.2958017348019268e-05,0.0,4.440892098500626e-14,3.226091560559752e-05,9.779088649963796e-09,2.550693205538579e-05,3.148814542441869e-10,0.00481782354277982,0.05794761117408065,0.0
XEL,1.0,0.0,0.0,0.0,0.0,0.0,0.0,0.0,0.0,0.0,0.0,0.0,0.0,0.0,0.0,0.0,0.0,0.0,0.0,0.0,0.0,0.0,0.0,0.0,0.0,0.0,0.0,0.0,0.0,0.0,0.0,0.0,0.0,0.0,0.0,0.0,0.0,0.0,0.0,0.0,0.0,0.0,0.0,0.0,0.0,0.0,0.0,0.0,0.0,0.0,0.0,0.0,0.0,0.0,0.0,0.0,0.0,0.0,0.0,0.0,0.0,0.0,0.0,0.0,0.0,0.0,0.0,0.0,4.136291309464468e-09,0.0,0.0,0.0,0.0,4.440892098500626e-14,0.0,0.0,0.0,0.0,3.148814542441869e-10,0.0,0.0,8.881784197001252e-13,0.0,1.2958017348019268e-05,0.0,0.0,0.0,3.226091560559752e-05,5.995204332975845e-13,1.3950840482834792e-09,2.4424906541753444e-12,0.0,3.3528735343679728e-12,1.5210055437364645e-11,9.779088649963796e-09,0.05794761117408065,1.4995560349007064e-09,2.550693205538579e-05,0.00481782354277982,0.0
ZS,1.0,0.0,0.0,0.0,0.0,0.0,0.0,0.0,0.0,0.0,0.0,0.0,0.0,0.0,0.0,0.0,0.0,0.0,0.0,0.0,0.0,0.0,0.0,0.0,0.0,0.0,0.0,0.0,0.0,0.0,0.0,0.0,0.0,0.0,0.0,0.0,0.0,0.0,0.0,0.0,0.0,0.0,0.0,0.0,0.0,0.0,0.0,0.0,0.0,0.0,0.0,0.0,0.0,0.0,0.0,0.0,0.0,0.0,0.0,0.0,0.0,0.0,0.0,0.0,0.0,0.0,0.0,0.0,0.0,3.148814542441869e-10,0.0,0.0,0.0,0.0,0.0,0.0,0.0,0.0,0.0,0.0,3.3528735343679728e-12,0.0,4.136291309464468e-09,0.0,9.779088649963796e-09,1.3950840482834792e-09,1.4995560349007064e-09,0.0,0.0,3.226091560559752e-05,1.2958017348019268e-05,0.05794761117408065,1.5210055437364645e-11,5.995204332975845e-13,4.440892098500626e-14,8.881784197001252e-13,2.4424906541753444e-12,2.550693205538579e-05,0.00481782354277982,0.0
